Cloning into 'genproductions'...
Running gridpack generation step ALL
Starting job on  Thu Nov 24 16:23:04 CET 2022
Running on  Linux b7s04p9170.cern.ch 3.10.0-1160.76.1.el7.x86_64 #1 SMP Wed Aug 10 16:21:17 UTC 2022 x86_64 x86_64 x86_64 GNU/Linux
System release  CentOS Linux release 7.9.2009 (Core)
name: WmWpToLpNujj_01j_aTGC_pTW-150toInf_mWV-800toInf_4f_NLO_FXFX
carddir: cards_to_run
queue: local
scram_arch: slc7_amd64_gcc700
cmssw_version: CMSSW_12_4_8
# On branch mg299_VVaTGC
# Changes not staged for commit:
#   (use "git add <file>..." to update what will be committed)
#   (use "git checkout -- <file>..." to discard changes in working directory)
#
#	modified:   gridpack_generation.sh
#
# Untracked files:
#   (use "git add <file>..." to include in what will be committed)
#
#	WmWpToLpNujj_01j_aTGC_pTW-150toInf_mWV-800toInf_4f_NLO_FXFX.log
#	cards_to_run/
no changes added to commit (use "git add" and/or "git commit -a")
Current git revision is:
193b95be58ea02ac91f59b1ee3addad7f07fa144
diff --git a/bin/MadGraph5_aMCatNLO/gridpack_generation.sh b/bin/MadGraph5_aMCatNLO/gridpack_generation.sh
index 6da1464..d623d8b 100755
--- a/bin/MadGraph5_aMCatNLO/gridpack_generation.sh
+++ b/bin/MadGraph5_aMCatNLO/gridpack_generation.sh
@@ -535,7 +535,7 @@ make_gridpack () {
       fi
       echo "done" >> makegrid.dat
 
-      cat makegrid.dat | ./bin/generate_events -n pilotrun
+      cat makegrid.dat | ./bin/generate_events --nb_core=16 -n pilotrun
       # Run this step separately in debug mode since it gives so many problems
       if [ -e $CARDSDIR/${name}_reweight_card.dat ]; then
           echo "preparing reweighting step"
@@ -590,7 +590,7 @@ make_gridpack () {
       echo "done" >> makegrid.dat
     
     #   set +e
-      cat makegrid.dat | ./bin/generate_events pilotrun
+      cat makegrid.dat | ./bin/generate_events --nb_core=16 pilotrun
       echo "finished pilot run"
     
       cd $WORKDIR
/pool/condor/dir_11911/genproductions/bin/MadGraph5_aMCatNLO
WARNING: In non-interactive mode release checks e.g. deprecated releases, production architectures are disabled.
WARNING: In non-interactive mode release checks e.g. deprecated releases, production architectures are disabled.
--2022-11-24 16:23:08--  https://launchpad.net/mg5amcnlo/3.0/3.4.x/+download/MG5_aMC_v2.9.12.tar.gz
Resolving launchpad.net (launchpad.net)... 2620:2d:4000:1001::8003, 2620:2d:4000:1001::8004, 185.125.189.223, ...
Connecting to launchpad.net (launchpad.net)|2620:2d:4000:1001::8003|:443... connected.
HTTP request sent, awaiting response... 303 See Other
Location: https://launchpadlibrarian.net/618931400/MG5_aMC_v2.9.12.tar.gz [following]
--2022-11-24 16:23:08--  https://launchpadlibrarian.net/618931400/MG5_aMC_v2.9.12.tar.gz
Resolving launchpadlibrarian.net (launchpadlibrarian.net)... 2620:2d:4000:1001::8007, 2620:2d:4000:1001::8008, 185.125.189.228, ...
Connecting to launchpadlibrarian.net (launchpadlibrarian.net)|2620:2d:4000:1001::8007|:443... connected.
HTTP request sent, awaiting response... 200 OK
Length: 26567366 (25M) [application/x-tar]
Saving to: 'MG5_aMC_v2.9.12.tar.gz'

     0K .......... .......... .......... .......... ..........  0% 1.46M 17s
    50K .......... .......... .......... .......... ..........  0% 7.45M 10s
   100K .......... .......... .......... .......... ..........  0% 4.15M 9s
   150K .......... .......... .......... .......... ..........  0% 6.66M 8s
   200K .......... .......... .......... .......... ..........  0% 7.65M 7s
   250K .......... .......... .......... .......... ..........  1% 11.0M 6s
   300K .......... .......... .......... .......... ..........  1% 13.0M 5s
   350K .......... .......... .......... .......... ..........  1% 14.4M 5s
   400K .......... .......... .......... .......... ..........  1% 16.0M 5s
   450K .......... .......... .......... .......... ..........  1% 16.0M 4s
   500K .......... .......... .......... .......... ..........  2% 20.7M 4s
   550K .......... .......... .......... .......... ..........  2% 26.9M 4s
   600K .......... .......... .......... .......... ..........  2% 20.1M 3s
   650K .......... .......... .......... .......... ..........  2% 27.4M 3s
   700K .......... .......... .......... .......... ..........  2% 20.6M 3s
   750K .......... .......... .......... .......... ..........  3% 37.4M 3s
   800K .......... .......... .......... .......... ..........  3% 29.2M 3s
   850K .......... .......... .......... .......... ..........  3% 29.9M 3s
   900K .......... .......... .......... .......... ..........  3% 51.3M 3s
   950K .......... .......... .......... .......... ..........  3% 31.9M 3s
  1000K .......... .......... .......... .......... ..........  4% 36.8M 2s
  1050K .......... .......... .......... .......... ..........  4% 38.7M 2s
  1100K .......... .......... .......... .......... ..........  4% 77.6M 2s
  1150K .......... .......... .......... .......... ..........  4% 36.4M 2s
  1200K .......... .......... .......... .......... ..........  4% 39.7M 2s
  1250K .......... .......... .......... .......... ..........  5% 48.4M 2s
  1300K .......... .......... .......... .......... ..........  5%  118M 2s
  1350K .......... .......... .......... .......... ..........  5% 40.3M 2s
  1400K .......... .......... .......... .......... ..........  5% 42.9M 2s
  1450K .......... .......... .......... .......... ..........  5% 56.3M 2s
  1500K .......... .......... .......... .......... ..........  5%  124M 2s
  1550K .......... .......... .......... .......... ..........  6% 59.4M 2s
  1600K .......... .......... .......... .......... ..........  6% 50.6M 2s
  1650K .......... .......... .......... .......... ..........  6% 28.3M 2s
  1700K .......... .......... .......... .......... ..........  6%  177M 2s
  1750K .......... .......... .......... .......... ..........  6%  144M 2s
  1800K .......... .......... .......... .......... ..........  7% 56.1M 2s
  1850K .......... .......... .......... .......... ..........  7% 69.5M 1s
  1900K .......... .......... .......... .......... ..........  7% 62.9M 1s
  1950K .......... .......... .......... .......... ..........  7% 71.1M 1s
  2000K .......... .......... .......... .......... ..........  7%  182M 1s
  2050K .......... .......... .......... .......... ..........  8% 68.6M 1s
  2100K .......... .......... .......... .......... ..........  8% 76.4M 1s
  2150K .......... .......... .......... .......... ..........  8%  111M 1s
  2200K .......... .......... .......... .......... ..........  8% 64.3M 1s
  2250K .......... .......... .......... .......... ..........  8%  303M 1s
  2300K .......... .......... .......... .......... ..........  9% 83.9M 1s
  2350K .......... .......... .......... .......... ..........  9% 78.9M 1s
  2400K .......... .......... .......... .......... ..........  9% 74.4M 1s
  2450K .......... .......... .......... .......... ..........  9% 93.6M 1s
  2500K .......... .......... .......... .......... ..........  9%  244M 1s
  2550K .......... .......... .......... .......... .......... 10% 98.3M 1s
  2600K .......... .......... .......... .......... .......... 10% 87.4M 1s
  2650K .......... .......... .......... .......... .......... 10% 95.7M 1s
  2700K .......... .......... .......... .......... .......... 10%  104M 1s
  2750K .......... .......... .......... .......... .......... 10%  148M 1s
  2800K .......... .......... .......... .......... .......... 10% 98.3M 1s
  2850K .......... .......... .......... .......... .......... 11% 94.0M 1s
  2900K .......... .......... .......... .......... .......... 11% 88.0M 1s
  2950K .......... .......... .......... .......... .......... 11%  159M 1s
  3000K .......... .......... .......... .......... .......... 11%  102M 1s
  3050K .......... .......... .......... .......... .......... 11%  194M 1s
  3100K .......... .......... .......... .......... .......... 12% 83.1M 1s
  3150K .......... .......... .......... .......... .......... 12%  152M 1s
  3200K .......... .......... .......... .......... .......... 12%  124M 1s
  3250K .......... .......... .......... .......... .......... 12% 63.0M 1s
  3300K .......... .......... .......... .......... .......... 12%  148M 1s
  3350K .......... .......... .......... .......... .......... 13%  116M 1s
  3400K .......... .......... .......... .......... .......... 13%  179M 1s
  3450K .......... .......... .......... .......... .......... 13%  134M 1s
  3500K .......... .......... .......... .......... .......... 13%  201M 1s
  3550K .......... .......... .......... .......... .......... 13%  146M 1s
  3600K .......... .......... .......... .......... .......... 14%  106M 1s
  3650K .......... .......... .......... .......... .......... 14%  154M 1s
  3700K .......... .......... .......... .......... .......... 14%  105M 1s
  3750K .......... .......... .......... .......... .......... 14%  212M 1s
  3800K .......... .......... .......... .......... .......... 14%  109M 1s
  3850K .......... .......... .......... .......... .......... 15%  214M 1s
  3900K .......... .......... .......... .......... .......... 15%  166M 1s
  3950K .......... .......... .......... .......... .......... 15%  134M 1s
  4000K .......... .......... .......... .......... .......... 15%  140M 1s
  4050K .......... .......... .......... .......... .......... 15%  191M 1s
  4100K .......... .......... .......... .......... .......... 15%  166M 1s
  4150K .......... .......... .......... .......... .......... 16%  154M 1s
  4200K .......... .......... .......... .......... .......... 16%  179M 1s
  4250K .......... .......... .......... .......... .......... 16%  225M 1s
  4300K .......... .......... .......... .......... .......... 16%  175M 1s
  4350K .......... .......... .......... .......... .......... 16%  137M 1s
  4400K .......... .......... .......... .......... .......... 17%  194M 1s
  4450K .......... .......... .......... .......... .......... 17%  154M 1s
  4500K .......... .......... .......... .......... .......... 17%  162M 1s
  4550K .......... .......... .......... .......... .......... 17%  187M 1s
  4600K .......... .......... .......... .......... .......... 17%  210M 1s
  4650K .......... .......... .......... .......... .......... 18%  140M 1s
  4700K .......... .......... .......... .......... .......... 18%  174M 1s
  4750K .......... .......... .......... .......... .......... 18%  198M 1s
  4800K .......... .......... .......... .......... .......... 18%  161M 1s
  4850K .......... .......... .......... .......... .......... 18%  306M 1s
  4900K .......... .......... .......... .......... .......... 19%  251M 1s
  4950K .......... .......... .......... .......... .......... 19%  149M 1s
  5000K .......... .......... .......... .......... .......... 19%  161M 1s
  5050K .......... .......... .......... .......... .......... 19%  189M 1s
  5100K .......... .......... .......... .......... .......... 19%  291M 1s
  5150K .......... .......... .......... .......... .......... 20%  196M 1s
  5200K .......... .......... .......... .......... .......... 20%  139M 1s
  5250K .......... .......... .......... .......... .......... 20%  189M 1s
  5300K .......... .......... .......... .......... .......... 20%  224M 1s
  5350K .......... .......... .......... .......... .......... 20%  295M 1s
  5400K .......... .......... .......... .......... .......... 21%  172M 1s
  5450K .......... .......... .......... .......... .......... 21%  217M 1s
  5500K .......... .......... .......... .......... .......... 21%  239M 1s
  5550K .......... .......... .......... .......... .......... 21%  250M 1s
  5600K .......... .......... .......... .......... .......... 21%  217M 1s
  5650K .......... .......... .......... .......... .......... 21%  208M 1s
  5700K .......... .......... .......... .......... .......... 22%  269M 1s
  5750K .......... .......... .......... .......... .......... 22%  233M 1s
  5800K .......... .......... .......... .......... .......... 22%  194M 1s
  5850K .......... .......... .......... .......... .......... 22%  198M 0s
  5900K .......... .......... .......... .......... .......... 22%  211M 0s
  5950K .......... .......... .......... .......... .......... 23%  226M 0s
  6000K .......... .......... .......... .......... .......... 23%  211M 0s
  6050K .......... .......... .......... .......... .......... 23%  271M 0s
  6100K .......... .......... .......... .......... .......... 23%  306M 0s
  6150K .......... .......... .......... .......... .......... 23% 99.9M 0s
  6200K .......... .......... .......... .......... .......... 24% 16.2M 0s
  6250K .......... .......... .......... .......... .......... 24%  186M 0s
  6300K .......... .......... .......... .......... .......... 24%  228M 0s
  6350K .......... .......... .......... .......... .......... 24%  222M 0s
  6400K .......... .......... .......... .......... .......... 24%  211M 0s
  6450K .......... .......... .......... .......... .......... 25%  252M 0s
  6500K .......... .......... .......... .......... .......... 25%  273M 0s
  6550K .......... .......... .......... .......... .......... 25%  282M 0s
  6600K .......... .......... .......... .......... .......... 25%  228M 0s
  6650K .......... .......... .......... .......... .......... 25%  228M 0s
  6700K .......... .......... .......... .......... .......... 26%  232M 0s
  6750K .......... .......... .......... .......... .......... 26%  258M 0s
  6800K .......... .......... .......... .......... .......... 26%  260M 0s
  6850K .......... .......... .......... .......... .......... 26%  256M 0s
  6900K .......... .......... .......... .......... .......... 26%  223M 0s
  6950K .......... .......... .......... .......... .......... 26%  284M 0s
  7000K .......... .......... .......... .......... .......... 27%  209M 0s
  7050K .......... .......... .......... .......... .......... 27%  263M 0s
  7100K .......... .......... .......... .......... .......... 27%  268M 0s
  7150K .......... .......... .......... .......... .......... 27%  269M 0s
  7200K .......... .......... .......... .......... .......... 27%  244M 0s
  7250K .......... .......... .......... .......... .......... 28%  123M 0s
  7300K .......... .......... .......... .......... .......... 28%  304M 0s
  7350K .......... .......... .......... .......... .......... 28%  133M 0s
  7400K .......... .......... .......... .......... .......... 28% 92.0M 0s
  7450K .......... .......... .......... .......... .......... 28%  246M 0s
  7500K .......... .......... .......... .......... .......... 29%  235M 0s
  7550K .......... .......... .......... .......... .......... 29%  276M 0s
  7600K .......... .......... .......... .......... .......... 29%  147M 0s
  7650K .......... .......... .......... .......... .......... 29%  147M 0s
  7700K .......... .......... .......... .......... .......... 29%  283M 0s
  7750K .......... .......... .......... .......... .......... 30%  180M 0s
  7800K .......... .......... .......... .......... .......... 30%  123M 0s
  7850K .......... .......... .......... .......... .......... 30%  208M 0s
  7900K .......... .......... .......... .......... .......... 30%  262M 0s
  7950K .......... .......... .......... .......... .......... 30%  277M 0s
  8000K .......... .......... .......... .......... .......... 31% 26.5M 0s
  8050K .......... .......... .......... .......... .......... 31%  155M 0s
  8100K .......... .......... .......... .......... .......... 31%  267M 0s
  8150K .......... .......... .......... .......... .......... 31%  239M 0s
  8200K .......... .......... .......... .......... .......... 31%  266M 0s
  8250K .......... .......... .......... .......... .......... 31%  253M 0s
  8300K .......... .......... .......... .......... .......... 32%  298M 0s
  8350K .......... .......... .......... .......... .......... 32%  250M 0s
  8400K .......... .......... .......... .......... .......... 32%  206M 0s
  8450K .......... .......... .......... .......... .......... 32%  255M 0s
  8500K .......... .......... .......... .......... .......... 32%  199M 0s
  8550K .......... .......... .......... .......... .......... 33%  231M 0s
  8600K .......... .......... .......... .......... .......... 33%  238M 0s
  8650K .......... .......... .......... .......... .......... 33%  272M 0s
  8700K .......... .......... .......... .......... .......... 33%  299M 0s
  8750K .......... .......... .......... .......... .......... 33%  278M 0s
  8800K .......... .......... .......... .......... .......... 34%  248M 0s
  8850K .......... .......... .......... .......... .......... 34%  316M 0s
  8900K .......... .......... .......... .......... .......... 34%  257M 0s
  8950K .......... .......... .......... .......... .......... 34%  278M 0s
  9000K .......... .......... .......... .......... .......... 34%  232M 0s
  9050K .......... .......... .......... .......... .......... 35%  293M 0s
  9100K .......... .......... .......... .......... .......... 35%  345M 0s
  9150K .......... .......... .......... .......... .......... 35%  289M 0s
  9200K .......... .......... .......... .......... .......... 35% 18.9M 0s
  9250K .......... .......... .......... .......... .......... 35%  176M 0s
  9300K .......... .......... .......... .......... .......... 36%  229M 0s
  9350K .......... .......... .......... .......... .......... 36%  273M 0s
  9400K .......... .......... .......... .......... .......... 36%  240M 0s
  9450K .......... .......... .......... .......... .......... 36%  308M 0s
  9500K .......... .......... .......... .......... .......... 36%  122M 0s
  9550K .......... .......... .......... .......... .......... 37%  273M 0s
  9600K .......... .......... .......... .......... .......... 37%  263M 0s
  9650K .......... .......... .......... .......... .......... 37%  214M 0s
  9700K .......... .......... .......... .......... .......... 37%  263M 0s
  9750K .......... .......... .......... .......... .......... 37%  233M 0s
  9800K .......... .......... .......... .......... .......... 37%  240M 0s
  9850K .......... .......... .......... .......... .......... 38%  311M 0s
  9900K .......... .......... .......... .......... .......... 38%  268M 0s
  9950K .......... .......... .......... .......... .......... 38%  289M 0s
 10000K .......... .......... .......... .......... .......... 38% 23.8M 0s
 10050K .......... .......... .......... .......... .......... 38%  224M 0s
 10100K .......... .......... .......... .......... .......... 39%  260M 0s
 10150K .......... .......... .......... .......... .......... 39%  211M 0s
 10200K .......... .......... .......... .......... .......... 39%  204M 0s
 10250K .......... .......... .......... .......... .......... 39%  206M 0s
 10300K .......... .......... .......... .......... .......... 39%  253M 0s
 10350K .......... .......... .......... .......... .......... 40%  256M 0s
 10400K .......... .......... .......... .......... .......... 40%  227M 0s
 10450K .......... .......... .......... .......... .......... 40%  281M 0s
 10500K .......... .......... .......... .......... .......... 40%  260M 0s
 10550K .......... .......... .......... .......... .......... 40%  258M 0s
 10600K .......... .......... .......... .......... .......... 41%  272M 0s
 10650K .......... .......... .......... .......... .......... 41%  255M 0s
 10700K .......... .......... .......... .......... .......... 41%  274M 0s
 10750K .......... .......... .......... .......... .......... 41%  247M 0s
 10800K .......... .......... .......... .......... .......... 41%  259M 0s
 10850K .......... .......... .......... .......... .......... 42%  299M 0s
 10900K .......... .......... .......... .......... .......... 42%  277M 0s
 10950K .......... .......... .......... .......... .......... 42%  304M 0s
 11000K .......... .......... .......... .......... .......... 42%  250M 0s
 11050K .......... .......... .......... .......... .......... 42% 38.5M 0s
 11100K .......... .......... .......... .......... .......... 42%  177M 0s
 11150K .......... .......... .......... .......... .......... 43%  233M 0s
 11200K .......... .......... .......... .......... .......... 43%  199M 0s
 11250K .......... .......... .......... .......... .......... 43%  220M 0s
 11300K .......... .......... .......... .......... .......... 43%  260M 0s
 11350K .......... .......... .......... .......... .......... 43%  234M 0s
 11400K .......... .......... .......... .......... .......... 44%  209M 0s
 11450K .......... .......... .......... .......... .......... 44%  211M 0s
 11500K .......... .......... .......... .......... .......... 44%  204M 0s
 11550K .......... .......... .......... .......... .......... 44%  259M 0s
 11600K .......... .......... .......... .......... .......... 44%  268M 0s
 11650K .......... .......... .......... .......... .......... 45%  255M 0s
 11700K .......... .......... .......... .......... .......... 45%  233M 0s
 11750K .......... .......... .......... .......... .......... 45%  291M 0s
 11800K .......... .......... .......... .......... .......... 45% 13.8M 0s
 11850K .......... .......... .......... .......... .......... 45%  233M 0s
 11900K .......... .......... .......... .......... .......... 46%  250M 0s
 11950K .......... .......... .......... .......... .......... 46%  261M 0s
 12000K .......... .......... .......... .......... .......... 46%  202M 0s
 12050K .......... .......... .......... .......... .......... 46%  250M 0s
 12100K .......... .......... .......... .......... .......... 46%  306M 0s
 12150K .......... .......... .......... .......... .......... 47%  238M 0s
 12200K .......... .......... .......... .......... .......... 47%  248M 0s
 12250K .......... .......... .......... .......... .......... 47%  210M 0s
 12300K .......... .......... .......... .......... .......... 47%  292M 0s
 12350K .......... .......... .......... .......... .......... 47%  256M 0s
 12400K .......... .......... .......... .......... .......... 47%  210M 0s
 12450K .......... .......... .......... .......... .......... 48%  302M 0s
 12500K .......... .......... .......... .......... .......... 48%  232M 0s
 12550K .......... .......... .......... .......... .......... 48%  253M 0s
 12600K .......... .......... .......... .......... .......... 48%  229M 0s
 12650K .......... .......... .......... .......... .......... 48%  278M 0s
 12700K .......... .......... .......... .......... .......... 49%  341M 0s
 12750K .......... .......... .......... .......... .......... 49%  287M 0s
 12800K .......... .......... .......... .......... .......... 49%  324M 0s
 12850K .......... .......... .......... .......... .......... 49%  315M 0s
 12900K .......... .......... .......... .......... .......... 49% 84.2M 0s
 12950K .......... .......... .......... .......... .......... 50%  119M 0s
 13000K .......... .......... .......... .......... .......... 50%  145M 0s
 13050K .......... .......... .......... .......... .......... 50%  172M 0s
 13100K .......... .......... .......... .......... .......... 50%  185M 0s
 13150K .......... .......... .......... .......... .......... 50%  160M 0s
 13200K .......... .......... .......... .......... .......... 51%  171M 0s
 13250K .......... .......... .......... .......... .......... 51%  174M 0s
 13300K .......... .......... .......... .......... .......... 51%  187M 0s
 13350K .......... .......... .......... .......... .......... 51%  167M 0s
 13400K .......... .......... .......... .......... .......... 51%  200M 0s
 13450K .......... .......... .......... .......... .......... 52%  247M 0s
 13500K .......... .......... .......... .......... .......... 52%  245M 0s
 13550K .......... .......... .......... .......... .......... 52%  249M 0s
 13600K .......... .......... .......... .......... .......... 52%  283M 0s
 13650K .......... .......... .......... .......... .......... 52%  247M 0s
 13700K .......... .......... .......... .......... .......... 52%  214M 0s
 13750K .......... .......... .......... .......... .......... 53%  223M 0s
 13800K .......... .......... .......... .......... .......... 53%  248M 0s
 13850K .......... .......... .......... .......... .......... 53%  337M 0s
 13900K .......... .......... .......... .......... .......... 53% 23.9M 0s
 13950K .......... .......... .......... .......... .......... 53%  174M 0s
 14000K .......... .......... .......... .......... .......... 54%  182M 0s
 14050K .......... .......... .......... .......... .......... 54%  189M 0s
 14100K .......... .......... .......... .......... .......... 54%  276M 0s
 14150K .......... .......... .......... .......... .......... 54%  255M 0s
 14200K .......... .......... .......... .......... .......... 54%  246M 0s
 14250K .......... .......... .......... .......... .......... 55%  266M 0s
 14300K .......... .......... .......... .......... .......... 55%  295M 0s
 14350K .......... .......... .......... .......... .......... 55%  248M 0s
 14400K .......... .......... .......... .......... .......... 55%  272M 0s
 14450K .......... .......... .......... .......... .......... 55%  297M 0s
 14500K .......... .......... .......... .......... .......... 56%  280M 0s
 14550K .......... .......... .......... .......... .......... 56%  220M 0s
 14600K .......... .......... .......... .......... .......... 56%  249M 0s
 14650K .......... .......... .......... .......... .......... 56%  269M 0s
 14700K .......... .......... .......... .......... .......... 56%  114M 0s
 14750K .......... .......... .......... .......... .......... 57% 26.0M 0s
 14800K .......... .......... .......... .......... .......... 57%  182M 0s
 14850K .......... .......... .......... .......... .......... 57%  187M 0s
 14900K .......... .......... .......... .......... .......... 57%  152M 0s
 14950K .......... .......... .......... .......... .......... 57% 62.3M 0s
 15000K .......... .......... .......... .......... .......... 58% 34.8M 0s
 15050K .......... .......... .......... .......... .......... 58% 45.0M 0s
 15100K .......... .......... .......... .......... .......... 58% 54.0M 0s
 15150K .......... .......... .......... .......... .......... 58% 93.0M 0s
 15200K .......... .......... .......... .......... .......... 58% 71.4M 0s
 15250K .......... .......... .......... .......... .......... 58% 58.9M 0s
 15300K .......... .......... .......... .......... .......... 59% 81.7M 0s
 15350K .......... .......... .......... .......... .......... 59%  183M 0s
 15400K .......... .......... .......... .......... .......... 59% 37.2M 0s
 15450K .......... .......... .......... .......... .......... 59%  168M 0s
 15500K .......... .......... .......... .......... .......... 59%  256M 0s
 15550K .......... .......... .......... .......... .......... 60%  124M 0s
 15600K .......... .......... .......... .......... .......... 60%  255M 0s
 15650K .......... .......... .......... .......... .......... 60%  182M 0s
 15700K .......... .......... .......... .......... .......... 60%  192M 0s
 15750K .......... .......... .......... .......... .......... 60%  162M 0s
 15800K .......... .......... .......... .......... .......... 61%  116M 0s
 15850K .......... .......... .......... .......... .......... 61%  134M 0s
 15900K .......... .......... .......... .......... .......... 61%  194M 0s
 15950K .......... .......... .......... .......... .......... 61%  272M 0s
 16000K .......... .......... .......... .......... .......... 61% 97.8M 0s
 16050K .......... .......... .......... .......... .......... 62% 80.8M 0s
 16100K .......... .......... .......... .......... .......... 62%  116M 0s
 16150K .......... .......... .......... .......... .......... 62%  172M 0s
 16200K .......... .......... .......... .......... .......... 62%  186M 0s
 16250K .......... .......... .......... .......... .......... 62% 39.7M 0s
 16300K .......... .......... .......... .......... .......... 63%  123M 0s
 16350K .......... .......... .......... .......... .......... 63% 77.7M 0s
 16400K .......... .......... .......... .......... .......... 63%  150M 0s
 16450K .......... .......... .......... .......... .......... 63%  168M 0s
 16500K .......... .......... .......... .......... .......... 63% 89.7M 0s
 16550K .......... .......... .......... .......... .......... 63%  144M 0s
 16600K .......... .......... .......... .......... .......... 64%  139M 0s
 16650K .......... .......... .......... .......... .......... 64%  166M 0s
 16700K .......... .......... .......... .......... .......... 64% 57.3M 0s
 16750K .......... .......... .......... .......... .......... 64% 85.8M 0s
 16800K .......... .......... .......... .......... .......... 64% 66.5M 0s
 16850K .......... .......... .......... .......... .......... 65% 50.2M 0s
 16900K .......... .......... .......... .......... .......... 65%  194M 0s
 16950K .......... .......... .......... .......... .......... 65% 77.8M 0s
 17000K .......... .......... .......... .......... .......... 65%  118M 0s
 17050K .......... .......... .......... .......... .......... 65% 83.0M 0s
 17100K .......... .......... .......... .......... .......... 66%  137M 0s
 17150K .......... .......... .......... .......... .......... 66% 62.9M 0s
 17200K .......... .......... .......... .......... .......... 66% 51.1M 0s
 17250K .......... .......... .......... .......... .......... 66%  183M 0s
 17300K .......... .......... .......... .......... .......... 66% 80.7M 0s
 17350K .......... .......... .......... .......... .......... 67%  133M 0s
 17400K .......... .......... .......... .......... .......... 67% 61.2M 0s
 17450K .......... .......... .......... .......... .......... 67%  231M 0s
 17500K .......... .......... .......... .......... .......... 67% 46.1M 0s
 17550K .......... .......... .......... .......... .......... 67% 83.5M 0s
 17600K .......... .......... .......... .......... .......... 68%  228M 0s
 17650K .......... .......... .......... .......... .......... 68%  145M 0s
 17700K .......... .......... .......... .......... .......... 68%  122M 0s
 17750K .......... .......... .......... .......... .......... 68% 58.5M 0s
 17800K .......... .......... .......... .......... .......... 68%  181M 0s
 17850K .......... .......... .......... .......... .......... 68%  114M 0s
 17900K .......... .......... .......... .......... .......... 69% 51.6M 0s
 17950K .......... .......... .......... .......... .......... 69% 31.9M 0s
 18000K .......... .......... .......... .......... .......... 69%  163M 0s
 18050K .......... .......... .......... .......... .......... 69%  201M 0s
 18100K .......... .......... .......... .......... .......... 69%  111M 0s
 18150K .......... .......... .......... .......... .......... 70% 49.7M 0s
 18200K .......... .......... .......... .......... .......... 70%  144M 0s
 18250K .......... .......... .......... .......... .......... 70%  233M 0s
 18300K .......... .......... .......... .......... .......... 70%  278M 0s
 18350K .......... .......... .......... .......... .......... 70%  199M 0s
 18400K .......... .......... .......... .......... .......... 71% 91.7M 0s
 18450K .......... .......... .......... .......... .......... 71% 26.8M 0s
 18500K .......... .......... .......... .......... .......... 71%  164M 0s
 18550K .......... .......... .......... .......... .......... 71% 57.0M 0s
 18600K .......... .......... .......... .......... .......... 71%  117M 0s
 18650K .......... .......... .......... .......... .......... 72% 72.3M 0s
 18700K .......... .......... .......... .......... .......... 72%  200M 0s
 18750K .......... .......... .......... .......... .......... 72%  186M 0s
 18800K .......... .......... .......... .......... .......... 72% 91.7M 0s
 18850K .......... .......... .......... .......... .......... 72%  169M 0s
 18900K .......... .......... .......... .......... .......... 73% 75.4M 0s
 18950K .......... .......... .......... .......... .......... 73%  203M 0s
 19000K .......... .......... .......... .......... .......... 73%  143M 0s
 19050K .......... .......... .......... .......... .......... 73%  227M 0s
 19100K .......... .......... .......... .......... .......... 73% 67.8M 0s
 19150K .......... .......... .......... .......... .......... 74%  186M 0s
 19200K .......... .......... .......... .......... .......... 74% 95.9M 0s
 19250K .......... .......... .......... .......... .......... 74% 67.3M 0s
 19300K .......... .......... .......... .......... .......... 74% 86.3M 0s
 19350K .......... .......... .......... .......... .......... 74%  227M 0s
 19400K .......... .......... .......... .......... .......... 74%  151M 0s
 19450K .......... .......... .......... .......... .......... 75% 19.2M 0s
 19500K .......... .......... .......... .......... .......... 75%  234M 0s
 19550K .......... .......... .......... .......... .......... 75% 68.3M 0s
 19600K .......... .......... .......... .......... .......... 75% 77.6M 0s
 19650K .......... .......... .......... .......... .......... 75%  110M 0s
 19700K .......... .......... .......... .......... .......... 76% 27.4M 0s
 19750K .......... .......... .......... .......... .......... 76% 57.1M 0s
 19800K .......... .......... .......... .......... .......... 76% 66.5M 0s
 19850K .......... .......... .......... .......... .......... 76%  102M 0s
 19900K .......... .......... .......... .......... .......... 76%  181M 0s
 19950K .......... .......... .......... .......... .......... 77% 65.6M 0s
 20000K .......... .......... .......... .......... .......... 77% 72.3M 0s
 20050K .......... .......... .......... .......... .......... 77% 43.7M 0s
 20100K .......... .......... .......... .......... .......... 77%  113M 0s
 20150K .......... .......... .......... .......... .......... 77%  133M 0s
 20200K .......... .......... .......... .......... .......... 78% 87.5M 0s
 20250K .......... .......... .......... .......... .......... 78% 86.8M 0s
 20300K .......... .......... .......... .......... .......... 78%  152M 0s
 20350K .......... .......... .......... .......... .......... 78% 71.7M 0s
 20400K .......... .......... .......... .......... .......... 78% 41.6M 0s
 20450K .......... .......... .......... .......... .......... 79% 62.2M 0s
 20500K .......... .......... .......... .......... .......... 79% 89.2M 0s
 20550K .......... .......... .......... .......... .......... 79%  217M 0s
 20600K .......... .......... .......... .......... .......... 79% 77.4M 0s
 20650K .......... .......... .......... .......... .......... 79% 38.6M 0s
 20700K .......... .......... .......... .......... .......... 79% 81.0M 0s
 20750K .......... .......... .......... .......... .......... 80% 90.7M 0s
 20800K .......... .......... .......... .......... .......... 80%  109M 0s
 20850K .......... .......... .......... .......... .......... 80%  149M 0s
 20900K .......... .......... .......... .......... .......... 80% 56.8M 0s
 20950K .......... .......... .......... .......... .......... 80% 77.3M 0s
 21000K .......... .......... .......... .......... .......... 81%  231M 0s
 21050K .......... .......... .......... .......... .......... 81% 50.1M 0s
 21100K .......... .......... .......... .......... .......... 81%  113M 0s
 21150K .......... .......... .......... .......... .......... 81% 78.0M 0s
 21200K .......... .......... .......... .......... .......... 81% 83.9M 0s
 21250K .......... .......... .......... .......... .......... 82% 97.1M 0s
 21300K .......... .......... .......... .......... .......... 82% 26.9M 0s
 21350K .......... .......... .......... .......... .......... 82%  178M 0s
 21400K .......... .......... .......... .......... .......... 82%  114M 0s
 21450K .......... .......... .......... .......... .......... 82%  194M 0s
 21500K .......... .......... .......... .......... .......... 83% 86.2M 0s
 21550K .......... .......... .......... .......... .......... 83% 50.1M 0s
 21600K .......... .......... .......... .......... .......... 83% 31.8M 0s
 21650K .......... .......... .......... .......... .......... 83%  112M 0s
 21700K .......... .......... .......... .......... .......... 83%  205M 0s
 21750K .......... .......... .......... .......... .......... 84% 50.6M 0s
 21800K .......... .......... .......... .......... .......... 84%  106M 0s
 21850K .......... .......... .......... .......... .......... 84% 65.3M 0s
 21900K .......... .......... .......... .......... .......... 84%  132M 0s
 21950K .......... .......... .......... .......... .......... 84%  111M 0s
 22000K .......... .......... .......... .......... .......... 84% 58.2M 0s
 22050K .......... .......... .......... .......... .......... 85%  107M 0s
 22100K .......... .......... .......... .......... .......... 85%  178M 0s
 22150K .......... .......... .......... .......... .......... 85%  133M 0s
 22200K .......... .......... .......... .......... .......... 85% 83.9M 0s
 22250K .......... .......... .......... .......... .......... 85%  124M 0s
 22300K .......... .......... .......... .......... .......... 86% 54.6M 0s
 22350K .......... .......... .......... .......... .......... 86%  111M 0s
 22400K .......... .......... .......... .......... .......... 86% 74.1M 0s
 22450K .......... .......... .......... .......... .......... 86%  132M 0s
 22500K .......... .......... .......... .......... .......... 86%  129M 0s
 22550K .......... .......... .......... .......... .......... 87%  103M 0s
 22600K .......... .......... .......... .......... .......... 87%  170M 0s
 22650K .......... .......... .......... .......... .......... 87% 50.9M 0s
 22700K .......... .......... .......... .......... .......... 87%  237M 0s
 22750K .......... .......... .......... .......... .......... 87%  278M 0s
 22800K .......... .......... .......... .......... .......... 88%  141M 0s
 22850K .......... .......... .......... .......... .......... 88%  159M 0s
 22900K .......... .......... .......... .......... .......... 88%  116M 0s
 22950K .......... .......... .......... .......... .......... 88% 47.1M 0s
 23000K .......... .......... .......... .......... .......... 88%  145M 0s
 23050K .......... .......... .......... .......... .......... 89%  250M 0s
 23100K .......... .......... .......... .......... .......... 89% 85.6M 0s
 23150K .......... .......... .......... .......... .......... 89%  150M 0s
 23200K .......... .......... .......... .......... .......... 89% 71.9M 0s
 23250K .......... .......... .......... .......... .......... 89%  123M 0s
 23300K .......... .......... .......... .......... .......... 89% 86.2M 0s
 23350K .......... .......... .......... .......... .......... 90%  229M 0s
 23400K .......... .......... .......... .......... .......... 90% 63.4M 0s
 23450K .......... .......... .......... .......... .......... 90%  238M 0s
 23500K .......... .......... .......... .......... .......... 90% 76.0M 0s
 23550K .......... .......... .......... .......... .......... 90%  161M 0s
 23600K .......... .......... .......... .......... .......... 91%  224M 0s
 23650K .......... .......... .......... .......... .......... 91%  116M 0s
 23700K .......... .......... .......... .......... .......... 91% 63.3M 0s
 23750K .......... .......... .......... .......... .......... 91%  193M 0s
 23800K .......... .......... .......... .......... .......... 91% 58.5M 0s
 23850K .......... .......... .......... .......... .......... 92%  116M 0s
 23900K .......... .......... .......... .......... .......... 92% 61.7M 0s
 23950K .......... .......... .......... .......... .......... 92% 97.6M 0s
 24000K .......... .......... .......... .......... .......... 92%  119M 0s
 24050K .......... .......... .......... .......... .......... 92% 58.9M 0s
 24100K .......... .......... .......... .......... .......... 93%  140M 0s
 24150K .......... .......... .......... .......... .......... 93%  264M 0s
 24200K .......... .......... .......... .......... .......... 93% 83.7M 0s
 24250K .......... .......... .......... .......... .......... 93%  149M 0s
 24300K .......... .......... .......... .......... .......... 93%  164M 0s
 24350K .......... .......... .......... .......... .......... 94% 81.5M 0s
 24400K .......... .......... .......... .......... .......... 94%  118M 0s
 24450K .......... .......... .......... .......... .......... 94%  188M 0s
 24500K .......... .......... .......... .......... .......... 94% 47.8M 0s
 24550K .......... .......... .......... .......... .......... 94% 50.2M 0s
 24600K .......... .......... .......... .......... .......... 95%  154M 0s
 24650K .......... .......... .......... .......... .......... 95% 65.7M 0s
 24700K .......... .......... .......... .......... .......... 95%  127M 0s
 24750K .......... .......... .......... .......... .......... 95% 69.8M 0s
 24800K .......... .......... .......... .......... .......... 95% 94.0M 0s
 24850K .......... .......... .......... .......... .......... 95% 91.3M 0s
 24900K .......... .......... .......... .......... .......... 96%  145M 0s
 24950K .......... .......... .......... .......... .......... 96%  113M 0s
 25000K .......... .......... .......... .......... .......... 96% 78.5M 0s
 25050K .......... .......... .......... .......... .......... 96% 50.1M 0s
 25100K .......... .......... .......... .......... .......... 96% 63.9M 0s
 25150K .......... .......... .......... .......... .......... 97%  217M 0s
 25200K .......... .......... .......... .......... .......... 97% 69.6M 0s
 25250K .......... .......... .......... .......... .......... 97%  105M 0s
 25300K .......... .......... .......... .......... .......... 97%  190M 0s
 25350K .......... .......... .......... .......... .......... 97%  224M 0s
 25400K .......... .......... .......... .......... .......... 98% 46.7M 0s
 25450K .......... .......... .......... .......... .......... 98%  116M 0s
 25500K .......... .......... .......... .......... .......... 98% 70.2M 0s
 25550K .......... .......... .......... .......... .......... 98% 72.5M 0s
 25600K .......... .......... .......... .......... .......... 98% 71.4M 0s
 25650K .......... .......... .......... .......... .......... 99% 44.7M 0s
 25700K .......... .......... .......... .......... .......... 99%  166M 0s
 25750K .......... .......... .......... .......... .......... 99%  139M 0s
 25800K .......... .......... .......... .......... .......... 99%  120M 0s
 25850K .......... .......... .......... .......... .......... 99%  117M 0s
 25900K .......... .......... .......... .......... ....      100%  248M=0.3s

2022-11-24 16:23:08 (78.1 MB/s) - 'MG5_aMC_v2.9.12.tar.gz' saved [26567366/26567366]

patching file models/loop_qcd_qed_sm/restrict_lepton_masses_no_lepton_yukawas.dat
patching file models/loop_sm/restrict_ckm_no_b_mass.dat
patching file models/sm/restrict_ckm_lepton_masses.dat
patching file models/sm/restrict_ckm_lepton_masses_no_b_mass.dat
patching file models/sm/restrict_ckm_no_b_mass.dat
patching file models/sm/restrict_lepton_masses_no_b_mass.dat
patching file Template/NLO/SubProcesses/MCmasses_PYTHIA8.inc
patching file madgraph/interface/loop_interface.py
patching file madgraph/various/systematics.py
patching file Template/NLO/Source/make_opts.inc
patching file madgraph/iolibs/export_v4.py
patching file madgraph/iolibs/template_files/pdf_opendata.f
patching file madgraph/iolibs/template_files/pdf_wrap_lhapdf.f
patching file madgraph/iolibs/template_files/pdf_wrap_lhapdf.f
patching file madgraph/interface/reweight_interface.py
Hunk #1 succeeded at 2014 (offset 2 lines).
patching file madgraph/interface/common_run_interface.py
patching file Template/LO/SubProcesses/refine.sh
patching file Template/LO/SubProcesses/refine_splitted.sh
patching file Template/LO/SubProcesses/survey.sh
patching file Template/NLO/SubProcesses/ajob_template
patching file Template/NLO/SubProcesses/reweight_xsec_events.local
patching file madgraph/various/misc.py
Hunk #1 succeeded at 472 (offset 2 lines).
patching file madgraph/various/cluster.py
patching file madgraph/interface/reweight_interface.py
Reversed (or previously applied) patch detected!  Assume -R? [n] 
Apply anyway? [n] 
Skipping patch.
1 out of 1 hunk ignored -- saving rejects to file madgraph/interface/reweight_interface.py.rej
patching file madgraph/interface/madgraph_interface.py
Reversed (or previously applied) patch detected!  Assume -R? [n] 
Apply anyway? [n] 
Skipping patch.
1 out of 1 hunk ignored -- saving rejects to file madgraph/interface/madgraph_interface.py.rej
patching file MadSpin/decay.py
Reversed (or previously applied) patch detected!  Assume -R? [n] 
Apply anyway? [n] 
Skipping patch.
1 out of 1 hunk ignored -- saving rejects to file MadSpin/decay.py.rej
patching file madgraph/interface/madgraph_interface.py
Reversed (or previously applied) patch detected!  Assume -R? [n] 
Apply anyway? [n] 
Skipping patch.
1 out of 1 hunk ignored -- saving rejects to file madgraph/interface/madgraph_interface.py.rej
ls: cannot access /pool/condor/dir_11911/genproductions/bin/MadGraph5_aMCatNLO/cards_to_run/WmWpToLpNujj_01j_aTGC_pTW-150toInf_mWV-800toInf_4f_NLO_FXFX*.patch: No such file or directory
************************************************************
*                                                          *
*                     W E L C O M E to                     *
*              M A D G R A P H 5 _ a M C @ N L O           *
*                                                          *
*                                                          *
*                 *                       *                *
*                   *        * *        *                  *
*                     * * * * 5 * * * *                    *
*                   *        * *        *                  *
*                 *                       *                *
*                                                          *
*         VERSION 2.9.12                2022-08-17         *
*                                                          *
*    The MadGraph5_aMC@NLO Development Team - Find us at   *
*    https://server06.fynu.ucl.ac.be/projects/madgraph     *
*                            and                           *
*            http://amcatnlo.web.cern.ch/amcatnlo/         *
*                                                          *
*               Type 'help' for in-line help.              *
*           Type 'tutorial' to learn how MG5 works         *
*    Type 'tutorial aMCatNLO' to learn how aMC@NLO works   *
*    Type 'tutorial MadLoop' to learn how MadLoop works    *
*                                                          *
************************************************************
load MG5 configuration from input/mg5_configuration.txt 
fastjet-config does not seem to correspond to a valid fastjet-config executable (v3+). We will use fjcore instead.
 Please set the 'fastjet'variable to the full (absolute) /PATH/TO/fastjet-config (including fastjet-config).
 MG5_aMC> set fastjet /PATH/TO/fastjet-config

set lhapdf to lhapdf-config
None does not seem to correspond to a valid lhapdf-config executable. 
Please set the 'lhapdf' variable to the (absolute) /PATH/TO/lhapdf-config (including lhapdf-config).
Note that you can still compile and run aMC@NLO with the built-in PDFs
 MG5_aMC> set lhapdf /PATH/TO/lhapdf-config

No valid eps viewer found. Please set in ./input/mg5_configuration.txt
No valid web browser found. Please set in ./input/mg5_configuration.txt
import /pool/condor/dir_11911/genproductions/bin/MadGraph5_aMCatNLO/WmWpToLpNujj_01j_aTGC_pTW-150toInf_mWV-800toInf_4f_NLO_FXFX/WmWpToLpNujj_01j_aTGC_pTW-150toInf_mWV-800toInf_4f_NLO_FXFX_gridpack/work/MG5_aMC_v2_9_12/mgconfigscript
The import format was not given, so we guess it as command
set auto_update 0
set automatic_html_opening False
This option will be the default in any output that you are going to create in this session.
In order to keep this changes permanent please run 'save options'
set auto_convert_model True
save options auto_convert_model
save configuration file to /pool/condor/dir_11911/genproductions/bin/MadGraph5_aMCatNLO/WmWpToLpNujj_01j_aTGC_pTW-150toInf_mWV-800toInf_4f_NLO_FXFX/WmWpToLpNujj_01j_aTGC_pTW-150toInf_mWV-800toInf_4f_NLO_FXFX_gridpack/work/MG5_aMC_v2_9_12/input/mg5_configuration.txt
set lhapdf_py3 /cvmfs/cms.cern.ch/slc7_amd64_gcc10/external/lhapdf/6.4.0-68defff11ffd434c73727d03802bfb85/share/LHAPDF/../../bin/lhapdf-config
set lhapdf to /cvmfs/cms.cern.ch/slc7_amd64_gcc10/external/lhapdf/6.4.0-68defff11ffd434c73727d03802bfb85/share/LHAPDF/../../bin/lhapdf-config
save options lhapdf_py3
save configuration file to /pool/condor/dir_11911/genproductions/bin/MadGraph5_aMCatNLO/WmWpToLpNujj_01j_aTGC_pTW-150toInf_mWV-800toInf_4f_NLO_FXFX/WmWpToLpNujj_01j_aTGC_pTW-150toInf_mWV-800toInf_4f_NLO_FXFX_gridpack/work/MG5_aMC_v2_9_12/input/mg5_configuration.txt
set run_mode 2
This option will be the default in any output that you are going to create in this session.
In order to keep this changes permanent please run 'save options'
save options
The option auto_update is modified [7] but will not be written in the configuration files.
If you want to make this value the default for future session, you can run 'save options --all'
save configuration file to /pool/condor/dir_11911/genproductions/bin/MadGraph5_aMCatNLO/WmWpToLpNujj_01j_aTGC_pTW-150toInf_mWV-800toInf_4f_NLO_FXFX/WmWpToLpNujj_01j_aTGC_pTW-150toInf_mWV-800toInf_4f_NLO_FXFX_gridpack/work/MG5_aMC_v2_9_12/input/mg5_configuration.txt
quit
Loading extra models specified in /pool/condor/dir_11911/genproductions/bin/MadGraph5_aMCatNLO/cards_to_run/WmWpToLpNujj_01j_aTGC_pTW-150toInf_mWV-800toInf_4f_NLO_FXFX_extramodels.dat
Loading extra model EWdim6NLO.tar.gz
--2022-11-24 16:23:12--  https://cms-project-generators.web.cern.ch/cms-project-generators/EWdim6NLO.tar.gz
Resolving cms-project-generators.web.cern.ch (cms-project-generators.web.cern.ch)... 2001:1458:d00:35::100:23d, 188.184.101.152
Connecting to cms-project-generators.web.cern.ch (cms-project-generators.web.cern.ch)|2001:1458:d00:35::100:23d|:443... connected.
HTTP request sent, awaiting response... 200 OK
Length: 36311 (35K) [application/gzip]
Saving to: 'EWdim6NLO.tar.gz'

     0K .......... .......... .......... .....                100% 96.8M=0s

2022-11-24 16:23:12 (96.8 MB/s) - 'EWdim6NLO.tar.gz' saved [36311/36311]

EWdim6NLO/CT_couplings.py
EWdim6NLO/CT_vertices.py
EWdim6NLO/EWdim6NLO.log
EWdim6NLO/__init__.py
EWdim6NLO/coupling_orders.py
EWdim6NLO/couplings.py
EWdim6NLO/decays.py
EWdim6NLO/function_library.py
EWdim6NLO/lorentz.py
EWdim6NLO/object_library.py
EWdim6NLO/parameters.py
EWdim6NLO/particles.py
EWdim6NLO/propagators.py
EWdim6NLO/vertices.py
EWdim6NLO/write_param_card.py
/pool/condor/dir_11911/genproductions/bin/MadGraph5_aMCatNLO/WmWpToLpNujj_01j_aTGC_pTW-150toInf_mWV-800toInf_4f_NLO_FXFX/WmWpToLpNujj_01j_aTGC_pTW-150toInf_mWV-800toInf_4f_NLO_FXFX_gridpack/work
************************************************************
*                                                          *
*                     W E L C O M E to                     *
*              M A D G R A P H 5 _ a M C @ N L O           *
*                                                          *
*                                                          *
*                 *                       *                *
*                   *        * *        *                  *
*                     * * * * 5 * * * *                    *
*                   *        * *        *                  *
*                 *                       *                *
*                                                          *
*         VERSION 2.9.12                2022-08-17         *
*                                                          *
*    The MadGraph5_aMC@NLO Development Team - Find us at   *
*    https://server06.fynu.ucl.ac.be/projects/madgraph     *
*                            and                           *
*            http://amcatnlo.web.cern.ch/amcatnlo/         *
*                                                          *
*               Type 'help' for in-line help.              *
*           Type 'tutorial' to learn how MG5 works         *
*    Type 'tutorial aMCatNLO' to learn how aMC@NLO works   *
*    Type 'tutorial MadLoop' to learn how MadLoop works    *
*                                                          *
************************************************************
load MG5 configuration from MG5_aMC_v2_9_12/input/mg5_configuration.txt 
None does not seem to correspond to a valid fastjet-config executable (v3+). We will use fjcore instead.
 Please set the 'fastjet'variable to the full (absolute) /PATH/TO/fastjet-config (including fastjet-config).
 MG5_aMC> set fastjet /PATH/TO/fastjet-config

set lhapdf to /cvmfs/cms.cern.ch/slc7_amd64_gcc10/external/lhapdf/6.4.0-68defff11ffd434c73727d03802bfb85/share/LHAPDF/../../bin/lhapdf-config
set lhapdf to /cvmfs/cms.cern.ch/slc7_amd64_gcc10/external/lhapdf/6.4.0-68defff11ffd434c73727d03802bfb85/share/LHAPDF/../../bin/lhapdf-config
No valid eps viewer found. Please set in ./input/mg5_configuration.txt
No valid web browser found. Please set in ./input/mg5_configuration.txt
import /pool/condor/dir_11911/genproductions/bin/MadGraph5_aMCatNLO/WmWpToLpNujj_01j_aTGC_pTW-150toInf_mWV-800toInf_4f_NLO_FXFX/WmWpToLpNujj_01j_aTGC_pTW-150toInf_mWV-800toInf_4f_NLO_FXFX_gridpack/work/WmWpToLpNujj_01j_aTGC_pTW-150toInf_mWV-800toInf_4f_NLO_FXFX_proc_card.dat
The import format was not given, so we guess it as command
import model EWdim6NLO-no_cmass_cwwwcbcw
fail to load model but auto_convert_model is on True. Trying to convert the model
convert model /pool/condor/dir_11911/genproductions/bin/MadGraph5_aMCatNLO/WmWpToLpNujj_01j_aTGC_pTW-150toInf_mWV-800toInf_4f_NLO_FXFX/WmWpToLpNujj_01j_aTGC_pTW-150toInf_mWV-800toInf_4f_NLO_FXFX_gridpack/work/MG5_aMC_v2_9_12/models/EWdim6NLO
retry the load of the model
import model EWdim6NLO-no_cmass_cwwwcbcw
INFO: load particles 
INFO: load vertices 
INFO: Restrict model EWdim6NLO-no_cmass_cwwwcbcw with file MG5_aMC_v2_9_12/models/EWdim6NLO/restrict_no_cmass_cwwwcbcw.dat . 
INFO: Run "set stdout_level DEBUG" before import for more information. 
INFO: Change particles name to pass to MG5 convention 
Defined multiparticle p = g u c d s u~ c~ d~ s~
Defined multiparticle j = g u c d s u~ c~ d~ s~
Defined multiparticle l+ = e+ mu+
Defined multiparticle l- = e- mu-
Defined multiparticle vl = ve vm vt
Defined multiparticle vl~ = ve~ vm~ vt~
Defined multiparticle all = g ghg ghg~ u c d s u~ c~ d~ s~ a gha gha~ ve vm vt e- mu- ta- ve~ vm~ vt~ e+ mu+ ta+ t b t~ b~ z w+ ghz ghwp ghwm h w- ghz~ ghwp~ ghwm~
INFO: Change particles name to pass to MG5 convention 
Kept definitions of multiparticles p / j / l+ / l- / vl / vl~ unchanged
Defined multiparticle all = g ghg ghg~ u c d s u~ c~ d~ s~ a gha gha~ ve vm vt e- mu- ta- ve~ vm~ vt~ e+ mu+ ta+ t b t~ b~ z w+ ghz ghwp ghwm h w- ghz~ ghwp~ ghwm~
define j = g u c d s u~ c~ d~ s~
Defined multiparticle j = g u c d s u~ c~ d~ s~
define p = g u c d s u~ c~ d~ s~
Defined multiparticle p = g u c d s u~ c~ d~ s~
define ell+ = e+ mu+ ta+
Defined multiparticle ell+ = e+ mu+ ta+
define ell- = e- mu- ta-
Defined multiparticle ell- = e- mu- ta-
define V = w+ w-
Defined multiparticle v = w+ w-
define vl = ve vm vt
Defined multiparticle vl = ve vm vt
define vl~ = ve~ vm~ vt~
Defined multiparticle vl~ = ve~ vm~ vt~
generate p p > ell+ vl w- $$ t t~ H QED=3 [QCD] @0
[1;34mInterpreting 'QED=3' as 'QED<=3'[0m
INFO: Generating FKS-subtracted matrix elements for born process: u u~ > e+ ve w- NP<=2 QED<=3 [ all = QCD ] $$ t t~ h (1 / 24) 
INFO: Generating FKS-subtracted matrix elements for born process: u u~ > mu+ vm w- NP<=2 QED<=3 [ all = QCD ] $$ t t~ h (2 / 24) 
INFO: Generating FKS-subtracted matrix elements for born process: u u~ > ta+ vt w- NP<=2 QED<=3 [ all = QCD ] $$ t t~ h (3 / 24) 
INFO: Generating FKS-subtracted matrix elements for born process: c c~ > e+ ve w- NP<=2 QED<=3 [ all = QCD ] $$ t t~ h (4 / 24) 
INFO: Generating FKS-subtracted matrix elements for born process: c c~ > mu+ vm w- NP<=2 QED<=3 [ all = QCD ] $$ t t~ h (5 / 24) 
INFO: Generating FKS-subtracted matrix elements for born process: c c~ > ta+ vt w- NP<=2 QED<=3 [ all = QCD ] $$ t t~ h (6 / 24) 
INFO: Generating FKS-subtracted matrix elements for born process: d d~ > e+ ve w- NP<=2 QED<=3 [ all = QCD ] $$ t t~ h (7 / 24) 
INFO: Generating FKS-subtracted matrix elements for born process: d d~ > mu+ vm w- NP<=2 QED<=3 [ all = QCD ] $$ t t~ h (8 / 24) 
INFO: Generating FKS-subtracted matrix elements for born process: d d~ > ta+ vt w- NP<=2 QED<=3 [ all = QCD ] $$ t t~ h (9 / 24) 
INFO: Generating FKS-subtracted matrix elements for born process: s s~ > e+ ve w- NP<=2 QED<=3 [ all = QCD ] $$ t t~ h (10 / 24) 
INFO: Generating FKS-subtracted matrix elements for born process: s s~ > mu+ vm w- NP<=2 QED<=3 [ all = QCD ] $$ t t~ h (11 / 24) 
INFO: Generating FKS-subtracted matrix elements for born process: s s~ > ta+ vt w- NP<=2 QED<=3 [ all = QCD ] $$ t t~ h (12 / 24) 
INFO: Generating FKS-subtracted matrix elements for born process: u~ u > e+ ve w- NP<=2 QED<=3 [ all = QCD ] $$ t t~ h (13 / 24) 
INFO: Generating FKS-subtracted matrix elements for born process: u~ u > mu+ vm w- NP<=2 QED<=3 [ all = QCD ] $$ t t~ h (14 / 24) 
INFO: Generating FKS-subtracted matrix elements for born process: u~ u > ta+ vt w- NP<=2 QED<=3 [ all = QCD ] $$ t t~ h (15 / 24) 
INFO: Generating FKS-subtracted matrix elements for born process: c~ c > e+ ve w- NP<=2 QED<=3 [ all = QCD ] $$ t t~ h (16 / 24) 
INFO: Generating FKS-subtracted matrix elements for born process: c~ c > mu+ vm w- NP<=2 QED<=3 [ all = QCD ] $$ t t~ h (17 / 24) 
INFO: Generating FKS-subtracted matrix elements for born process: c~ c > ta+ vt w- NP<=2 QED<=3 [ all = QCD ] $$ t t~ h (18 / 24) 
INFO: Generating FKS-subtracted matrix elements for born process: d~ d > e+ ve w- NP<=2 QED<=3 [ all = QCD ] $$ t t~ h (19 / 24) 
INFO: Generating FKS-subtracted matrix elements for born process: d~ d > mu+ vm w- NP<=2 QED<=3 [ all = QCD ] $$ t t~ h (20 / 24) 
INFO: Generating FKS-subtracted matrix elements for born process: d~ d > ta+ vt w- NP<=2 QED<=3 [ all = QCD ] $$ t t~ h (21 / 24) 
INFO: Generating FKS-subtracted matrix elements for born process: s~ s > e+ ve w- NP<=2 QED<=3 [ all = QCD ] $$ t t~ h (22 / 24) 
INFO: Generating FKS-subtracted matrix elements for born process: s~ s > mu+ vm w- NP<=2 QED<=3 [ all = QCD ] $$ t t~ h (23 / 24) 
INFO: Generating FKS-subtracted matrix elements for born process: s~ s > ta+ vt w- NP<=2 QED<=3 [ all = QCD ] $$ t t~ h (24 / 24) 
INFO: Generating virtual matrix elements using MadLoop: 
INFO: Generating virtual matrix element with MadLoop for process: u u~ > e+ ve w- NP<=2 QED<=3 [ all = QCD ] $$ t t~ h (1 / 24) 
INFO: Generating virtual matrix elements using MadLoop: 
INFO: Generating virtual matrix element with MadLoop for process: u u~ > mu+ vm w- NP<=2 QED<=3 [ all = QCD ] $$ t t~ h (2 / 24) 
INFO: Generating virtual matrix elements using MadLoop: 
INFO: Generating virtual matrix element with MadLoop for process: u u~ > ta+ vt w- NP<=2 QED<=3 [ all = QCD ] $$ t t~ h (3 / 24) 
INFO: Generating virtual matrix elements using MadLoop: 
INFO: Generating virtual matrix element with MadLoop for process: c c~ > e+ ve w- NP<=2 QED<=3 [ all = QCD ] $$ t t~ h (4 / 24) 
INFO: Generating virtual matrix elements using MadLoop: 
INFO: Generating virtual matrix element with MadLoop for process: c c~ > mu+ vm w- NP<=2 QED<=3 [ all = QCD ] $$ t t~ h (5 / 24) 
INFO: Generating virtual matrix elements using MadLoop: 
INFO: Generating virtual matrix element with MadLoop for process: c c~ > ta+ vt w- NP<=2 QED<=3 [ all = QCD ] $$ t t~ h (6 / 24) 
INFO: Generating virtual matrix elements using MadLoop: 
INFO: Generating virtual matrix element with MadLoop for process: d d~ > e+ ve w- NP<=2 QED<=3 [ all = QCD ] $$ t t~ h (7 / 24) 
INFO: Generating virtual matrix elements using MadLoop: 
INFO: Generating virtual matrix element with MadLoop for process: d d~ > mu+ vm w- NP<=2 QED<=3 [ all = QCD ] $$ t t~ h (8 / 24) 
INFO: Generating virtual matrix elements using MadLoop: 
INFO: Generating virtual matrix element with MadLoop for process: d d~ > ta+ vt w- NP<=2 QED<=3 [ all = QCD ] $$ t t~ h (9 / 24) 
INFO: Generating virtual matrix elements using MadLoop: 
INFO: Generating virtual matrix element with MadLoop for process: s s~ > e+ ve w- NP<=2 QED<=3 [ all = QCD ] $$ t t~ h (10 / 24) 
INFO: Generating virtual matrix elements using MadLoop: 
INFO: Generating virtual matrix element with MadLoop for process: s s~ > mu+ vm w- NP<=2 QED<=3 [ all = QCD ] $$ t t~ h (11 / 24) 
INFO: Generating virtual matrix elements using MadLoop: 
INFO: Generating virtual matrix element with MadLoop for process: s s~ > ta+ vt w- NP<=2 QED<=3 [ all = QCD ] $$ t t~ h (12 / 24) 
INFO: Generating virtual matrix elements using MadLoop: 
INFO: Generating virtual matrix element with MadLoop for process: u~ u > e+ ve w- NP<=2 QED<=3 [ all = QCD ] $$ t t~ h (13 / 24) 
INFO: Generating virtual matrix elements using MadLoop: 
INFO: Generating virtual matrix element with MadLoop for process: u~ u > mu+ vm w- NP<=2 QED<=3 [ all = QCD ] $$ t t~ h (14 / 24) 
INFO: Generating virtual matrix elements using MadLoop: 
INFO: Generating virtual matrix element with MadLoop for process: u~ u > ta+ vt w- NP<=2 QED<=3 [ all = QCD ] $$ t t~ h (15 / 24) 
INFO: Generating virtual matrix elements using MadLoop: 
INFO: Generating virtual matrix element with MadLoop for process: c~ c > e+ ve w- NP<=2 QED<=3 [ all = QCD ] $$ t t~ h (16 / 24) 
INFO: Generating virtual matrix elements using MadLoop: 
INFO: Generating virtual matrix element with MadLoop for process: c~ c > mu+ vm w- NP<=2 QED<=3 [ all = QCD ] $$ t t~ h (17 / 24) 
INFO: Generating virtual matrix elements using MadLoop: 
INFO: Generating virtual matrix element with MadLoop for process: c~ c > ta+ vt w- NP<=2 QED<=3 [ all = QCD ] $$ t t~ h (18 / 24) 
INFO: Generating virtual matrix elements using MadLoop: 
INFO: Generating virtual matrix element with MadLoop for process: d~ d > e+ ve w- NP<=2 QED<=3 [ all = QCD ] $$ t t~ h (19 / 24) 
INFO: Generating virtual matrix elements using MadLoop: 
INFO: Generating virtual matrix element with MadLoop for process: d~ d > mu+ vm w- NP<=2 QED<=3 [ all = QCD ] $$ t t~ h (20 / 24) 
INFO: Generating virtual matrix elements using MadLoop: 
INFO: Generating virtual matrix element with MadLoop for process: d~ d > ta+ vt w- NP<=2 QED<=3 [ all = QCD ] $$ t t~ h (21 / 24) 
INFO: Generating virtual matrix elements using MadLoop: 
INFO: Generating virtual matrix element with MadLoop for process: s~ s > e+ ve w- NP<=2 QED<=3 [ all = QCD ] $$ t t~ h (22 / 24) 
INFO: Generating virtual matrix elements using MadLoop: 
INFO: Generating virtual matrix element with MadLoop for process: s~ s > mu+ vm w- NP<=2 QED<=3 [ all = QCD ] $$ t t~ h (23 / 24) 
INFO: Generating virtual matrix elements using MadLoop: 
INFO: Generating virtual matrix element with MadLoop for process: s~ s > ta+ vt w- NP<=2 QED<=3 [ all = QCD ] $$ t t~ h (24 / 24) 
INFO: Generated 24 subprocesses with 1224 real emission diagrams, 192 born diagrams and 264 virtual diagrams 
add process p p > ell+ vl w- j $$ t t~ H QED=3 [QCD] @1
[1;34mInterpreting 'QED=3' as 'QED<=3'[0m
INFO: Generating FKS-subtracted matrix elements for born process: g u > e+ ve w- u NP<=2 QED<=3 [ all = QCD ] $$ t t~ h @1 (1 / 72) 
INFO: Generating FKS-subtracted matrix elements for born process: g u > mu+ vm w- u NP<=2 QED<=3 [ all = QCD ] $$ t t~ h @1 (2 / 72) 
INFO: Generating FKS-subtracted matrix elements for born process: g u > ta+ vt w- u NP<=2 QED<=3 [ all = QCD ] $$ t t~ h @1 (3 / 72) 
INFO: Generating FKS-subtracted matrix elements for born process: g c > e+ ve w- c NP<=2 QED<=3 [ all = QCD ] $$ t t~ h @1 (4 / 72) 
INFO: Generating FKS-subtracted matrix elements for born process: g c > mu+ vm w- c NP<=2 QED<=3 [ all = QCD ] $$ t t~ h @1 (5 / 72) 
INFO: Generating FKS-subtracted matrix elements for born process: g c > ta+ vt w- c NP<=2 QED<=3 [ all = QCD ] $$ t t~ h @1 (6 / 72) 
INFO: Generating FKS-subtracted matrix elements for born process: g d > e+ ve w- d NP<=2 QED<=3 [ all = QCD ] $$ t t~ h @1 (7 / 72) 
INFO: Generating FKS-subtracted matrix elements for born process: g d > mu+ vm w- d NP<=2 QED<=3 [ all = QCD ] $$ t t~ h @1 (8 / 72) 
INFO: Generating FKS-subtracted matrix elements for born process: g d > ta+ vt w- d NP<=2 QED<=3 [ all = QCD ] $$ t t~ h @1 (9 / 72) 
INFO: Generating FKS-subtracted matrix elements for born process: g s > e+ ve w- s NP<=2 QED<=3 [ all = QCD ] $$ t t~ h @1 (10 / 72) 
INFO: Generating FKS-subtracted matrix elements for born process: g s > mu+ vm w- s NP<=2 QED<=3 [ all = QCD ] $$ t t~ h @1 (11 / 72) 
INFO: Generating FKS-subtracted matrix elements for born process: g s > ta+ vt w- s NP<=2 QED<=3 [ all = QCD ] $$ t t~ h @1 (12 / 72) 
INFO: Generating FKS-subtracted matrix elements for born process: g u~ > e+ ve w- u~ NP<=2 QED<=3 [ all = QCD ] $$ t t~ h @1 (13 / 72) 
INFO: Generating FKS-subtracted matrix elements for born process: g u~ > mu+ vm w- u~ NP<=2 QED<=3 [ all = QCD ] $$ t t~ h @1 (14 / 72) 
INFO: Generating FKS-subtracted matrix elements for born process: g u~ > ta+ vt w- u~ NP<=2 QED<=3 [ all = QCD ] $$ t t~ h @1 (15 / 72) 
INFO: Generating FKS-subtracted matrix elements for born process: g c~ > e+ ve w- c~ NP<=2 QED<=3 [ all = QCD ] $$ t t~ h @1 (16 / 72) 
INFO: Generating FKS-subtracted matrix elements for born process: g c~ > mu+ vm w- c~ NP<=2 QED<=3 [ all = QCD ] $$ t t~ h @1 (17 / 72) 
INFO: Generating FKS-subtracted matrix elements for born process: g c~ > ta+ vt w- c~ NP<=2 QED<=3 [ all = QCD ] $$ t t~ h @1 (18 / 72) 
INFO: Generating FKS-subtracted matrix elements for born process: g d~ > e+ ve w- d~ NP<=2 QED<=3 [ all = QCD ] $$ t t~ h @1 (19 / 72) 
INFO: Generating FKS-subtracted matrix elements for born process: g d~ > mu+ vm w- d~ NP<=2 QED<=3 [ all = QCD ] $$ t t~ h @1 (20 / 72) 
INFO: Generating FKS-subtracted matrix elements for born process: g d~ > ta+ vt w- d~ NP<=2 QED<=3 [ all = QCD ] $$ t t~ h @1 (21 / 72) 
INFO: Generating FKS-subtracted matrix elements for born process: g s~ > e+ ve w- s~ NP<=2 QED<=3 [ all = QCD ] $$ t t~ h @1 (22 / 72) 
INFO: Generating FKS-subtracted matrix elements for born process: g s~ > mu+ vm w- s~ NP<=2 QED<=3 [ all = QCD ] $$ t t~ h @1 (23 / 72) 
INFO: Generating FKS-subtracted matrix elements for born process: g s~ > ta+ vt w- s~ NP<=2 QED<=3 [ all = QCD ] $$ t t~ h @1 (24 / 72) 
INFO: Generating FKS-subtracted matrix elements for born process: u g > e+ ve w- u NP<=2 QED<=3 [ all = QCD ] $$ t t~ h @1 (25 / 72) 
INFO: Generating FKS-subtracted matrix elements for born process: u g > mu+ vm w- u NP<=2 QED<=3 [ all = QCD ] $$ t t~ h @1 (26 / 72) 
INFO: Generating FKS-subtracted matrix elements for born process: u g > ta+ vt w- u NP<=2 QED<=3 [ all = QCD ] $$ t t~ h @1 (27 / 72) 
INFO: Generating FKS-subtracted matrix elements for born process: u u~ > e+ ve w- g NP<=2 QED<=3 [ all = QCD ] $$ t t~ h @1 (28 / 72) 
INFO: Generating FKS-subtracted matrix elements for born process: u u~ > mu+ vm w- g NP<=2 QED<=3 [ all = QCD ] $$ t t~ h @1 (29 / 72) 
INFO: Generating FKS-subtracted matrix elements for born process: u u~ > ta+ vt w- g NP<=2 QED<=3 [ all = QCD ] $$ t t~ h @1 (30 / 72) 
INFO: Generating FKS-subtracted matrix elements for born process: c g > e+ ve w- c NP<=2 QED<=3 [ all = QCD ] $$ t t~ h @1 (31 / 72) 
INFO: Generating FKS-subtracted matrix elements for born process: c g > mu+ vm w- c NP<=2 QED<=3 [ all = QCD ] $$ t t~ h @1 (32 / 72) 
INFO: Generating FKS-subtracted matrix elements for born process: c g > ta+ vt w- c NP<=2 QED<=3 [ all = QCD ] $$ t t~ h @1 (33 / 72) 
INFO: Generating FKS-subtracted matrix elements for born process: c c~ > e+ ve w- g NP<=2 QED<=3 [ all = QCD ] $$ t t~ h @1 (34 / 72) 
INFO: Generating FKS-subtracted matrix elements for born process: c c~ > mu+ vm w- g NP<=2 QED<=3 [ all = QCD ] $$ t t~ h @1 (35 / 72) 
INFO: Generating FKS-subtracted matrix elements for born process: c c~ > ta+ vt w- g NP<=2 QED<=3 [ all = QCD ] $$ t t~ h @1 (36 / 72) 
INFO: Generating FKS-subtracted matrix elements for born process: d g > e+ ve w- d NP<=2 QED<=3 [ all = QCD ] $$ t t~ h @1 (37 / 72) 
INFO: Generating FKS-subtracted matrix elements for born process: d g > mu+ vm w- d NP<=2 QED<=3 [ all = QCD ] $$ t t~ h @1 (38 / 72) 
INFO: Generating FKS-subtracted matrix elements for born process: d g > ta+ vt w- d NP<=2 QED<=3 [ all = QCD ] $$ t t~ h @1 (39 / 72) 
INFO: Generating FKS-subtracted matrix elements for born process: d d~ > e+ ve w- g NP<=2 QED<=3 [ all = QCD ] $$ t t~ h @1 (40 / 72) 
INFO: Generating FKS-subtracted matrix elements for born process: d d~ > mu+ vm w- g NP<=2 QED<=3 [ all = QCD ] $$ t t~ h @1 (41 / 72) 
INFO: Generating FKS-subtracted matrix elements for born process: d d~ > ta+ vt w- g NP<=2 QED<=3 [ all = QCD ] $$ t t~ h @1 (42 / 72) 
INFO: Generating FKS-subtracted matrix elements for born process: s g > e+ ve w- s NP<=2 QED<=3 [ all = QCD ] $$ t t~ h @1 (43 / 72) 
INFO: Generating FKS-subtracted matrix elements for born process: s g > mu+ vm w- s NP<=2 QED<=3 [ all = QCD ] $$ t t~ h @1 (44 / 72) 
INFO: Generating FKS-subtracted matrix elements for born process: s g > ta+ vt w- s NP<=2 QED<=3 [ all = QCD ] $$ t t~ h @1 (45 / 72) 
INFO: Generating FKS-subtracted matrix elements for born process: s s~ > e+ ve w- g NP<=2 QED<=3 [ all = QCD ] $$ t t~ h @1 (46 / 72) 
INFO: Generating FKS-subtracted matrix elements for born process: s s~ > mu+ vm w- g NP<=2 QED<=3 [ all = QCD ] $$ t t~ h @1 (47 / 72) 
INFO: Generating FKS-subtracted matrix elements for born process: s s~ > ta+ vt w- g NP<=2 QED<=3 [ all = QCD ] $$ t t~ h @1 (48 / 72) 
INFO: Generating FKS-subtracted matrix elements for born process: u~ g > e+ ve w- u~ NP<=2 QED<=3 [ all = QCD ] $$ t t~ h @1 (49 / 72) 
INFO: Generating FKS-subtracted matrix elements for born process: u~ g > mu+ vm w- u~ NP<=2 QED<=3 [ all = QCD ] $$ t t~ h @1 (50 / 72) 
INFO: Generating FKS-subtracted matrix elements for born process: u~ g > ta+ vt w- u~ NP<=2 QED<=3 [ all = QCD ] $$ t t~ h @1 (51 / 72) 
INFO: Generating FKS-subtracted matrix elements for born process: u~ u > e+ ve w- g NP<=2 QED<=3 [ all = QCD ] $$ t t~ h @1 (52 / 72) 
INFO: Generating FKS-subtracted matrix elements for born process: u~ u > mu+ vm w- g NP<=2 QED<=3 [ all = QCD ] $$ t t~ h @1 (53 / 72) 
INFO: Generating FKS-subtracted matrix elements for born process: u~ u > ta+ vt w- g NP<=2 QED<=3 [ all = QCD ] $$ t t~ h @1 (54 / 72) 
INFO: Generating FKS-subtracted matrix elements for born process: c~ g > e+ ve w- c~ NP<=2 QED<=3 [ all = QCD ] $$ t t~ h @1 (55 / 72) 
INFO: Generating FKS-subtracted matrix elements for born process: c~ g > mu+ vm w- c~ NP<=2 QED<=3 [ all = QCD ] $$ t t~ h @1 (56 / 72) 
INFO: Generating FKS-subtracted matrix elements for born process: c~ g > ta+ vt w- c~ NP<=2 QED<=3 [ all = QCD ] $$ t t~ h @1 (57 / 72) 
INFO: Generating FKS-subtracted matrix elements for born process: c~ c > e+ ve w- g NP<=2 QED<=3 [ all = QCD ] $$ t t~ h @1 (58 / 72) 
INFO: Generating FKS-subtracted matrix elements for born process: c~ c > mu+ vm w- g NP<=2 QED<=3 [ all = QCD ] $$ t t~ h @1 (59 / 72) 
INFO: Generating FKS-subtracted matrix elements for born process: c~ c > ta+ vt w- g NP<=2 QED<=3 [ all = QCD ] $$ t t~ h @1 (60 / 72) 
INFO: Generating FKS-subtracted matrix elements for born process: d~ g > e+ ve w- d~ NP<=2 QED<=3 [ all = QCD ] $$ t t~ h @1 (61 / 72) 
INFO: Generating FKS-subtracted matrix elements for born process: d~ g > mu+ vm w- d~ NP<=2 QED<=3 [ all = QCD ] $$ t t~ h @1 (62 / 72) 
INFO: Generating FKS-subtracted matrix elements for born process: d~ g > ta+ vt w- d~ NP<=2 QED<=3 [ all = QCD ] $$ t t~ h @1 (63 / 72) 
INFO: Generating FKS-subtracted matrix elements for born process: d~ d > e+ ve w- g NP<=2 QED<=3 [ all = QCD ] $$ t t~ h @1 (64 / 72) 
INFO: Generating FKS-subtracted matrix elements for born process: d~ d > mu+ vm w- g NP<=2 QED<=3 [ all = QCD ] $$ t t~ h @1 (65 / 72) 
INFO: Generating FKS-subtracted matrix elements for born process: d~ d > ta+ vt w- g NP<=2 QED<=3 [ all = QCD ] $$ t t~ h @1 (66 / 72) 
INFO: Generating FKS-subtracted matrix elements for born process: s~ g > e+ ve w- s~ NP<=2 QED<=3 [ all = QCD ] $$ t t~ h @1 (67 / 72) 
INFO: Generating FKS-subtracted matrix elements for born process: s~ g > mu+ vm w- s~ NP<=2 QED<=3 [ all = QCD ] $$ t t~ h @1 (68 / 72) 
INFO: Generating FKS-subtracted matrix elements for born process: s~ g > ta+ vt w- s~ NP<=2 QED<=3 [ all = QCD ] $$ t t~ h @1 (69 / 72) 
INFO: Generating FKS-subtracted matrix elements for born process: s~ s > e+ ve w- g NP<=2 QED<=3 [ all = QCD ] $$ t t~ h @1 (70 / 72) 
INFO: Generating FKS-subtracted matrix elements for born process: s~ s > mu+ vm w- g NP<=2 QED<=3 [ all = QCD ] $$ t t~ h @1 (71 / 72) 
INFO: Generating FKS-subtracted matrix elements for born process: s~ s > ta+ vt w- g NP<=2 QED<=3 [ all = QCD ] $$ t t~ h @1 (72 / 72) 
INFO: Generating virtual matrix elements using MadLoop: 
INFO: Generating virtual matrix element with MadLoop for process: g u > e+ ve w- u NP<=2 QCD<=1 QED<=3 [ all = QCD ] $$ t t~ h @1 (1 / 72) 
INFO: Generating virtual matrix elements using MadLoop: 
INFO: Generating virtual matrix element with MadLoop for process: g u > mu+ vm w- u NP<=2 QCD<=1 QED<=3 [ all = QCD ] $$ t t~ h @1 (2 / 72) 
INFO: Generating virtual matrix elements using MadLoop: 
INFO: Generating virtual matrix element with MadLoop for process: g u > ta+ vt w- u NP<=2 QCD<=1 QED<=3 [ all = QCD ] $$ t t~ h @1 (3 / 72) 
INFO: Generating virtual matrix elements using MadLoop: 
INFO: Generating virtual matrix element with MadLoop for process: g c > e+ ve w- c NP<=2 QCD<=1 QED<=3 [ all = QCD ] $$ t t~ h @1 (4 / 72) 
INFO: Generating virtual matrix elements using MadLoop: 
INFO: Generating virtual matrix element with MadLoop for process: g c > mu+ vm w- c NP<=2 QCD<=1 QED<=3 [ all = QCD ] $$ t t~ h @1 (5 / 72) 
INFO: Generating virtual matrix elements using MadLoop: 
INFO: Generating virtual matrix element with MadLoop for process: g c > ta+ vt w- c NP<=2 QCD<=1 QED<=3 [ all = QCD ] $$ t t~ h @1 (6 / 72) 
INFO: Generating virtual matrix elements using MadLoop: 
INFO: Generating virtual matrix element with MadLoop for process: g d > e+ ve w- d NP<=2 QCD<=1 QED<=3 [ all = QCD ] $$ t t~ h @1 (7 / 72) 
INFO: Generating virtual matrix elements using MadLoop: 
INFO: Generating virtual matrix element with MadLoop for process: g d > mu+ vm w- d NP<=2 QCD<=1 QED<=3 [ all = QCD ] $$ t t~ h @1 (8 / 72) 
INFO: Generating virtual matrix elements using MadLoop: 
INFO: Generating virtual matrix element with MadLoop for process: g d > ta+ vt w- d NP<=2 QCD<=1 QED<=3 [ all = QCD ] $$ t t~ h @1 (9 / 72) 
INFO: Generating virtual matrix elements using MadLoop: 
INFO: Generating virtual matrix element with MadLoop for process: g s > e+ ve w- s NP<=2 QCD<=1 QED<=3 [ all = QCD ] $$ t t~ h @1 (10 / 72) 
INFO: Generating virtual matrix elements using MadLoop: 
INFO: Generating virtual matrix element with MadLoop for process: g s > mu+ vm w- s NP<=2 QCD<=1 QED<=3 [ all = QCD ] $$ t t~ h @1 (11 / 72) 
INFO: Generating virtual matrix elements using MadLoop: 
INFO: Generating virtual matrix element with MadLoop for process: g s > ta+ vt w- s NP<=2 QCD<=1 QED<=3 [ all = QCD ] $$ t t~ h @1 (12 / 72) 
INFO: Generating virtual matrix elements using MadLoop: 
INFO: Generating virtual matrix element with MadLoop for process: g u~ > e+ ve w- u~ NP<=2 QCD<=1 QED<=3 [ all = QCD ] $$ t t~ h @1 (13 / 72) 
INFO: Generating virtual matrix elements using MadLoop: 
INFO: Generating virtual matrix element with MadLoop for process: g u~ > mu+ vm w- u~ NP<=2 QCD<=1 QED<=3 [ all = QCD ] $$ t t~ h @1 (14 / 72) 
INFO: Generating virtual matrix elements using MadLoop: 
INFO: Generating virtual matrix element with MadLoop for process: g u~ > ta+ vt w- u~ NP<=2 QCD<=1 QED<=3 [ all = QCD ] $$ t t~ h @1 (15 / 72) 
INFO: Generating virtual matrix elements using MadLoop: 
INFO: Generating virtual matrix element with MadLoop for process: g c~ > e+ ve w- c~ NP<=2 QCD<=1 QED<=3 [ all = QCD ] $$ t t~ h @1 (16 / 72) 
INFO: Generating virtual matrix elements using MadLoop: 
INFO: Generating virtual matrix element with MadLoop for process: g c~ > mu+ vm w- c~ NP<=2 QCD<=1 QED<=3 [ all = QCD ] $$ t t~ h @1 (17 / 72) 
INFO: Generating virtual matrix elements using MadLoop: 
INFO: Generating virtual matrix element with MadLoop for process: g c~ > ta+ vt w- c~ NP<=2 QCD<=1 QED<=3 [ all = QCD ] $$ t t~ h @1 (18 / 72) 
INFO: Generating virtual matrix elements using MadLoop: 
INFO: Generating virtual matrix element with MadLoop for process: g d~ > e+ ve w- d~ NP<=2 QCD<=1 QED<=3 [ all = QCD ] $$ t t~ h @1 (19 / 72) 
INFO: Generating virtual matrix elements using MadLoop: 
INFO: Generating virtual matrix element with MadLoop for process: g d~ > mu+ vm w- d~ NP<=2 QCD<=1 QED<=3 [ all = QCD ] $$ t t~ h @1 (20 / 72) 
INFO: Generating virtual matrix elements using MadLoop: 
INFO: Generating virtual matrix element with MadLoop for process: g d~ > ta+ vt w- d~ NP<=2 QCD<=1 QED<=3 [ all = QCD ] $$ t t~ h @1 (21 / 72) 
INFO: Generating virtual matrix elements using MadLoop: 
INFO: Generating virtual matrix element with MadLoop for process: g s~ > e+ ve w- s~ NP<=2 QCD<=1 QED<=3 [ all = QCD ] $$ t t~ h @1 (22 / 72) 
INFO: Generating virtual matrix elements using MadLoop: 
INFO: Generating virtual matrix element with MadLoop for process: g s~ > mu+ vm w- s~ NP<=2 QCD<=1 QED<=3 [ all = QCD ] $$ t t~ h @1 (23 / 72) 
INFO: Generating virtual matrix elements using MadLoop: 
INFO: Generating virtual matrix element with MadLoop for process: g s~ > ta+ vt w- s~ NP<=2 QCD<=1 QED<=3 [ all = QCD ] $$ t t~ h @1 (24 / 72) 
INFO: Generating virtual matrix elements using MadLoop: 
INFO: Generating virtual matrix element with MadLoop for process: u g > e+ ve w- u NP<=2 QCD<=1 QED<=3 [ all = QCD ] $$ t t~ h @1 (25 / 72) 
INFO: Generating virtual matrix elements using MadLoop: 
INFO: Generating virtual matrix element with MadLoop for process: u g > mu+ vm w- u NP<=2 QCD<=1 QED<=3 [ all = QCD ] $$ t t~ h @1 (26 / 72) 
INFO: Generating virtual matrix elements using MadLoop: 
INFO: Generating virtual matrix element with MadLoop for process: u g > ta+ vt w- u NP<=2 QCD<=1 QED<=3 [ all = QCD ] $$ t t~ h @1 (27 / 72) 
INFO: Generating virtual matrix elements using MadLoop: 
INFO: Generating virtual matrix element with MadLoop for process: u u~ > e+ ve w- g NP<=2 QCD<=1 QED<=3 [ all = QCD ] $$ t t~ h @1 (28 / 72) 
INFO: Generating virtual matrix elements using MadLoop: 
INFO: Generating virtual matrix element with MadLoop for process: u u~ > mu+ vm w- g NP<=2 QCD<=1 QED<=3 [ all = QCD ] $$ t t~ h @1 (29 / 72) 
INFO: Generating virtual matrix elements using MadLoop: 
INFO: Generating virtual matrix element with MadLoop for process: u u~ > ta+ vt w- g NP<=2 QCD<=1 QED<=3 [ all = QCD ] $$ t t~ h @1 (30 / 72) 
INFO: Generating virtual matrix elements using MadLoop: 
INFO: Generating virtual matrix element with MadLoop for process: c g > e+ ve w- c NP<=2 QCD<=1 QED<=3 [ all = QCD ] $$ t t~ h @1 (31 / 72) 
INFO: Generating virtual matrix elements using MadLoop: 
INFO: Generating virtual matrix element with MadLoop for process: c g > mu+ vm w- c NP<=2 QCD<=1 QED<=3 [ all = QCD ] $$ t t~ h @1 (32 / 72) 
INFO: Generating virtual matrix elements using MadLoop: 
INFO: Generating virtual matrix element with MadLoop for process: c g > ta+ vt w- c NP<=2 QCD<=1 QED<=3 [ all = QCD ] $$ t t~ h @1 (33 / 72) 
INFO: Generating virtual matrix elements using MadLoop: 
INFO: Generating virtual matrix element with MadLoop for process: c c~ > e+ ve w- g NP<=2 QCD<=1 QED<=3 [ all = QCD ] $$ t t~ h @1 (34 / 72) 
INFO: Generating virtual matrix elements using MadLoop: 
INFO: Generating virtual matrix element with MadLoop for process: c c~ > mu+ vm w- g NP<=2 QCD<=1 QED<=3 [ all = QCD ] $$ t t~ h @1 (35 / 72) 
INFO: Generating virtual matrix elements using MadLoop: 
INFO: Generating virtual matrix element with MadLoop for process: c c~ > ta+ vt w- g NP<=2 QCD<=1 QED<=3 [ all = QCD ] $$ t t~ h @1 (36 / 72) 
INFO: Generating virtual matrix elements using MadLoop: 
INFO: Generating virtual matrix element with MadLoop for process: d g > e+ ve w- d NP<=2 QCD<=1 QED<=3 [ all = QCD ] $$ t t~ h @1 (37 / 72) 
INFO: Generating virtual matrix elements using MadLoop: 
INFO: Generating virtual matrix element with MadLoop for process: d g > mu+ vm w- d NP<=2 QCD<=1 QED<=3 [ all = QCD ] $$ t t~ h @1 (38 / 72) 
INFO: Generating virtual matrix elements using MadLoop: 
INFO: Generating virtual matrix element with MadLoop for process: d g > ta+ vt w- d NP<=2 QCD<=1 QED<=3 [ all = QCD ] $$ t t~ h @1 (39 / 72) 
INFO: Generating virtual matrix elements using MadLoop: 
INFO: Generating virtual matrix element with MadLoop for process: d d~ > e+ ve w- g NP<=2 QCD<=1 QED<=3 [ all = QCD ] $$ t t~ h @1 (40 / 72) 
INFO: Generating virtual matrix elements using MadLoop: 
INFO: Generating virtual matrix element with MadLoop for process: d d~ > mu+ vm w- g NP<=2 QCD<=1 QED<=3 [ all = QCD ] $$ t t~ h @1 (41 / 72) 
INFO: Generating virtual matrix elements using MadLoop: 
INFO: Generating virtual matrix element with MadLoop for process: d d~ > ta+ vt w- g NP<=2 QCD<=1 QED<=3 [ all = QCD ] $$ t t~ h @1 (42 / 72) 
INFO: Generating virtual matrix elements using MadLoop: 
INFO: Generating virtual matrix element with MadLoop for process: s g > e+ ve w- s NP<=2 QCD<=1 QED<=3 [ all = QCD ] $$ t t~ h @1 (43 / 72) 
INFO: Generating virtual matrix elements using MadLoop: 
INFO: Generating virtual matrix element with MadLoop for process: s g > mu+ vm w- s NP<=2 QCD<=1 QED<=3 [ all = QCD ] $$ t t~ h @1 (44 / 72) 
INFO: Generating virtual matrix elements using MadLoop: 
INFO: Generating virtual matrix element with MadLoop for process: s g > ta+ vt w- s NP<=2 QCD<=1 QED<=3 [ all = QCD ] $$ t t~ h @1 (45 / 72) 
INFO: Generating virtual matrix elements using MadLoop: 
INFO: Generating virtual matrix element with MadLoop for process: s s~ > e+ ve w- g NP<=2 QCD<=1 QED<=3 [ all = QCD ] $$ t t~ h @1 (46 / 72) 
INFO: Generating virtual matrix elements using MadLoop: 
INFO: Generating virtual matrix element with MadLoop for process: s s~ > mu+ vm w- g NP<=2 QCD<=1 QED<=3 [ all = QCD ] $$ t t~ h @1 (47 / 72) 
INFO: Generating virtual matrix elements using MadLoop: 
INFO: Generating virtual matrix element with MadLoop for process: s s~ > ta+ vt w- g NP<=2 QCD<=1 QED<=3 [ all = QCD ] $$ t t~ h @1 (48 / 72) 
INFO: Generating virtual matrix elements using MadLoop: 
INFO: Generating virtual matrix element with MadLoop for process: u~ g > e+ ve w- u~ NP<=2 QCD<=1 QED<=3 [ all = QCD ] $$ t t~ h @1 (49 / 72) 
INFO: Generating virtual matrix elements using MadLoop: 
INFO: Generating virtual matrix element with MadLoop for process: u~ g > mu+ vm w- u~ NP<=2 QCD<=1 QED<=3 [ all = QCD ] $$ t t~ h @1 (50 / 72) 
INFO: Generating virtual matrix elements using MadLoop: 
INFO: Generating virtual matrix element with MadLoop for process: u~ g > ta+ vt w- u~ NP<=2 QCD<=1 QED<=3 [ all = QCD ] $$ t t~ h @1 (51 / 72) 
INFO: Generating virtual matrix elements using MadLoop: 
INFO: Generating virtual matrix element with MadLoop for process: u~ u > e+ ve w- g NP<=2 QCD<=1 QED<=3 [ all = QCD ] $$ t t~ h @1 (52 / 72) 
INFO: Generating virtual matrix elements using MadLoop: 
INFO: Generating virtual matrix element with MadLoop for process: u~ u > mu+ vm w- g NP<=2 QCD<=1 QED<=3 [ all = QCD ] $$ t t~ h @1 (53 / 72) 
INFO: Generating virtual matrix elements using MadLoop: 
INFO: Generating virtual matrix element with MadLoop for process: u~ u > ta+ vt w- g NP<=2 QCD<=1 QED<=3 [ all = QCD ] $$ t t~ h @1 (54 / 72) 
INFO: Generating virtual matrix elements using MadLoop: 
INFO: Generating virtual matrix element with MadLoop for process: c~ g > e+ ve w- c~ NP<=2 QCD<=1 QED<=3 [ all = QCD ] $$ t t~ h @1 (55 / 72) 
INFO: Generating virtual matrix elements using MadLoop: 
INFO: Generating virtual matrix element with MadLoop for process: c~ g > mu+ vm w- c~ NP<=2 QCD<=1 QED<=3 [ all = QCD ] $$ t t~ h @1 (56 / 72) 
INFO: Generating virtual matrix elements using MadLoop: 
INFO: Generating virtual matrix element with MadLoop for process: c~ g > ta+ vt w- c~ NP<=2 QCD<=1 QED<=3 [ all = QCD ] $$ t t~ h @1 (57 / 72) 
INFO: Generating virtual matrix elements using MadLoop: 
INFO: Generating virtual matrix element with MadLoop for process: c~ c > e+ ve w- g NP<=2 QCD<=1 QED<=3 [ all = QCD ] $$ t t~ h @1 (58 / 72) 
INFO: Generating virtual matrix elements using MadLoop: 
INFO: Generating virtual matrix element with MadLoop for process: c~ c > mu+ vm w- g NP<=2 QCD<=1 QED<=3 [ all = QCD ] $$ t t~ h @1 (59 / 72) 
INFO: Generating virtual matrix elements using MadLoop: 
INFO: Generating virtual matrix element with MadLoop for process: c~ c > ta+ vt w- g NP<=2 QCD<=1 QED<=3 [ all = QCD ] $$ t t~ h @1 (60 / 72) 
INFO: Generating virtual matrix elements using MadLoop: 
INFO: Generating virtual matrix element with MadLoop for process: d~ g > e+ ve w- d~ NP<=2 QCD<=1 QED<=3 [ all = QCD ] $$ t t~ h @1 (61 / 72) 
INFO: Generating virtual matrix elements using MadLoop: 
INFO: Generating virtual matrix element with MadLoop for process: d~ g > mu+ vm w- d~ NP<=2 QCD<=1 QED<=3 [ all = QCD ] $$ t t~ h @1 (62 / 72) 
INFO: Generating virtual matrix elements using MadLoop: 
INFO: Generating virtual matrix element with MadLoop for process: d~ g > ta+ vt w- d~ NP<=2 QCD<=1 QED<=3 [ all = QCD ] $$ t t~ h @1 (63 / 72) 
INFO: Generating virtual matrix elements using MadLoop: 
INFO: Generating virtual matrix element with MadLoop for process: d~ d > e+ ve w- g NP<=2 QCD<=1 QED<=3 [ all = QCD ] $$ t t~ h @1 (64 / 72) 
INFO: Generating virtual matrix elements using MadLoop: 
INFO: Generating virtual matrix element with MadLoop for process: d~ d > mu+ vm w- g NP<=2 QCD<=1 QED<=3 [ all = QCD ] $$ t t~ h @1 (65 / 72) 
INFO: Generating virtual matrix elements using MadLoop: 
INFO: Generating virtual matrix element with MadLoop for process: d~ d > ta+ vt w- g NP<=2 QCD<=1 QED<=3 [ all = QCD ] $$ t t~ h @1 (66 / 72) 
INFO: Generating virtual matrix elements using MadLoop: 
INFO: Generating virtual matrix element with MadLoop for process: s~ g > e+ ve w- s~ NP<=2 QCD<=1 QED<=3 [ all = QCD ] $$ t t~ h @1 (67 / 72) 
INFO: Generating virtual matrix elements using MadLoop: 
INFO: Generating virtual matrix element with MadLoop for process: s~ g > mu+ vm w- s~ NP<=2 QCD<=1 QED<=3 [ all = QCD ] $$ t t~ h @1 (68 / 72) 
INFO: Generating virtual matrix elements using MadLoop: 
INFO: Generating virtual matrix element with MadLoop for process: s~ g > ta+ vt w- s~ NP<=2 QCD<=1 QED<=3 [ all = QCD ] $$ t t~ h @1 (69 / 72) 
INFO: Generating virtual matrix elements using MadLoop: 
INFO: Generating virtual matrix element with MadLoop for process: s~ s > e+ ve w- g NP<=2 QCD<=1 QED<=3 [ all = QCD ] $$ t t~ h @1 (70 / 72) 
INFO: Generating virtual matrix elements using MadLoop: 
INFO: Generating virtual matrix element with MadLoop for process: s~ s > mu+ vm w- g NP<=2 QCD<=1 QED<=3 [ all = QCD ] $$ t t~ h @1 (71 / 72) 
INFO: Generating virtual matrix elements using MadLoop: 
INFO: Generating virtual matrix element with MadLoop for process: s~ s > ta+ vt w- g NP<=2 QCD<=1 QED<=3 [ all = QCD ] $$ t t~ h @1 (72 / 72) 
INFO: Generated 72 subprocesses with 19404 real emission diagrams, 1224 born diagrams and 10872 virtual diagrams 
output WmWpToLpNujj_01j_aTGC_pTW-150toInf_mWV-800toInf_4f_NLO_FXFX -nojpeg
[1mFirst output using loop matrix-elements has been detected. Now asking for loop reduction:[0m
For loop computations, MadLoop requires dedicated tools to perform the reduction of loop Feynman diagrams using OPP-based and/or TIR approaches.

Which one do you want to install? (this needs to be done only once)
1. [34mcuttools  (OPP) [0711.3596]  [0m : will be installed (required)
2. [34miregi     (TIR) [1405.0301]  [0m : will be installed (required)
3. [34mninja     (OPP) [1403.1229]  [0m : [92mwill be installed [0m(recommended)
4. [34mcollier   (TIR) [1604.06792] [0m : [91mdo not install[0m
5. [34mgolem     (TIR) [0807.0605]  [0m : [91mdo not install[0m
You can:
 -> hit 'enter' to proceed
 -> type a number to cycle its options
 -> enter the following command:
    [34m{tool_name}[0m [[34minstall[0m|[34mnoinstall[0m|[34m{prefixed_installation_path}[0m]

[1m[91mIf you are unsure about what this question means, just type enter to proceed. [0m
[1;34mfound line : display multiparticles[0m
[1;34mThis answer is not valid for current question. Keep it for next question and use here default: 0[0m
install ninja
[1m   You are installing 'ninja', please cite ref(s): [92marXiv:1203.0291, arXiv:1403.1229, arXiv:1604.01363[0m. [0m
Downloading the HEPToolInstaller at:
   http://madgraph.mi.infn.it//Downloads/HEPToolsInstaller/HEPToolsInstaller_V168.tar.gz
Now installing ninja. Be patient...
Detected 'ninja' missing dependency: 'oneloop'. Will install it now.
Fetching data with command:
  wget --no-check-certificate http://helac-phegas.web.cern.ch/helac-phegas/tar-files/OneLOop-3.6.tgz
--2022-11-24 16:35:53--  http://helac-phegas.web.cern.ch/helac-phegas/tar-files/OneLOop-3.6.tgz
Resolving helac-phegas.web.cern.ch (helac-phegas.web.cern.ch)... 188.184.100.128
Connecting to helac-phegas.web.cern.ch (helac-phegas.web.cern.ch)|188.184.100.128|:80... connected.
HTTP request sent, awaiting response... 301 Moved Permanently
Location: https://helac-phegas.web.cern.ch/tar-files/OneLOop-3.6.tgz [following]
--2022-11-24 16:35:53--  https://helac-phegas.web.cern.ch/tar-files/OneLOop-3.6.tgz
Connecting to helac-phegas.web.cern.ch (helac-phegas.web.cern.ch)|188.184.100.128|:443... connected.
HTTP request sent, awaiting response... 200 OK
Length: 111734 (109K) [application/x-compressed]
Saving to: 'OneLOop-3.6.tgz'

     0K .......... .......... .......... .......... .......... 45% 55.4M 0s
    50K .......... .......... .......... .......... .......... 91% 90.6M 0s
   100K .........                                             100%  245M=0.001s

2022-11-24 16:35:53 (73.1 MB/s) - 'OneLOop-3.6.tgz' saved [111734/111734]

Installing tool 'oneloop'...
    > Follow the installation progress by running the command below in a separate terminal)
    > tail -f /pool/condor/dir_11911/genproductions/bin/MadGraph5_aMCatNLO/WmWpToLpNujj_01j_aTGC_pTW-150toInf_mWV-800toInf_4f_NLO_FXFX/WmWpToLpNujj_01j_aTGC_pTW-150toInf_mWV-800toInf_4f_NLO_FXFX_gridpack/work/MG5_aMC_v2_9_12/HEPTools/oneloop/oneloop_install.log
    > Successful installation of dependency 'oneloop' in '/pool/condor/dir_11911/genproductions/bin/MadGraph5_aMCatNLO/WmWpToLpNujj_01j_aTGC_pTW-150toInf_mWV-800toInf_4f_NLO_FXFX/WmWpToLpNujj_01j_aTGC_pTW-150toInf_mWV-800toInf_4f_NLO_FXFX_gridpack/work/MG5_aMC_v2_9_12/HEPTools'.
    > See installation log at '/pool/condor/dir_11911/genproductions/bin/MadGraph5_aMCatNLO/WmWpToLpNujj_01j_aTGC_pTW-150toInf_mWV-800toInf_4f_NLO_FXFX/WmWpToLpNujj_01j_aTGC_pTW-150toInf_mWV-800toInf_4f_NLO_FXFX_gridpack/work/MG5_aMC_v2_9_12/HEPTools/oneloop/oneloop_install.log'.
Fetching data with command:
  wget --no-check-certificate https://ninja.hepforge.org/downloads//ninja-1.1.0.tar.gz
--2022-11-24 16:36:07--  https://ninja.hepforge.org/downloads//ninja-1.1.0.tar.gz
Resolving ninja.hepforge.org (ninja.hepforge.org)... 129.234.186.186
Connecting to ninja.hepforge.org (ninja.hepforge.org)|129.234.186.186|:443... connected.
HTTP request sent, awaiting response... 302 Found
Location: /downloads?f=/ninja-1.1.0.tar.gz [following]
--2022-11-24 16:36:07--  https://ninja.hepforge.org/downloads?f=/ninja-1.1.0.tar.gz
Reusing existing connection to ninja.hepforge.org:443.
HTTP request sent, awaiting response... 302 Found
Location: /downloads?f=ninja-1.1.0.tar.gz [following]
--2022-11-24 16:36:07--  https://ninja.hepforge.org/downloads?f=ninja-1.1.0.tar.gz
Reusing existing connection to ninja.hepforge.org:443.
HTTP request sent, awaiting response... 200 OK
Length: unspecified [application/x-gzip]
Saving to: 'ninja-1.1.0.tar.gz'

     0K .......... .......... .......... .......... ..........  925K
    50K .......... .......... .......... .......... .......... 1.84M
   100K .......... .......... .......... .......... ..........  262M
   150K .......... .......... .......... .......... .......... 1.88M
   200K .......... .......... .......... .......... ..........  248M
   250K .......... .......... .......... .......... ..........  331M
   300K .......... .......... .......... .......... ..........  291M
   350K .......... .......... .......... .......... .......... 1.88M
   400K .......... .......... .......... .......... ..........  202M
   450K .......... .......... .......... .......... ..........  262M
   500K .......... .......... .......... .......... ..........  309M
   550K .......... .......                                      417M=0.1s

2022-11-24 16:36:08 (4.15 MB/s) - 'ninja-1.1.0.tar.gz' saved [581566]

Installing tool 'ninja'...
    > Follow the installation progress by running the command below in a separate terminal)
    > tail -f /pool/condor/dir_11911/genproductions/bin/MadGraph5_aMCatNLO/WmWpToLpNujj_01j_aTGC_pTW-150toInf_mWV-800toInf_4f_NLO_FXFX/WmWpToLpNujj_01j_aTGC_pTW-150toInf_mWV-800toInf_4f_NLO_FXFX_gridpack/work/MG5_aMC_v2_9_12/HEPTools/ninja/ninja_install.log
Successful installation of 'ninja' in '/pool/condor/dir_11911/genproductions/bin/MadGraph5_aMCatNLO/WmWpToLpNujj_01j_aTGC_pTW-150toInf_mWV-800toInf_4f_NLO_FXFX/WmWpToLpNujj_01j_aTGC_pTW-150toInf_mWV-800toInf_4f_NLO_FXFX_gridpack/work/MG5_aMC_v2_9_12/HEPTools'.
[1;32mninja successfully installed in /pool/condor/dir_11911/genproductions/bin/MadGraph5_aMCatNLO/WmWpToLpNujj_01j_aTGC_pTW-150toInf_mWV-800toInf_4f_NLO_FXFX/WmWpToLpNujj_01j_aTGC_pTW-150toInf_mWV-800toInf_4f_NLO_FXFX_gridpack/work/MG5_aMC_v2_9_12/HEPTools.[0m
save configuration file to /pool/condor/dir_11911/genproductions/bin/MadGraph5_aMCatNLO/WmWpToLpNujj_01j_aTGC_pTW-150toInf_mWV-800toInf_4f_NLO_FXFX/WmWpToLpNujj_01j_aTGC_pTW-150toInf_mWV-800toInf_4f_NLO_FXFX_gridpack/work/MG5_aMC_v2_9_12/input/mg5_configuration.txt
set collier ''
save options collier
save configuration file to /pool/condor/dir_11911/genproductions/bin/MadGraph5_aMCatNLO/WmWpToLpNujj_01j_aTGC_pTW-150toInf_mWV-800toInf_4f_NLO_FXFX/WmWpToLpNujj_01j_aTGC_pTW-150toInf_mWV-800toInf_4f_NLO_FXFX_gridpack/work/MG5_aMC_v2_9_12/input/mg5_configuration.txt
save options collier
save configuration file to /pool/condor/dir_11911/genproductions/bin/MadGraph5_aMCatNLO/WmWpToLpNujj_01j_aTGC_pTW-150toInf_mWV-800toInf_4f_NLO_FXFX/WmWpToLpNujj_01j_aTGC_pTW-150toInf_mWV-800toInf_4f_NLO_FXFX_gridpack/work/MG5_aMC_v2_9_12/input/mg5_configuration.txt
set golem ''
save options golem
save configuration file to /pool/condor/dir_11911/genproductions/bin/MadGraph5_aMCatNLO/WmWpToLpNujj_01j_aTGC_pTW-150toInf_mWV-800toInf_4f_NLO_FXFX/WmWpToLpNujj_01j_aTGC_pTW-150toInf_mWV-800toInf_4f_NLO_FXFX_gridpack/work/MG5_aMC_v2_9_12/input/mg5_configuration.txt
save options golem
save configuration file to /pool/condor/dir_11911/genproductions/bin/MadGraph5_aMCatNLO/WmWpToLpNujj_01j_aTGC_pTW-150toInf_mWV-800toInf_4f_NLO_FXFX/WmWpToLpNujj_01j_aTGC_pTW-150toInf_mWV-800toInf_4f_NLO_FXFX_gridpack/work/MG5_aMC_v2_9_12/input/mg5_configuration.txt
INFO: Writing out the aMC@NLO code, using optimized Loops 
INFO: initialize a new directory: WmWpToLpNujj_01j_aTGC_pTW-150toInf_mWV-800toInf_4f_NLO_FXFX 
INFO: remove old information in WmWpToLpNujj_01j_aTGC_pTW-150toInf_mWV-800toInf_4f_NLO_FXFX 
[1mINFO: Compiling CutTools. This has to be done only once and can take a couple of minutes. [0m
[1mINFO: Compiling IREGI. This has to be done only once and can take a couple of minutes. [0m
INFO: Generating real emission matrix-elements... 
INFO: Generating Helas calls for FKS process: u u~ > e+ ve w- NP<=2 QED<=3 [ all = QCD ] $$ t t~ h (1 / 96) 
INFO: Processing color information for process: u u~ > e+ ve w- NP<=2 QED<=3 [ all = QCD ] $$ t t~ h 
INFO: Generating Helas calls for FKS process: u u~ > mu+ vm w- NP<=2 QED<=3 [ all = QCD ] $$ t t~ h (2 / 96) 
INFO: Generating Helas calls for FKS process: u u~ > ta+ vt w- NP<=2 QED<=3 [ all = QCD ] $$ t t~ h (3 / 96) 
INFO: Generating Helas calls for FKS process: c c~ > e+ ve w- NP<=2 QED<=3 [ all = QCD ] $$ t t~ h (4 / 96) 
INFO: Generating Helas calls for FKS process: c c~ > mu+ vm w- NP<=2 QED<=3 [ all = QCD ] $$ t t~ h (5 / 96) 
INFO: Generating Helas calls for FKS process: c c~ > ta+ vt w- NP<=2 QED<=3 [ all = QCD ] $$ t t~ h (6 / 96) 
INFO: Generating Helas calls for FKS process: d d~ > e+ ve w- NP<=2 QED<=3 [ all = QCD ] $$ t t~ h (7 / 96) 
INFO: Reusing existing color information for process: d d~ > e+ ve w- NP<=2 QED<=3 [ all = QCD ] $$ t t~ h 
INFO: Generating Helas calls for FKS process: d d~ > mu+ vm w- NP<=2 QED<=3 [ all = QCD ] $$ t t~ h (8 / 96) 
INFO: Generating Helas calls for FKS process: d d~ > ta+ vt w- NP<=2 QED<=3 [ all = QCD ] $$ t t~ h (9 / 96) 
INFO: Generating Helas calls for FKS process: s s~ > e+ ve w- NP<=2 QED<=3 [ all = QCD ] $$ t t~ h (10 / 96) 
INFO: Generating Helas calls for FKS process: s s~ > mu+ vm w- NP<=2 QED<=3 [ all = QCD ] $$ t t~ h (11 / 96) 
INFO: Generating Helas calls for FKS process: s s~ > ta+ vt w- NP<=2 QED<=3 [ all = QCD ] $$ t t~ h (12 / 96) 
INFO: Generating Helas calls for FKS process: u~ u > e+ ve w- NP<=2 QED<=3 [ all = QCD ] $$ t t~ h (13 / 96) 
INFO: Processing color information for process: u~ u > e+ ve w- NP<=2 QED<=3 [ all = QCD ] $$ t t~ h 
INFO: Generating Helas calls for FKS process: u~ u > mu+ vm w- NP<=2 QED<=3 [ all = QCD ] $$ t t~ h (14 / 96) 
INFO: Generating Helas calls for FKS process: u~ u > ta+ vt w- NP<=2 QED<=3 [ all = QCD ] $$ t t~ h (15 / 96) 
INFO: Generating Helas calls for FKS process: c~ c > e+ ve w- NP<=2 QED<=3 [ all = QCD ] $$ t t~ h (16 / 96) 
INFO: Generating Helas calls for FKS process: c~ c > mu+ vm w- NP<=2 QED<=3 [ all = QCD ] $$ t t~ h (17 / 96) 
INFO: Generating Helas calls for FKS process: c~ c > ta+ vt w- NP<=2 QED<=3 [ all = QCD ] $$ t t~ h (18 / 96) 
INFO: Generating Helas calls for FKS process: d~ d > e+ ve w- NP<=2 QED<=3 [ all = QCD ] $$ t t~ h (19 / 96) 
INFO: Reusing existing color information for process: d~ d > e+ ve w- NP<=2 QED<=3 [ all = QCD ] $$ t t~ h 
INFO: Generating Helas calls for FKS process: d~ d > mu+ vm w- NP<=2 QED<=3 [ all = QCD ] $$ t t~ h (20 / 96) 
INFO: Generating Helas calls for FKS process: d~ d > ta+ vt w- NP<=2 QED<=3 [ all = QCD ] $$ t t~ h (21 / 96) 
INFO: Generating Helas calls for FKS process: s~ s > e+ ve w- NP<=2 QED<=3 [ all = QCD ] $$ t t~ h (22 / 96) 
INFO: Generating Helas calls for FKS process: s~ s > mu+ vm w- NP<=2 QED<=3 [ all = QCD ] $$ t t~ h (23 / 96) 
INFO: Generating Helas calls for FKS process: s~ s > ta+ vt w- NP<=2 QED<=3 [ all = QCD ] $$ t t~ h (24 / 96) 
INFO: Generating Helas calls for FKS process: g u > e+ ve w- u NP<=2 QED<=3 [ all = QCD ] $$ t t~ h @1 (25 / 96) 
INFO: Processing color information for process: g u > e+ ve w- u NP<=2 QED<=3 [ all = QCD ] $$ t t~ h @1 
INFO: Generating Helas calls for FKS process: g u > mu+ vm w- u NP<=2 QED<=3 [ all = QCD ] $$ t t~ h @1 (26 / 96) 
INFO: Generating Helas calls for FKS process: g u > ta+ vt w- u NP<=2 QED<=3 [ all = QCD ] $$ t t~ h @1 (27 / 96) 
INFO: Generating Helas calls for FKS process: g c > e+ ve w- c NP<=2 QED<=3 [ all = QCD ] $$ t t~ h @1 (28 / 96) 
INFO: Generating Helas calls for FKS process: g c > mu+ vm w- c NP<=2 QED<=3 [ all = QCD ] $$ t t~ h @1 (29 / 96) 
INFO: Generating Helas calls for FKS process: g c > ta+ vt w- c NP<=2 QED<=3 [ all = QCD ] $$ t t~ h @1 (30 / 96) 
INFO: Generating Helas calls for FKS process: g d > e+ ve w- d NP<=2 QED<=3 [ all = QCD ] $$ t t~ h @1 (31 / 96) 
INFO: Processing color information for process: g d > e+ ve w- d NP<=2 QED<=3 [ all = QCD ] $$ t t~ h @1 
INFO: Generating Helas calls for FKS process: g d > mu+ vm w- d NP<=2 QED<=3 [ all = QCD ] $$ t t~ h @1 (32 / 96) 
INFO: Generating Helas calls for FKS process: g d > ta+ vt w- d NP<=2 QED<=3 [ all = QCD ] $$ t t~ h @1 (33 / 96) 
INFO: Generating Helas calls for FKS process: g s > e+ ve w- s NP<=2 QED<=3 [ all = QCD ] $$ t t~ h @1 (34 / 96) 
INFO: Generating Helas calls for FKS process: g s > mu+ vm w- s NP<=2 QED<=3 [ all = QCD ] $$ t t~ h @1 (35 / 96) 
INFO: Generating Helas calls for FKS process: g s > ta+ vt w- s NP<=2 QED<=3 [ all = QCD ] $$ t t~ h @1 (36 / 96) 
INFO: Generating Helas calls for FKS process: g u~ > e+ ve w- u~ NP<=2 QED<=3 [ all = QCD ] $$ t t~ h @1 (37 / 96) 
INFO: Processing color information for process: g u~ > e+ ve w- u~ NP<=2 QED<=3 [ all = QCD ] $$ t t~ h @1 
INFO: Generating Helas calls for FKS process: g u~ > mu+ vm w- u~ NP<=2 QED<=3 [ all = QCD ] $$ t t~ h @1 (38 / 96) 
INFO: Generating Helas calls for FKS process: g u~ > ta+ vt w- u~ NP<=2 QED<=3 [ all = QCD ] $$ t t~ h @1 (39 / 96) 
INFO: Generating Helas calls for FKS process: g c~ > e+ ve w- c~ NP<=2 QED<=3 [ all = QCD ] $$ t t~ h @1 (40 / 96) 
INFO: Generating Helas calls for FKS process: g c~ > mu+ vm w- c~ NP<=2 QED<=3 [ all = QCD ] $$ t t~ h @1 (41 / 96) 
INFO: Generating Helas calls for FKS process: g c~ > ta+ vt w- c~ NP<=2 QED<=3 [ all = QCD ] $$ t t~ h @1 (42 / 96) 
INFO: Generating Helas calls for FKS process: g d~ > e+ ve w- d~ NP<=2 QED<=3 [ all = QCD ] $$ t t~ h @1 (43 / 96) 
INFO: Processing color information for process: g d~ > e+ ve w- d~ NP<=2 QED<=3 [ all = QCD ] $$ t t~ h @1 
INFO: Generating Helas calls for FKS process: g d~ > mu+ vm w- d~ NP<=2 QED<=3 [ all = QCD ] $$ t t~ h @1 (44 / 96) 
INFO: Generating Helas calls for FKS process: g d~ > ta+ vt w- d~ NP<=2 QED<=3 [ all = QCD ] $$ t t~ h @1 (45 / 96) 
INFO: Generating Helas calls for FKS process: g s~ > e+ ve w- s~ NP<=2 QED<=3 [ all = QCD ] $$ t t~ h @1 (46 / 96) 
INFO: Generating Helas calls for FKS process: g s~ > mu+ vm w- s~ NP<=2 QED<=3 [ all = QCD ] $$ t t~ h @1 (47 / 96) 
INFO: Generating Helas calls for FKS process: g s~ > ta+ vt w- s~ NP<=2 QED<=3 [ all = QCD ] $$ t t~ h @1 (48 / 96) 
INFO: Generating Helas calls for FKS process: u g > e+ ve w- u NP<=2 QED<=3 [ all = QCD ] $$ t t~ h @1 (49 / 96) 
INFO: Processing color information for process: u g > e+ ve w- u NP<=2 QED<=3 [ all = QCD ] $$ t t~ h @1 
INFO: Generating Helas calls for FKS process: u g > mu+ vm w- u NP<=2 QED<=3 [ all = QCD ] $$ t t~ h @1 (50 / 96) 
INFO: Generating Helas calls for FKS process: u g > ta+ vt w- u NP<=2 QED<=3 [ all = QCD ] $$ t t~ h @1 (51 / 96) 
INFO: Generating Helas calls for FKS process: u u~ > e+ ve w- g NP<=2 QED<=3 [ all = QCD ] $$ t t~ h @1 (52 / 96) 
INFO: Processing color information for process: u u~ > e+ ve w- g NP<=2 QED<=3 [ all = QCD ] $$ t t~ h @1 
INFO: Generating Helas calls for FKS process: u u~ > mu+ vm w- g NP<=2 QED<=3 [ all = QCD ] $$ t t~ h @1 (53 / 96) 
INFO: Generating Helas calls for FKS process: u u~ > ta+ vt w- g NP<=2 QED<=3 [ all = QCD ] $$ t t~ h @1 (54 / 96) 
INFO: Generating Helas calls for FKS process: c g > e+ ve w- c NP<=2 QED<=3 [ all = QCD ] $$ t t~ h @1 (55 / 96) 
INFO: Generating Helas calls for FKS process: c g > mu+ vm w- c NP<=2 QED<=3 [ all = QCD ] $$ t t~ h @1 (56 / 96) 
INFO: Generating Helas calls for FKS process: c g > ta+ vt w- c NP<=2 QED<=3 [ all = QCD ] $$ t t~ h @1 (57 / 96) 
INFO: Generating Helas calls for FKS process: c c~ > e+ ve w- g NP<=2 QED<=3 [ all = QCD ] $$ t t~ h @1 (58 / 96) 
INFO: Generating Helas calls for FKS process: c c~ > mu+ vm w- g NP<=2 QED<=3 [ all = QCD ] $$ t t~ h @1 (59 / 96) 
INFO: Generating Helas calls for FKS process: c c~ > ta+ vt w- g NP<=2 QED<=3 [ all = QCD ] $$ t t~ h @1 (60 / 96) 
INFO: Generating Helas calls for FKS process: d g > e+ ve w- d NP<=2 QED<=3 [ all = QCD ] $$ t t~ h @1 (61 / 96) 
INFO: Processing color information for process: d g > e+ ve w- d NP<=2 QED<=3 [ all = QCD ] $$ t t~ h @1 
INFO: Generating Helas calls for FKS process: d g > mu+ vm w- d NP<=2 QED<=3 [ all = QCD ] $$ t t~ h @1 (62 / 96) 
INFO: Generating Helas calls for FKS process: d g > ta+ vt w- d NP<=2 QED<=3 [ all = QCD ] $$ t t~ h @1 (63 / 96) 
INFO: Generating Helas calls for FKS process: d d~ > e+ ve w- g NP<=2 QED<=3 [ all = QCD ] $$ t t~ h @1 (64 / 96) 
INFO: Processing color information for process: d d~ > e+ ve w- g NP<=2 QED<=3 [ all = QCD ] $$ t t~ h @1 
INFO: Generating Helas calls for FKS process: d d~ > mu+ vm w- g NP<=2 QED<=3 [ all = QCD ] $$ t t~ h @1 (65 / 96) 
INFO: Generating Helas calls for FKS process: d d~ > ta+ vt w- g NP<=2 QED<=3 [ all = QCD ] $$ t t~ h @1 (66 / 96) 
INFO: Generating Helas calls for FKS process: s g > e+ ve w- s NP<=2 QED<=3 [ all = QCD ] $$ t t~ h @1 (67 / 96) 
INFO: Generating Helas calls for FKS process: s g > mu+ vm w- s NP<=2 QED<=3 [ all = QCD ] $$ t t~ h @1 (68 / 96) 
INFO: Generating Helas calls for FKS process: s g > ta+ vt w- s NP<=2 QED<=3 [ all = QCD ] $$ t t~ h @1 (69 / 96) 
INFO: Generating Helas calls for FKS process: s s~ > e+ ve w- g NP<=2 QED<=3 [ all = QCD ] $$ t t~ h @1 (70 / 96) 
INFO: Generating Helas calls for FKS process: s s~ > mu+ vm w- g NP<=2 QED<=3 [ all = QCD ] $$ t t~ h @1 (71 / 96) 
INFO: Generating Helas calls for FKS process: s s~ > ta+ vt w- g NP<=2 QED<=3 [ all = QCD ] $$ t t~ h @1 (72 / 96) 
INFO: Generating Helas calls for FKS process: u~ g > e+ ve w- u~ NP<=2 QED<=3 [ all = QCD ] $$ t t~ h @1 (73 / 96) 
INFO: Processing color information for process: u~ g > e+ ve w- u~ NP<=2 QED<=3 [ all = QCD ] $$ t t~ h @1 
INFO: Generating Helas calls for FKS process: u~ g > mu+ vm w- u~ NP<=2 QED<=3 [ all = QCD ] $$ t t~ h @1 (74 / 96) 
INFO: Generating Helas calls for FKS process: u~ g > ta+ vt w- u~ NP<=2 QED<=3 [ all = QCD ] $$ t t~ h @1 (75 / 96) 
INFO: Generating Helas calls for FKS process: u~ u > e+ ve w- g NP<=2 QED<=3 [ all = QCD ] $$ t t~ h @1 (76 / 96) 
INFO: Processing color information for process: u~ u > e+ ve w- g NP<=2 QED<=3 [ all = QCD ] $$ t t~ h @1 
INFO: Generating Helas calls for FKS process: u~ u > mu+ vm w- g NP<=2 QED<=3 [ all = QCD ] $$ t t~ h @1 (77 / 96) 
INFO: Generating Helas calls for FKS process: u~ u > ta+ vt w- g NP<=2 QED<=3 [ all = QCD ] $$ t t~ h @1 (78 / 96) 
INFO: Generating Helas calls for FKS process: c~ g > e+ ve w- c~ NP<=2 QED<=3 [ all = QCD ] $$ t t~ h @1 (79 / 96) 
INFO: Generating Helas calls for FKS process: c~ g > mu+ vm w- c~ NP<=2 QED<=3 [ all = QCD ] $$ t t~ h @1 (80 / 96) 
INFO: Generating Helas calls for FKS process: c~ g > ta+ vt w- c~ NP<=2 QED<=3 [ all = QCD ] $$ t t~ h @1 (81 / 96) 
INFO: Generating Helas calls for FKS process: c~ c > e+ ve w- g NP<=2 QED<=3 [ all = QCD ] $$ t t~ h @1 (82 / 96) 
INFO: Generating Helas calls for FKS process: c~ c > mu+ vm w- g NP<=2 QED<=3 [ all = QCD ] $$ t t~ h @1 (83 / 96) 
INFO: Generating Helas calls for FKS process: c~ c > ta+ vt w- g NP<=2 QED<=3 [ all = QCD ] $$ t t~ h @1 (84 / 96) 
INFO: Generating Helas calls for FKS process: d~ g > e+ ve w- d~ NP<=2 QED<=3 [ all = QCD ] $$ t t~ h @1 (85 / 96) 
INFO: Processing color information for process: d~ g > e+ ve w- d~ NP<=2 QED<=3 [ all = QCD ] $$ t t~ h @1 
INFO: Generating Helas calls for FKS process: d~ g > mu+ vm w- d~ NP<=2 QED<=3 [ all = QCD ] $$ t t~ h @1 (86 / 96) 
INFO: Generating Helas calls for FKS process: d~ g > ta+ vt w- d~ NP<=2 QED<=3 [ all = QCD ] $$ t t~ h @1 (87 / 96) 
INFO: Generating Helas calls for FKS process: d~ d > e+ ve w- g NP<=2 QED<=3 [ all = QCD ] $$ t t~ h @1 (88 / 96) 
INFO: Processing color information for process: d~ d > e+ ve w- g NP<=2 QED<=3 [ all = QCD ] $$ t t~ h @1 
INFO: Generating Helas calls for FKS process: d~ d > mu+ vm w- g NP<=2 QED<=3 [ all = QCD ] $$ t t~ h @1 (89 / 96) 
INFO: Generating Helas calls for FKS process: d~ d > ta+ vt w- g NP<=2 QED<=3 [ all = QCD ] $$ t t~ h @1 (90 / 96) 
INFO: Generating Helas calls for FKS process: s~ g > e+ ve w- s~ NP<=2 QED<=3 [ all = QCD ] $$ t t~ h @1 (91 / 96) 
INFO: Generating Helas calls for FKS process: s~ g > mu+ vm w- s~ NP<=2 QED<=3 [ all = QCD ] $$ t t~ h @1 (92 / 96) 
INFO: Generating Helas calls for FKS process: s~ g > ta+ vt w- s~ NP<=2 QED<=3 [ all = QCD ] $$ t t~ h @1 (93 / 96) 
INFO: Generating Helas calls for FKS process: s~ s > e+ ve w- g NP<=2 QED<=3 [ all = QCD ] $$ t t~ h @1 (94 / 96) 
INFO: Generating Helas calls for FKS process: s~ s > mu+ vm w- g NP<=2 QED<=3 [ all = QCD ] $$ t t~ h @1 (95 / 96) 
INFO: Generating Helas calls for FKS process: s~ s > ta+ vt w- g NP<=2 QED<=3 [ all = QCD ] $$ t t~ h @1 (96 / 96) 
INFO: ... Done 
INFO: Writing files in P0_uux_epvewm (1 / 16) 
INFO: Creating files in directory V0_uux_epvewm 
ALOHA: aloha creates FFV1 set of routines with options: L3
INFO: Computing diagram color coefficients 
INFO: Drawing loop Feynman diagrams for Process: u u~ > e+ ve w- NP<=2 QED<=3 [ all = QCD ] $$ t t~ h 
INFO: Generating born Feynman diagrams for Process: u u~ > e+ ve w- NP<=2 QED<=3 [ all = QCD ] $$ t t~ h 
INFO: Writing files in P0_ddx_epvewm (2 / 16) 
INFO: Creating files in directory V0_ddx_epvewm 
ALOHA: aloha creates FFV3 set of routines with options: L2
INFO: Computing diagram color coefficients 
INFO: Drawing loop Feynman diagrams for Process: d d~ > e+ ve w- NP<=2 QED<=3 [ all = QCD ] $$ t t~ h 
INFO: Generating born Feynman diagrams for Process: d d~ > e+ ve w- NP<=2 QED<=3 [ all = QCD ] $$ t t~ h 
INFO: Writing files in P0_uxu_epvewm (3 / 16) 
INFO: Creating files in directory V0_uxu_epvewm 
ALOHA: aloha creates FFV1 set of routines with options: L1
INFO: Computing diagram color coefficients 
INFO: Drawing loop Feynman diagrams for Process: u~ u > e+ ve w- NP<=2 QED<=3 [ all = QCD ] $$ t t~ h 
INFO: Generating born Feynman diagrams for Process: u~ u > e+ ve w- NP<=2 QED<=3 [ all = QCD ] $$ t t~ h 
INFO: Writing files in P0_dxd_epvewm (4 / 16) 
INFO: Creating files in directory V0_dxd_epvewm 
ALOHA: aloha creates FFV3 set of routines with options: L1
INFO: Computing diagram color coefficients 
INFO: Drawing loop Feynman diagrams for Process: d~ d > e+ ve w- NP<=2 QED<=3 [ all = QCD ] $$ t t~ h 
INFO: Generating born Feynman diagrams for Process: d~ d > e+ ve w- NP<=2 QED<=3 [ all = QCD ] $$ t t~ h 
INFO: Writing files in P1_gu_epvewmu (5 / 16) 
INFO: Creating files in directory V1_gu_epvewmu 
ALOHA: aloha creates VVV8 set of routines with options: L2,P0
INFO: Computing diagram color coefficients 
INFO: Drawing loop Feynman diagrams for Process: g u > e+ ve w- u NP<=2 QCD<=1 QED<=3 [ all = QCD ] $$ t t~ h @1 
INFO: Generating born Feynman diagrams for Process: g u > e+ ve w- u NP<=2 QCD<=1 QED<=3 [ all = QCD ] $$ t t~ h @1 
INFO: Writing files in P1_gd_epvewmd (6 / 16) 
INFO: Creating files in directory V1_gd_epvewmd 
INFO: Computing diagram color coefficients 
INFO: Drawing loop Feynman diagrams for Process: g d > e+ ve w- d NP<=2 QCD<=1 QED<=3 [ all = QCD ] $$ t t~ h @1 
INFO: Generating born Feynman diagrams for Process: g d > e+ ve w- d NP<=2 QCD<=1 QED<=3 [ all = QCD ] $$ t t~ h @1 
INFO: Writing files in P1_gux_epvewmux (7 / 16) 
INFO: Creating files in directory V1_gux_epvewmux 
INFO: Computing diagram color coefficients 
INFO: Drawing loop Feynman diagrams for Process: g u~ > e+ ve w- u~ NP<=2 QCD<=1 QED<=3 [ all = QCD ] $$ t t~ h @1 
INFO: Generating born Feynman diagrams for Process: g u~ > e+ ve w- u~ NP<=2 QCD<=1 QED<=3 [ all = QCD ] $$ t t~ h @1 
INFO: Writing files in P1_gdx_epvewmdx (8 / 16) 
INFO: Creating files in directory V1_gdx_epvewmdx 
INFO: Computing diagram color coefficients 
INFO: Drawing loop Feynman diagrams for Process: g d~ > e+ ve w- d~ NP<=2 QCD<=1 QED<=3 [ all = QCD ] $$ t t~ h @1 
INFO: Generating born Feynman diagrams for Process: g d~ > e+ ve w- d~ NP<=2 QCD<=1 QED<=3 [ all = QCD ] $$ t t~ h @1 
INFO: Writing files in P1_ug_epvewmu (9 / 16) 
INFO: Creating files in directory V1_ug_epvewmu 
INFO: Computing diagram color coefficients 
INFO: Drawing loop Feynman diagrams for Process: u g > e+ ve w- u NP<=2 QCD<=1 QED<=3 [ all = QCD ] $$ t t~ h @1 
INFO: Generating born Feynman diagrams for Process: u g > e+ ve w- u NP<=2 QCD<=1 QED<=3 [ all = QCD ] $$ t t~ h @1 
INFO: Writing files in P1_uux_epvewmg (10 / 16) 
INFO: Creating files in directory V1_uux_epvewmg 
INFO: Computing diagram color coefficients 
INFO: Drawing loop Feynman diagrams for Process: u u~ > e+ ve w- g NP<=2 QCD<=1 QED<=3 [ all = QCD ] $$ t t~ h @1 
INFO: Generating born Feynman diagrams for Process: u u~ > e+ ve w- g NP<=2 QCD<=1 QED<=3 [ all = QCD ] $$ t t~ h @1 
INFO: Writing files in P1_dg_epvewmd (11 / 16) 
INFO: Creating files in directory V1_dg_epvewmd 
INFO: Computing diagram color coefficients 
INFO: Drawing loop Feynman diagrams for Process: d g > e+ ve w- d NP<=2 QCD<=1 QED<=3 [ all = QCD ] $$ t t~ h @1 
INFO: Generating born Feynman diagrams for Process: d g > e+ ve w- d NP<=2 QCD<=1 QED<=3 [ all = QCD ] $$ t t~ h @1 
INFO: Writing files in P1_ddx_epvewmg (12 / 16) 
INFO: Creating files in directory V1_ddx_epvewmg 
INFO: Computing diagram color coefficients 
INFO: Drawing loop Feynman diagrams for Process: d d~ > e+ ve w- g NP<=2 QCD<=1 QED<=3 [ all = QCD ] $$ t t~ h @1 
INFO: Generating born Feynman diagrams for Process: d d~ > e+ ve w- g NP<=2 QCD<=1 QED<=3 [ all = QCD ] $$ t t~ h @1 
INFO: Writing files in P1_uxg_epvewmux (13 / 16) 
INFO: Creating files in directory V1_uxg_epvewmux 
INFO: Computing diagram color coefficients 
INFO: Drawing loop Feynman diagrams for Process: u~ g > e+ ve w- u~ NP<=2 QCD<=1 QED<=3 [ all = QCD ] $$ t t~ h @1 
INFO: Generating born Feynman diagrams for Process: u~ g > e+ ve w- u~ NP<=2 QCD<=1 QED<=3 [ all = QCD ] $$ t t~ h @1 
INFO: Writing files in P1_uxu_epvewmg (14 / 16) 
INFO: Creating files in directory V1_uxu_epvewmg 
INFO: Computing diagram color coefficients 
INFO: Drawing loop Feynman diagrams for Process: u~ u > e+ ve w- g NP<=2 QCD<=1 QED<=3 [ all = QCD ] $$ t t~ h @1 
INFO: Generating born Feynman diagrams for Process: u~ u > e+ ve w- g NP<=2 QCD<=1 QED<=3 [ all = QCD ] $$ t t~ h @1 
INFO: Writing files in P1_dxg_epvewmdx (15 / 16) 
INFO: Creating files in directory V1_dxg_epvewmdx 
INFO: Computing diagram color coefficients 
INFO: Drawing loop Feynman diagrams for Process: d~ g > e+ ve w- d~ NP<=2 QCD<=1 QED<=3 [ all = QCD ] $$ t t~ h @1 
INFO: Generating born Feynman diagrams for Process: d~ g > e+ ve w- d~ NP<=2 QCD<=1 QED<=3 [ all = QCD ] $$ t t~ h @1 
INFO: Writing files in P1_dxd_epvewmg (16 / 16) 
INFO: Creating files in directory V1_dxd_epvewmg 
INFO: Computing diagram color coefficients 
INFO: Drawing loop Feynman diagrams for Process: d~ d > e+ ve w- g NP<=2 QCD<=1 QED<=3 [ all = QCD ] $$ t t~ h @1 
INFO: Generating born Feynman diagrams for Process: d~ d > e+ ve w- g NP<=2 QCD<=1 QED<=3 [ all = QCD ] $$ t t~ h @1 
History written to /pool/condor/dir_11911/genproductions/bin/MadGraph5_aMCatNLO/WmWpToLpNujj_01j_aTGC_pTW-150toInf_mWV-800toInf_4f_NLO_FXFX/WmWpToLpNujj_01j_aTGC_pTW-150toInf_mWV-800toInf_4f_NLO_FXFX_gridpack/work/WmWpToLpNujj_01j_aTGC_pTW-150toInf_mWV-800toInf_4f_NLO_FXFX/Cards/proc_card_mg5.dat
ALOHA: aloha creates FFV2 routines
ALOHA: aloha creates FFV8 routines
ALOHA: aloha creates FFV1 routines
ALOHA: aloha creates FFV3 routines
ALOHA: aloha creates VVV10 routines
ALOHA: aloha creates VVV4 routines
ALOHA: aloha creates FF1 routines
ALOHA: aloha creates FFV7 routines
ALOHA: aloha creates FF4 routines
ALOHA: aloha creates VVV8 routines
ALOHA: aloha creates FFV6 routines
ALOHA: aloha creates FFV5 routines
ALOHA: aloha creates FFV4 routines
ALOHA: aloha creates VVV5 routines
ALOHA: aloha creates VVV7 routines
ALOHA: aloha creates VVVV12 routines
ALOHA: aloha creates FFV2_8 routines
ALOHA: aloha creates FFV2_3 routines
ALOHA: aloha creates VVV10_4 routines
ALOHA: aloha creates FFV2_7 routines
ALOHA: aloha creates VVV10_5_7_8 routines
save configuration file to /pool/condor/dir_11911/genproductions/bin/MadGraph5_aMCatNLO/WmWpToLpNujj_01j_aTGC_pTW-150toInf_mWV-800toInf_4f_NLO_FXFX/WmWpToLpNujj_01j_aTGC_pTW-150toInf_mWV-800toInf_4f_NLO_FXFX_gridpack/work/WmWpToLpNujj_01j_aTGC_pTW-150toInf_mWV-800toInf_4f_NLO_FXFX/Cards/amcatnlo_configuration.txt
INFO: Use Fortran compiler gfortran 
INFO: Use c++ compiler g++ 
INFO: Generate web pages 
INFO: Compiling StdHEP. This has to be done only once. 
Start waiting for update. (more info in debug mode)
[1;34mWARNING: StdHep failed to compiled. This forbids to run NLO+PS with PY6 and Herwig6 [0m
INFO: details on the compilation error are available on /pool/condor/dir_11911/genproductions/bin/MadGraph5_aMCatNLO/WmWpToLpNujj_01j_aTGC_pTW-150toInf_mWV-800toInf_4f_NLO_FXFX/WmWpToLpNujj_01j_aTGC_pTW-150toInf_mWV-800toInf_4f_NLO_FXFX_gridpack/work/MG5_aMC_v2_9_12/vendor/StdHEP/fail 
INFO: if you want to retry the compilation automatically, you have to remove that file first 
Type "launch" to generate events from this process, or see
/pool/condor/dir_11911/genproductions/bin/MadGraph5_aMCatNLO/WmWpToLpNujj_01j_aTGC_pTW-150toInf_mWV-800toInf_4f_NLO_FXFX/WmWpToLpNujj_01j_aTGC_pTW-150toInf_mWV-800toInf_4f_NLO_FXFX_gridpack/work/WmWpToLpNujj_01j_aTGC_pTW-150toInf_mWV-800toInf_4f_NLO_FXFX/README
Run "open index.html" to see more information about this process.
display multiparticles
Multiparticle labels:
p = g u c d s u~ c~ d~ s~
j = g u c d s u~ c~ d~ s~
l+ = e+ mu+
l- = e- mu-
vl = ve vm vt
vl~ = ve~ vm~ vt~
all = g ghg ghg~ u c d s u~ c~ d~ s~ a gha gha~ ve vm vt e- mu- ta- ve~ vm~ vt~ e+ mu+ ta+ t b t~ b~ z w+ ghz ghwp ghwm h w- ghz~ ghwp~ ghwm~
ell+ = e+ mu+ ta+
ell- = e- mu- ta-
v = w+ w-
quit
Checking if MG5 is up-to-date... (takes up to 5s)
impossible to update: local 308 web 306
copying generated process to working directory
INFO: Using default PDF sets for run3 production
copying custom cuts.f file
copying custom FKS_params.dat file
copying custom reweight file
starting NLO mode
No module named 'madgraph'
 No hepmc reader since No module named 'madgraph' [1;30m[lhe_parser.py at line 50][0m
INFO: ************************************************************
*                                                          *
*           W E L C O M E  to  M A D G R A P H 5           *
*                       a M C @ N L O                      *
*                                                          *
*                 *                       *                *
*                   *        * *        *                  *
*                     * * * * 5 * * * *                    *
*                   *        * *        *                  *
*                 *                       *                *
*                                                          *
*         VERSION 5.2.9.12              20xx-xx-xx         *
*                                                          *
*    The MadGraph5_aMC@NLO Development Team - Find us at   *
*                 http://amcatnlo.cern.ch                  *
*                                                          *
*               Type 'help' for in-line help.              *
*                                                          *
************************************************************ 
INFO: load configuration from /pool/condor/dir_11911/genproductions/bin/MadGraph5_aMCatNLO/WmWpToLpNujj_01j_aTGC_pTW-150toInf_mWV-800toInf_4f_NLO_FXFX/WmWpToLpNujj_01j_aTGC_pTW-150toInf_mWV-800toInf_4f_NLO_FXFX_gridpack/work/processtmp/Cards/amcatnlo_configuration.txt  
INFO: load configuration from /pool/condor/dir_11911/genproductions/bin/MadGraph5_aMCatNLO/WmWpToLpNujj_01j_aTGC_pTW-150toInf_mWV-800toInf_4f_NLO_FXFX/WmWpToLpNujj_01j_aTGC_pTW-150toInf_mWV-800toInf_4f_NLO_FXFX_gridpack/work/MG5_aMC_v2_9_12/input/mg5_configuration.txt  
INFO: load configuration from /pool/condor/dir_11911/genproductions/bin/MadGraph5_aMCatNLO/WmWpToLpNujj_01j_aTGC_pTW-150toInf_mWV-800toInf_4f_NLO_FXFX/WmWpToLpNujj_01j_aTGC_pTW-150toInf_mWV-800toInf_4f_NLO_FXFX_gridpack/work/processtmp/Cards/amcatnlo_configuration.txt  
No valid eps viewer found. Please set in ./input/mg5_configuration.txt
No valid web browser found. Please set in ./input/mg5_configuration.txt
launch --nb_core=16 -n pilotrun
[1;34mrun_card missed argument pt_min_pdg. Takes default: {}[0m
[1;34mrun_card missed argument pt_max_pdg. Takes default: {}[0m
[1;34mrun_card missed argument mxx_min_pdg. Takes default: {}[0m
stty: standard input: Inappropriate ioctl for device
The following switches determine which programs are run:
/=============================================================================\
1. Type of perturbative computation         [1m      order[0m = [32mNLO[0m         
2. No MC@[N]LO matching / event generation  [1mfixed_order[0m = [32mOFF[0m         
3. Shower the generated events              [1m     shower[0m = [31mPYTHIA8[0m     
4. Decay onshell particles                  [1m    madspin[0m = [32mON[0m          
5. Add weights to events for new hypp.      [1m   reweight[0m = [01mNot Avail.[0m  
6. Run MadAnalysis5 on the events generated [1mmadanalysis[0m = [01mNot Avail.[0m  
\=============================================================================/
Either type the switch number (1 to 6) to change its setting,
Set any switch explicitly (e.g. type 'order=LO' at the prompt)
Type 'help' for the list of all valid option
Type '0', 'auto', 'done' or just press enter when you are done.[60s to answer] 
>stty: standard input: Inappropriate ioctl for device
The following switches determine which programs are run:
/=============================================================================\
1. Type of perturbative computation         [1m      order[0m = [32mNLO[0m         
2. No MC@[N]LO matching / event generation  [1mfixed_order[0m = [32mOFF[0m         
3. Shower the generated events              [1m     shower[0m = [32mOFF[0m         
4. Decay onshell particles                  [1m    madspin[0m = [32mON[0m          
5. Add weights to events for new hypp.      [1m   reweight[0m = [01mNot Avail.[0m  
6. Run MadAnalysis5 on the events generated [1mmadanalysis[0m = [01mNot Avail.[0m  
\=============================================================================/
Either type the switch number (1 to 6) to change its setting,
Set any switch explicitly (e.g. type 'order=LO' at the prompt)
Type 'help' for the list of all valid option
Type '0', 'auto', 'done' or just press enter when you are done.
>[1;34m"OFF" not valid option for "reweight"[0m
stty: standard input: Inappropriate ioctl for device
The following switches determine which programs are run:
/=============================================================================\
1. Type of perturbative computation         [1m      order[0m = [32mNLO[0m         
2. No MC@[N]LO matching / event generation  [1mfixed_order[0m = [32mOFF[0m         
3. Shower the generated events              [1m     shower[0m = [32mOFF[0m         
4. Decay onshell particles                  [1m    madspin[0m = [32mON[0m          
5. Add weights to events for new hypp.      [1m   reweight[0m = [01mNot Avail.[0m  
6. Run MadAnalysis5 on the events generated [1mmadanalysis[0m = [01mNot Avail.[0m  
\=============================================================================/
Either type the switch number (1 to 6) to change its setting,
Set any switch explicitly (e.g. type 'order=LO' at the prompt)
Type 'help' for the list of all valid option
Type '0', 'auto', 'done' or just press enter when you are done.
>stty: standard input: Inappropriate ioctl for device
INFO: will run in mode: noshower 
[1;34mWARNING: You have chosen not to run a parton shower.
    NLO events without showering are NOT physical.
    Please, shower the LesHouches events before using them for physics analyses.
    You have to choose NOW which parton-shower you WILL use and specify it in the run_card. [0m
[1;34mrun_card missed argument pt_min_pdg. Takes default: {}[0m
[1;34mrun_card missed argument pt_max_pdg. Takes default: {}[0m
[1;34mrun_card missed argument mxx_min_pdg. Takes default: {}[0m
Do you want to edit a card (press enter to bypass editing)?
/------------------------------------------------------------\
|  [31m1[0m. param   : [32mparam_card.dat[0m                               |
|  [31m2[0m. run     : [32mrun_card.dat[0m                                 |
|  [31m3[0m. madspin : [32mmadspin_card.dat[0m                             |
\------------------------------------------------------------/
 you can also
   - enter the path to a valid card or banner.
   - use the 'set' command to modify a parameter directly.
     The set option works only for param_card and run_card.
     Type 'help set' for more information on this command.
   - call an external program (ASperGE/MadWidth/...).
     Type 'help' for the list of available command
 [[4m0[0m, done, 1, param, 2, run, 3, madspin, enter path][90s to answer] 
>[1mINFO: modify param_card information BLOCK dim6 with id (1,) set to 3.6 [0m
Do you want to edit a card (press enter to bypass editing)?
/------------------------------------------------------------\
|  [31m1[0m. param   : [32mparam_card.dat[0m                               |
|  [31m2[0m. run     : [32mrun_card.dat[0m                                 |
|  [31m3[0m. madspin : [32mmadspin_card.dat[0m                             |
\------------------------------------------------------------/
 you can also
   - enter the path to a valid card or banner.
   - use the 'set' command to modify a parameter directly.
     The set option works only for param_card and run_card.
     Type 'help set' for more information on this command.
   - call an external program (ASperGE/MadWidth/...).
     Type 'help' for the list of available command
 [[4m0[0m, done, 1, param, 2, run, 3, madspin, enter path] 
>[1mINFO: modify param_card information BLOCK dim6 with id (2,) set to 4.5 [0m
Do you want to edit a card (press enter to bypass editing)?
/------------------------------------------------------------\
|  [31m1[0m. param   : [32mparam_card.dat[0m                               |
|  [31m2[0m. run     : [32mrun_card.dat[0m                                 |
|  [31m3[0m. madspin : [32mmadspin_card.dat[0m                             |
\------------------------------------------------------------/
 you can also
   - enter the path to a valid card or banner.
   - use the 'set' command to modify a parameter directly.
     The set option works only for param_card and run_card.
     Type 'help set' for more information on this command.
   - call an external program (ASperGE/MadWidth/...).
     Type 'help' for the list of available command
 [[4m0[0m, done, 1, param, 2, run, 3, madspin, enter path] 
>[1mINFO: modify param_card information BLOCK dim6 with id (3,) set to 20.0 [0m
Do you want to edit a card (press enter to bypass editing)?
/------------------------------------------------------------\
|  [31m1[0m. param   : [32mparam_card.dat[0m                               |
|  [31m2[0m. run     : [32mrun_card.dat[0m                                 |
|  [31m3[0m. madspin : [32mmadspin_card.dat[0m                             |
\------------------------------------------------------------/
 you can also
   - enter the path to a valid card or banner.
   - use the 'set' command to modify a parameter directly.
     The set option works only for param_card and run_card.
     Type 'help set' for more information on this command.
   - call an external program (ASperGE/MadWidth/...).
     Type 'help' for the list of available command
 [[4m0[0m, done, 1, param, 2, run, 3, madspin, enter path] 
>[1;34mWARNING: invalid set command param_card dim6 4 0.000000e+00 [0m
Do you want to edit a card (press enter to bypass editing)?
/------------------------------------------------------------\
|  [31m1[0m. param   : [32mparam_card.dat[0m                               |
|  [31m2[0m. run     : [32mrun_card.dat[0m                                 |
|  [31m3[0m. madspin : [32mmadspin_card.dat[0m                             |
\------------------------------------------------------------/
 you can also
   - enter the path to a valid card or banner.
   - use the 'set' command to modify a parameter directly.
     The set option works only for param_card and run_card.
     Type 'help set' for more information on this command.
   - call an external program (ASperGE/MadWidth/...).
     Type 'help' for the list of available command
 [[4m0[0m, done, 1, param, 2, run, 3, madspin, enter path] 
>[1;34mWARNING: invalid set command param_card dim6 5 0.000000e+00 [0m
Do you want to edit a card (press enter to bypass editing)?
/------------------------------------------------------------\
|  [31m1[0m. param   : [32mparam_card.dat[0m                               |
|  [31m2[0m. run     : [32mrun_card.dat[0m                                 |
|  [31m3[0m. madspin : [32mmadspin_card.dat[0m                             |
\------------------------------------------------------------/
 you can also
   - enter the path to a valid card or banner.
   - use the 'set' command to modify a parameter directly.
     The set option works only for param_card and run_card.
     Type 'help set' for more information on this command.
   - call an external program (ASperGE/MadWidth/...).
     Type 'help' for the list of available command
 [[4m0[0m, done, 1, param, 2, run, 3, madspin, enter path] 
>[1;34mWARNING: invalid set command param_card dim6 6 0.000000e+00 [0m
Do you want to edit a card (press enter to bypass editing)?
/------------------------------------------------------------\
|  [31m1[0m. param   : [32mparam_card.dat[0m                               |
|  [31m2[0m. run     : [32mrun_card.dat[0m                                 |
|  [31m3[0m. madspin : [32mmadspin_card.dat[0m                             |
\------------------------------------------------------------/
 you can also
   - enter the path to a valid card or banner.
   - use the 'set' command to modify a parameter directly.
     The set option works only for param_card and run_card.
     Type 'help set' for more information on this command.
   - call an external program (ASperGE/MadWidth/...).
     Type 'help' for the list of available command
 [[4m0[0m, done, 1, param, 2, run, 3, madspin, enter path] 
>[1;34mWARNING: invalid set command param_card dim6 7 0.000000e+00 [0m
Do you want to edit a card (press enter to bypass editing)?
/------------------------------------------------------------\
|  [31m1[0m. param   : [32mparam_card.dat[0m                               |
|  [31m2[0m. run     : [32mrun_card.dat[0m                                 |
|  [31m3[0m. madspin : [32mmadspin_card.dat[0m                             |
\------------------------------------------------------------/
 you can also
   - enter the path to a valid card or banner.
   - use the 'set' command to modify a parameter directly.
     The set option works only for param_card and run_card.
     Type 'help set' for more information on this command.
   - call an external program (ASperGE/MadWidth/...).
     Type 'help' for the list of available command
 [[4m0[0m, done, 1, param, 2, run, 3, madspin, enter path] 
>[1;34mWARNING: invalid set command param_card dim6 8 0.000000e+00 [0m
Do you want to edit a card (press enter to bypass editing)?
/------------------------------------------------------------\
|  [31m1[0m. param   : [32mparam_card.dat[0m                               |
|  [31m2[0m. run     : [32mrun_card.dat[0m                                 |
|  [31m3[0m. madspin : [32mmadspin_card.dat[0m                             |
\------------------------------------------------------------/
 you can also
   - enter the path to a valid card or banner.
   - use the 'set' command to modify a parameter directly.
     The set option works only for param_card and run_card.
     Type 'help set' for more information on this command.
   - call an external program (ASperGE/MadWidth/...).
     Type 'help' for the list of available command
 [[4m0[0m, done, 1, param, 2, run, 3, madspin, enter path] 
>INFO: Update the dependent parameter of the param_card.dat 
[1;34mrun_card missed argument pt_min_pdg. Takes default: {}[0m
[1;34mrun_card missed argument pt_max_pdg. Takes default: {}[0m
[1;34mrun_card missed argument mxx_min_pdg. Takes default: {}[0m
INFO: Starting run 
INFO: Compiling the code 
[1;34mrun_card missed argument pt_min_pdg. Takes default: {}[0m
[1;34mrun_card missed argument pt_max_pdg. Takes default: {}[0m
[1;34mrun_card missed argument mxx_min_pdg. Takes default: {}[0m
INFO: Using LHAPDF v6.4.0 interface for PDFs 
INFO: Compiling source... 
INFO:           ...done, continuing with P* directories 
INFO: Compiling directories... 
INFO: Compiling on 16 cores 
INFO:  Compiling P0_uux_epvewm... 
INFO:  Compiling P0_ddx_epvewm... 
INFO:  Compiling P0_uxu_epvewm... 
INFO:  Compiling P0_dxd_epvewm... 
INFO:  Compiling P1_gu_epvewmu... 
INFO:  Compiling P1_gd_epvewmd... 
INFO:  Compiling P1_gux_epvewmux... 
INFO:  Compiling P1_gdx_epvewmdx... 
INFO:  Compiling P1_ug_epvewmu... 
INFO:  Compiling P1_uux_epvewmg... 
INFO:  Compiling P1_dg_epvewmd... 
INFO:  Compiling P1_ddx_epvewmg... 
INFO:  Compiling P1_uxg_epvewmux... 
INFO:  Compiling P1_uxu_epvewmg... 
INFO:  Compiling P1_dxg_epvewmdx... 
INFO:  Compiling P1_dxd_epvewmg... 
INFO:     P0_uux_epvewm done. 
INFO:     P0_dxd_epvewm done. 
INFO:     P0_uxu_epvewm done. 
INFO:     P0_ddx_epvewm done. 
INFO:     P1_ddx_epvewmg done. 
INFO:     P1_uux_epvewmg done. 
INFO:     P1_dxd_epvewmg done. 
INFO:     P1_uxu_epvewmg done. 
INFO:     P1_gd_epvewmd done. 
INFO:     P1_gu_epvewmu done. 
INFO:     P1_gdx_epvewmdx done. 
INFO:     P1_gux_epvewmux done. 
INFO:     P1_dg_epvewmd done. 
INFO:     P1_ug_epvewmu done. 
INFO:     P1_dxg_epvewmdx done. 
INFO:     P1_uxg_epvewmux done. 
INFO: Checking test output: 
INFO: P0_uux_epvewm 
INFO:  Result for test_ME: 
INFO:    Passed. 
INFO:  Result for test_MC: 
INFO:    Passed. 
INFO:  Result for check_poles: 
INFO:    Poles successfully cancel for 20 points over 20 (tolerance=-1.0e+00) 
INFO: P0_ddx_epvewm 
INFO:  Result for test_ME: 
INFO:    Passed. 
INFO:  Result for test_MC: 
INFO:    Passed. 
INFO:  Result for check_poles: 
INFO:    Poles successfully cancel for 20 points over 20 (tolerance=-1.0e+00) 
INFO: P0_uxu_epvewm 
INFO:  Result for test_ME: 
INFO:    Passed. 
INFO:  Result for test_MC: 
INFO:    Passed. 
INFO:  Result for check_poles: 
INFO:    Poles successfully cancel for 20 points over 20 (tolerance=-1.0e+00) 
INFO: P0_dxd_epvewm 
INFO:  Result for test_ME: 
INFO:    Passed. 
INFO:  Result for test_MC: 
INFO:    Passed. 
INFO:  Result for check_poles: 
INFO:    Poles successfully cancel for 20 points over 20 (tolerance=-1.0e+00) 
INFO: P1_gu_epvewmu 
INFO:  Result for test_ME: 
INFO:    Passed. 
INFO:  Result for test_MC: 
INFO:    Passed. 
INFO:  Result for check_poles: 
INFO:    Poles successfully cancel for 20 points over 20 (tolerance=-1.0e+00) 
INFO: P1_gd_epvewmd 
INFO:  Result for test_ME: 
INFO:    Passed. 
INFO:  Result for test_MC: 
INFO:    Passed. 
INFO:  Result for check_poles: 
INFO:    Poles successfully cancel for 20 points over 20 (tolerance=-1.0e+00) 
INFO: P1_gux_epvewmux 
INFO:  Result for test_ME: 
INFO:    Passed. 
INFO:  Result for test_MC: 
INFO:    Passed. 
INFO:  Result for check_poles: 
INFO:    Poles successfully cancel for 20 points over 20 (tolerance=-1.0e+00) 
INFO: P1_gdx_epvewmdx 
INFO:  Result for test_ME: 
INFO:    Passed. 
INFO:  Result for test_MC: 
INFO:    Passed. 
INFO:  Result for check_poles: 
INFO:    Poles successfully cancel for 20 points over 20 (tolerance=-1.0e+00) 
INFO: P1_ug_epvewmu 
INFO:  Result for test_ME: 
INFO:    Passed. 
INFO:  Result for test_MC: 
INFO:    Passed. 
INFO:  Result for check_poles: 
INFO:    Poles successfully cancel for 20 points over 20 (tolerance=-1.0e+00) 
INFO: P1_uux_epvewmg 
INFO:  Result for test_ME: 
INFO:    Passed. 
INFO:  Result for test_MC: 
INFO:    Passed. 
INFO:  Result for check_poles: 
INFO:    Poles successfully cancel for 20 points over 20 (tolerance=-1.0e+00) 
INFO: P1_dg_epvewmd 
INFO:  Result for test_ME: 
INFO:    Passed. 
INFO:  Result for test_MC: 
INFO:    Passed. 
INFO:  Result for check_poles: 
INFO:    Poles successfully cancel for 20 points over 20 (tolerance=-1.0e+00) 
INFO: P1_ddx_epvewmg 
INFO:  Result for test_ME: 
INFO:    Passed. 
INFO:  Result for test_MC: 
INFO:    Passed. 
INFO:  Result for check_poles: 
INFO:    Poles successfully cancel for 20 points over 20 (tolerance=-1.0e+00) 
INFO: P1_uxg_epvewmux 
INFO:  Result for test_ME: 
INFO:    Passed. 
INFO:  Result for test_MC: 
INFO:    Passed. 
INFO:  Result for check_poles: 
INFO:    Poles successfully cancel for 20 points over 20 (tolerance=-1.0e+00) 
INFO: P1_uxu_epvewmg 
INFO:  Result for test_ME: 
INFO:    Passed. 
INFO:  Result for test_MC: 
INFO:    Passed. 
INFO:  Result for check_poles: 
INFO:    Poles successfully cancel for 20 points over 20 (tolerance=-1.0e+00) 
INFO: P1_dxg_epvewmdx 
INFO:  Result for test_ME: 
INFO:    Passed. 
INFO:  Result for test_MC: 
INFO:    Passed. 
INFO:  Result for check_poles: 
INFO:    Poles successfully cancel for 20 points over 20 (tolerance=-1.0e+00) 
INFO: P1_dxd_epvewmg 
INFO:  Result for test_ME: 
INFO:    Passed. 
INFO:  Result for test_MC: 
INFO:    Passed. 
INFO:  Result for check_poles: 
INFO:    Poles successfully cancel for 20 points over 20 (tolerance=-1.0e+00) 
INFO: Starting run 
INFO: Using 16 cores 
INFO: Cleaning previous results 
INFO: Generating events without running the shower. 
INFO: Setting up grids 
INFO:  Idle: 220,  Running: 16,  Completed: 0 [ current time: 16h53 ] 
INFO:  Idle: 219,  Running: 16,  Completed: 1 [  9.6s  ] 
INFO:  Idle: 218,  Running: 16,  Completed: 2 [  9.7s  ] 
INFO:  Idle: 217,  Running: 16,  Completed: 3 [  9.9s  ] 
INFO:  Idle: 216,  Running: 16,  Completed: 4 [  10.1s  ] 
INFO:  Idle: 215,  Running: 16,  Completed: 5 [  10.2s  ] 
INFO:  Idle: 214,  Running: 16,  Completed: 6 [  10.2s  ] 
INFO:  Idle: 213,  Running: 16,  Completed: 7 [  10.3s  ] 
INFO:  Idle: 212,  Running: 16,  Completed: 8 [  10.5s  ] 
INFO:  Idle: 211,  Running: 16,  Completed: 9 [  20.5s  ] 
INFO:  Idle: 210,  Running: 16,  Completed: 10 [  20.7s  ] 
INFO:  Idle: 209,  Running: 16,  Completed: 11 [  20.8s  ] 
INFO:  Idle: 208,  Running: 16,  Completed: 12 [  21.2s  ] 
INFO:  Idle: 207,  Running: 16,  Completed: 13 [  21.8s  ] 
INFO:  Idle: 206,  Running: 16,  Completed: 14 [  32.1s  ] 
INFO:  Idle: 205,  Running: 16,  Completed: 15 [  32.2s  ] 
INFO:  Idle: 204,  Running: 16,  Completed: 16 [  32.4s  ] 
INFO:  Idle: 203,  Running: 16,  Completed: 17 [  43.7s  ] 
INFO:  Idle: 202,  Running: 16,  Completed: 18 [  44s  ] 
INFO:  Idle: 201,  Running: 16,  Completed: 19 [  44.2s  ] 
INFO:  Idle: 200,  Running: 16,  Completed: 20 [  44.5s  ] 
INFO:  Idle: 199,  Running: 16,  Completed: 21 [  46.3s  ] 
INFO:  Idle: 198,  Running: 16,  Completed: 22 [  53.2s  ] 
INFO:  Idle: 197,  Running: 16,  Completed: 23 [  55.2s  ] 
INFO:  Idle: 196,  Running: 16,  Completed: 24 [  1m 5s  ] 
INFO:  Idle: 195,  Running: 16,  Completed: 25 [  1m 19s  ] 
INFO:  Idle: 194,  Running: 16,  Completed: 26 [  1m 19s  ] 
INFO:  Idle: 193,  Running: 16,  Completed: 27 [  1m 22s  ] 
INFO:  Idle: 192,  Running: 16,  Completed: 28 [  1m 22s  ] 
INFO:  Idle: 191,  Running: 16,  Completed: 29 [  1m 45s  ] 
INFO:  Idle: 190,  Running: 16,  Completed: 30 [  1m 51s  ] 
INFO:  Idle: 189,  Running: 16,  Completed: 31 [  1m 53s  ] 
INFO:  Idle: 188,  Running: 16,  Completed: 32 [  2m 5s  ] 
INFO:  Idle: 187,  Running: 16,  Completed: 33 [  4m 34s  ] 
INFO:  Idle: 186,  Running: 16,  Completed: 34 [  8m 3s  ] 
INFO:  Idle: 185,  Running: 16,  Completed: 35 [  10m 15s  ] 
INFO:  Idle: 184,  Running: 16,  Completed: 36 [  11m 0s  ] 
INFO:  Idle: 183,  Running: 16,  Completed: 37 [  11m 16s  ] 
INFO:  Idle: 182,  Running: 16,  Completed: 38 [  11m 31s  ] 
INFO:  Idle: 181,  Running: 16,  Completed: 39 [  12m 47s  ] 
INFO:  Idle: 180,  Running: 16,  Completed: 40 [  12m 56s  ] 
INFO:  Idle: 179,  Running: 16,  Completed: 41 [  16m 11s  ] 
INFO:  Idle: 178,  Running: 16,  Completed: 42 [  18m 5s  ] 
INFO:  Idle: 177,  Running: 16,  Completed: 43 [  18m 30s  ] 
INFO:  Idle: 176,  Running: 16,  Completed: 44 [  20m 14s  ] 
INFO:  Idle: 175,  Running: 16,  Completed: 45 [  20m 15s  ] 
INFO:  Idle: 174,  Running: 16,  Completed: 46 [  20m 24s  ] 
INFO:  Idle: 173,  Running: 16,  Completed: 47 [  21m 1s  ] 
INFO:  Idle: 172,  Running: 16,  Completed: 48 [  21m 36s  ] 
INFO:  Idle: 171,  Running: 16,  Completed: 49 [  22m 34s  ] 
INFO:  Idle: 170,  Running: 16,  Completed: 50 [  23m 14s  ] 
INFO:  Idle: 169,  Running: 16,  Completed: 51 [  23m 36s  ] 
INFO:  Idle: 168,  Running: 16,  Completed: 52 [  24m 4s  ] 
INFO:  Idle: 167,  Running: 16,  Completed: 53 [  24m 40s  ] 
INFO:  Idle: 166,  Running: 16,  Completed: 54 [  25m 20s  ] 
INFO:  Idle: 165,  Running: 16,  Completed: 55 [  26m 9s  ] 
INFO:  Idle: 164,  Running: 16,  Completed: 56 [  26m 13s  ] 
INFO:  Idle: 163,  Running: 16,  Completed: 57 [  28m 7s  ] 
INFO:  Idle: 162,  Running: 16,  Completed: 58 [  29m 1s  ] 
INFO:  Idle: 161,  Running: 16,  Completed: 59 [  30m 55s  ] 
INFO:  Idle: 160,  Running: 16,  Completed: 60 [  31m 14s  ] 
INFO:  Idle: 159,  Running: 16,  Completed: 61 [  31m 16s  ] 
INFO:  Idle: 158,  Running: 16,  Completed: 62 [  31m 28s  ] 
INFO:  Idle: 157,  Running: 16,  Completed: 63 [  32m 33s  ] 
INFO:  Idle: 156,  Running: 16,  Completed: 64 [  35m 38s  ] 
INFO:  Idle: 155,  Running: 16,  Completed: 65 [  36m 3s  ] 
INFO:  Idle: 154,  Running: 16,  Completed: 66 [  36m 28s  ] 
INFO:  Idle: 153,  Running: 16,  Completed: 67 [  37m 11s  ] 
INFO:  Idle: 152,  Running: 16,  Completed: 68 [  37m 19s  ] 
INFO:  Idle: 151,  Running: 16,  Completed: 69 [  38m 5s  ] 
INFO:  Idle: 150,  Running: 16,  Completed: 70 [  39m 12s  ] 
INFO:  Idle: 149,  Running: 16,  Completed: 71 [  40m 43s  ] 
INFO:  Idle: 148,  Running: 16,  Completed: 72 [  41m 7s  ] 
INFO:  Idle: 147,  Running: 16,  Completed: 73 [  41m 26s  ] 
INFO:  Idle: 146,  Running: 16,  Completed: 74 [  41m 58s  ] 
INFO:  Idle: 145,  Running: 16,  Completed: 75 [  42m 13s  ] 
INFO:  Idle: 144,  Running: 16,  Completed: 76 [  47m 3s  ] 
INFO:  Idle: 143,  Running: 16,  Completed: 77 [  49m 21s  ] 
INFO:  Idle: 142,  Running: 16,  Completed: 78 [  49m 25s  ] 
INFO:  Idle: 141,  Running: 16,  Completed: 79 [  51m 4s  ] 
INFO:  Idle: 140,  Running: 16,  Completed: 80 [  51m 17s  ] 
INFO:  Idle: 139,  Running: 16,  Completed: 81 [  51m 24s  ] 
INFO:  Idle: 138,  Running: 16,  Completed: 82 [  52m 59s  ] 
INFO:  Idle: 137,  Running: 16,  Completed: 83 [  53m 28s  ] 
INFO:  Idle: 136,  Running: 16,  Completed: 84 [  54m 16s  ] 
INFO:  Idle: 135,  Running: 16,  Completed: 85 [  54m 24s  ] 
INFO:  Idle: 134,  Running: 16,  Completed: 86 [  55m 4s  ] 
INFO:  Idle: 133,  Running: 16,  Completed: 87 [  55m 48s  ] 
INFO:  Idle: 132,  Running: 16,  Completed: 88 [  56m 41s  ] 
INFO:  Idle: 131,  Running: 16,  Completed: 89 [  57m 39s  ] 
INFO:  Idle: 130,  Running: 16,  Completed: 90 [  59m 22s  ] 
INFO:  Idle: 129,  Running: 16,  Completed: 91 [  1h 0m  ] 
INFO:  Idle: 128,  Running: 16,  Completed: 92 [  1h 0m  ] 
INFO:  Idle: 127,  Running: 16,  Completed: 93 [  1h 1m  ] 
INFO:  Idle: 126,  Running: 16,  Completed: 94 [  1h 3m  ] 
INFO:  Idle: 125,  Running: 16,  Completed: 95 [  1h 4m  ] 
INFO:  Idle: 124,  Running: 16,  Completed: 96 [  1h 7m  ] 
INFO:  Idle: 123,  Running: 16,  Completed: 97 [  1h 7m  ] 
INFO:  Idle: 122,  Running: 16,  Completed: 98 [  1h 8m  ] 
INFO:  Idle: 121,  Running: 16,  Completed: 99 [  1h 8m  ] 
INFO:  Idle: 120,  Running: 16,  Completed: 100 [  1h 9m  ] 
INFO:  Idle: 119,  Running: 16,  Completed: 101 [  1h 10m  ] 
INFO:  Idle: 118,  Running: 16,  Completed: 102 [  1h 11m  ] 
INFO:  Idle: 117,  Running: 16,  Completed: 103 [  1h 13m  ] 
INFO:  Idle: 116,  Running: 16,  Completed: 104 [  1h 16m  ] 
INFO:  Idle: 115,  Running: 16,  Completed: 105 [  1h 17m  ] 
INFO:  Idle: 114,  Running: 16,  Completed: 106 [  1h 17m  ] 
INFO:  Idle: 113,  Running: 16,  Completed: 107 [  1h 17m  ] 
INFO:  Idle: 112,  Running: 16,  Completed: 108 [  1h 18m  ] 
INFO:  Idle: 111,  Running: 16,  Completed: 109 [  1h 18m  ] 
INFO:  Idle: 110,  Running: 16,  Completed: 110 [  1h 19m  ] 
INFO:  Idle: 109,  Running: 16,  Completed: 111 [  1h 20m  ] 
INFO:  Idle: 108,  Running: 16,  Completed: 112 [  1h 24m  ] 
INFO:  Idle: 107,  Running: 16,  Completed: 113 [  1h 26m  ] 
INFO:  Idle: 106,  Running: 16,  Completed: 114 [  1h 27m  ] 
INFO:  Idle: 105,  Running: 16,  Completed: 115 [  1h 28m  ] 
INFO:  Idle: 104,  Running: 16,  Completed: 116 [  1h 29m  ] 
INFO:  Idle: 103,  Running: 16,  Completed: 117 [  1h 31m  ] 
INFO:  Idle: 102,  Running: 16,  Completed: 118 [  1h 31m  ] 
INFO:  Idle: 101,  Running: 16,  Completed: 119 [  1h 32m  ] 
INFO:  Idle: 100,  Running: 16,  Completed: 120 [  1h 33m  ] 
INFO:  Idle: 99,  Running: 16,  Completed: 121 [  1h 34m  ] 
INFO:  Idle: 98,  Running: 16,  Completed: 122 [  1h 35m  ] 
INFO:  Idle: 97,  Running: 16,  Completed: 123 [  1h 36m  ] 
INFO:  Idle: 96,  Running: 16,  Completed: 124 [  1h 36m  ] 
INFO:  Idle: 95,  Running: 16,  Completed: 125 [  1h 37m  ] 
INFO:  Idle: 94,  Running: 16,  Completed: 126 [  1h 38m  ] 
INFO:  Idle: 93,  Running: 16,  Completed: 127 [  1h 39m  ] 
INFO:  Idle: 92,  Running: 16,  Completed: 128 [  1h 41m  ] 
INFO:  Idle: 91,  Running: 16,  Completed: 129 [  1h 43m  ] 
INFO:  Idle: 90,  Running: 16,  Completed: 130 [  1h 44m  ] 
INFO:  Idle: 89,  Running: 16,  Completed: 131 [  1h 44m  ] 
INFO:  Idle: 88,  Running: 16,  Completed: 132 [  1h 44m  ] 
INFO:  Idle: 87,  Running: 16,  Completed: 133 [  1h 44m  ] 
INFO:  Idle: 86,  Running: 16,  Completed: 134 [  1h 45m  ] 
INFO:  Idle: 85,  Running: 16,  Completed: 135 [  1h 47m  ] 
INFO:  Idle: 84,  Running: 16,  Completed: 136 [  1h 47m  ] 
INFO:  Idle: 83,  Running: 16,  Completed: 137 [  1h 47m  ] 
INFO:  Idle: 82,  Running: 16,  Completed: 138 [  1h 47m  ] 
INFO:  Idle: 81,  Running: 16,  Completed: 139 [  1h 49m  ] 
INFO:  Idle: 80,  Running: 16,  Completed: 140 [  1h 49m  ] 
INFO:  Idle: 79,  Running: 16,  Completed: 141 [  1h 51m  ] 
INFO:  Idle: 78,  Running: 16,  Completed: 142 [  1h 51m  ] 
INFO:  Idle: 77,  Running: 16,  Completed: 143 [  1h 54m  ] 
INFO:  Idle: 76,  Running: 16,  Completed: 144 [  1h 56m  ] 
INFO:  Idle: 75,  Running: 16,  Completed: 145 [  1h 57m  ] 
INFO:  Idle: 74,  Running: 16,  Completed: 146 [  2h 0m  ] 
INFO:  Idle: 73,  Running: 16,  Completed: 147 [  2h 1m  ] 
INFO:  Idle: 72,  Running: 16,  Completed: 148 [  2h 1m  ] 
INFO:  Idle: 71,  Running: 16,  Completed: 149 [  2h 2m  ] 
INFO:  Idle: 70,  Running: 16,  Completed: 150 [  2h 2m  ] 
INFO:  Idle: 69,  Running: 16,  Completed: 151 [  2h 3m  ] 
INFO:  Idle: 68,  Running: 16,  Completed: 152 [  2h 4m  ] 
INFO:  Idle: 67,  Running: 16,  Completed: 153 [  2h 6m  ] 
INFO:  Idle: 66,  Running: 16,  Completed: 154 [  2h 7m  ] 
INFO:  Idle: 65,  Running: 16,  Completed: 155 [  2h 9m  ] 
INFO:  Idle: 64,  Running: 16,  Completed: 156 [  2h 13m  ] 
INFO:  Idle: 63,  Running: 16,  Completed: 157 [  2h 15m  ] 
INFO:  Idle: 62,  Running: 16,  Completed: 158 [  2h 17m  ] 
INFO:  Idle: 61,  Running: 16,  Completed: 159 [  2h 17m  ] 
INFO:  Idle: 60,  Running: 16,  Completed: 160 [  2h 17m  ] 
INFO:  Idle: 59,  Running: 16,  Completed: 161 [  2h 18m  ] 
INFO:  Idle: 58,  Running: 16,  Completed: 162 [  2h 19m  ] 
INFO:  Idle: 57,  Running: 16,  Completed: 163 [  2h 20m  ] 
INFO:  Idle: 56,  Running: 16,  Completed: 164 [  2h 23m  ] 
INFO:  Idle: 55,  Running: 16,  Completed: 165 [  2h 24m  ] 
INFO:  Idle: 54,  Running: 16,  Completed: 166 [  2h 24m  ] 
INFO:  Idle: 53,  Running: 16,  Completed: 167 [  2h 25m  ] 
INFO:  Idle: 52,  Running: 16,  Completed: 168 [  2h 25m  ] 
INFO:  Idle: 51,  Running: 16,  Completed: 169 [  2h 26m  ] 
INFO:  Idle: 50,  Running: 16,  Completed: 170 [  2h 27m  ] 
INFO:  Idle: 49,  Running: 16,  Completed: 171 [  2h 29m  ] 
INFO:  Idle: 48,  Running: 16,  Completed: 172 [  2h 29m  ] 
INFO:  Idle: 47,  Running: 16,  Completed: 173 [  2h 30m  ] 
INFO:  Idle: 46,  Running: 16,  Completed: 174 [  2h 31m  ] 
INFO:  Idle: 45,  Running: 16,  Completed: 175 [  2h 34m  ] 
INFO:  Idle: 44,  Running: 16,  Completed: 176 [  2h 34m  ] 
INFO:  Idle: 43,  Running: 16,  Completed: 177 [  2h 34m  ] 
INFO:  Idle: 42,  Running: 16,  Completed: 178 [  2h 35m  ] 
INFO:  Idle: 41,  Running: 16,  Completed: 179 [  2h 36m  ] 
INFO:  Idle: 40,  Running: 16,  Completed: 180 [  2h 37m  ] 
INFO:  Idle: 39,  Running: 16,  Completed: 181 [  2h 40m  ] 
INFO:  Idle: 38,  Running: 16,  Completed: 182 [  2h 42m  ] 
INFO:  Idle: 37,  Running: 16,  Completed: 183 [  2h 43m  ] 
INFO:  Idle: 36,  Running: 16,  Completed: 184 [  2h 43m  ] 
INFO:  Idle: 35,  Running: 16,  Completed: 185 [  2h 45m  ] 
INFO:  Idle: 34,  Running: 16,  Completed: 186 [  2h 46m  ] 
INFO:  Idle: 33,  Running: 16,  Completed: 187 [  2h 46m  ] 
INFO:  Idle: 32,  Running: 16,  Completed: 188 [  2h 48m  ] 
INFO:  Idle: 31,  Running: 16,  Completed: 189 [  2h 49m  ] 
INFO:  Idle: 30,  Running: 16,  Completed: 190 [  2h 49m  ] 
INFO:  Idle: 29,  Running: 16,  Completed: 191 [  2h 50m  ] 
INFO:  Idle: 28,  Running: 16,  Completed: 192 [  2h 51m  ] 
INFO:  Idle: 27,  Running: 16,  Completed: 193 [  2h 52m  ] 
INFO:  Idle: 26,  Running: 16,  Completed: 194 [  2h 55m  ] 
INFO:  Idle: 25,  Running: 16,  Completed: 195 [  2h 55m  ] 
INFO:  Idle: 24,  Running: 16,  Completed: 196 [  2h 56m  ] 
INFO:  Idle: 23,  Running: 16,  Completed: 197 [  2h 57m  ] 
INFO:  Idle: 22,  Running: 16,  Completed: 198 [  2h 58m  ] 
INFO:  Idle: 21,  Running: 16,  Completed: 199 [  2h 59m  ] 
INFO:  Idle: 20,  Running: 16,  Completed: 200 [  3h 3m  ] 
INFO:  Idle: 19,  Running: 16,  Completed: 201 [  3h 3m  ] 
INFO:  Idle: 18,  Running: 16,  Completed: 202 [  3h 4m  ] 
INFO:  Idle: 17,  Running: 16,  Completed: 203 [  3h 4m  ] 
INFO:  Idle: 16,  Running: 16,  Completed: 204 [  3h 4m  ] 
INFO:  Idle: 15,  Running: 16,  Completed: 205 [  3h 6m  ] 
INFO:  Idle: 14,  Running: 16,  Completed: 206 [  3h 6m  ] 
INFO:  Idle: 13,  Running: 16,  Completed: 207 [  3h 8m  ] 
INFO:  Idle: 12,  Running: 16,  Completed: 208 [  3h 10m  ] 
INFO:  Idle: 11,  Running: 16,  Completed: 209 [  3h 10m  ] 
INFO:  Idle: 10,  Running: 16,  Completed: 210 [  3h 11m  ] 
INFO:  Idle: 9,  Running: 16,  Completed: 211 [  3h 12m  ] 
INFO:  Idle: 8,  Running: 16,  Completed: 212 [  3h 14m  ] 
INFO:  Idle: 7,  Running: 16,  Completed: 213 [  3h 15m  ] 
INFO:  Idle: 6,  Running: 16,  Completed: 214 [  3h 16m  ] 
INFO:  Idle: 5,  Running: 16,  Completed: 215 [  3h 16m  ] 
INFO:  Idle: 4,  Running: 16,  Completed: 216 [  3h 17m  ] 
INFO:  Idle: 3,  Running: 16,  Completed: 217 [  3h 19m  ] 
INFO:  Idle: 2,  Running: 16,  Completed: 218 [  3h 20m  ] 
INFO:  Idle: 1,  Running: 16,  Completed: 219 [  3h 23m  ] 
INFO:  Idle: 0,  Running: 16,  Completed: 220 [  3h 23m  ] 
INFO:  Idle: 0,  Running: 15,  Completed: 221 [  3h 24m  ] 
INFO:  Idle: 0,  Running: 14,  Completed: 222 [  3h 25m  ] 
INFO:  Idle: 0,  Running: 13,  Completed: 223 [  3h 25m  ] 
INFO:  Idle: 0,  Running: 12,  Completed: 224 [  3h 25m  ] 
INFO:  Idle: 0,  Running: 11,  Completed: 225 [  3h 25m  ] 
INFO:  Idle: 0,  Running: 10,  Completed: 226 [  3h 26m  ] 
INFO:  Idle: 0,  Running: 9,  Completed: 227 [  3h 30m  ] 
INFO:  Idle: 0,  Running: 8,  Completed: 228 [  3h 32m  ] 
INFO:  Idle: 0,  Running: 7,  Completed: 229 [  3h 32m  ] 
INFO:  Idle: 0,  Running: 6,  Completed: 230 [  3h 33m  ] 
INFO:  Idle: 0,  Running: 5,  Completed: 231 [  3h 34m  ] 
INFO:  Idle: 0,  Running: 4,  Completed: 232 [  3h 35m  ] 
INFO:  Idle: 0,  Running: 3,  Completed: 233 [  3h 37m  ] 
INFO:  Idle: 0,  Running: 2,  Completed: 234 [  3h 40m  ] 
INFO:  Idle: 0,  Running: 1,  Completed: 235 [  3h 57m  ] 
INFO:  Idle: 0,  Running: 0,  Completed: 236 [  4h 7m  ] 
sum of cpu time of last step: 0 second
INFO: Determining the number of unweighted events per channel

      Intermediate results:
      Random seed: 33
      Total cross section:      3.772e-01 +- 2.3e-03 pb
      Total abs(cross section): 7.477e-01 +- 2.7e-03 pb 

 
INFO: Computing upper envelope 
INFO:  Idle: 220,  Running: 16,  Completed: 0 [ current time: 21h00 ] 
INFO:  Idle: 219,  Running: 16,  Completed: 1 [  10.8s  ] 
INFO:  Idle: 218,  Running: 16,  Completed: 2 [  11.3s  ] 
INFO:  Idle: 217,  Running: 16,  Completed: 3 [  11.4s  ] 
INFO:  Idle: 216,  Running: 16,  Completed: 4 [  12s  ] 
INFO:  Idle: 215,  Running: 16,  Completed: 5 [  13.4s  ] 
INFO:  Idle: 214,  Running: 16,  Completed: 6 [  13.4s  ] 
INFO:  Idle: 213,  Running: 16,  Completed: 7 [  13.6s  ] 
INFO:  Idle: 212,  Running: 16,  Completed: 8 [  14s  ] 
INFO:  Idle: 211,  Running: 16,  Completed: 9 [  14.3s  ] 
INFO:  Idle: 210,  Running: 16,  Completed: 10 [  14.4s  ] 
INFO:  Idle: 209,  Running: 16,  Completed: 11 [  16.3s  ] 
INFO:  Idle: 208,  Running: 16,  Completed: 12 [  24.3s  ] 
INFO:  Idle: 207,  Running: 16,  Completed: 13 [  25.1s  ] 
INFO:  Idle: 206,  Running: 16,  Completed: 14 [  25.2s  ] 
INFO:  Idle: 205,  Running: 16,  Completed: 15 [  27.8s  ] 
INFO:  Idle: 204,  Running: 16,  Completed: 16 [  28s  ] 
INFO:  Idle: 203,  Running: 16,  Completed: 17 [  28.2s  ] 
INFO:  Idle: 202,  Running: 16,  Completed: 18 [  28.2s  ] 
INFO:  Idle: 201,  Running: 16,  Completed: 19 [  28.3s  ] 
INFO:  Idle: 200,  Running: 16,  Completed: 20 [  33.9s  ] 
INFO:  Idle: 199,  Running: 16,  Completed: 21 [  38s  ] 
INFO:  Idle: 198,  Running: 16,  Completed: 22 [  39.1s  ] 
INFO:  Idle: 197,  Running: 16,  Completed: 23 [  40.5s  ] 
INFO:  Idle: 196,  Running: 16,  Completed: 24 [  1m 10s  ] 
INFO:  Idle: 195,  Running: 16,  Completed: 25 [  1m 19s  ] 
INFO:  Idle: 194,  Running: 16,  Completed: 26 [  1m 21s  ] 
INFO:  Idle: 193,  Running: 16,  Completed: 27 [  1m 30s  ] 
INFO:  Idle: 192,  Running: 16,  Completed: 28 [  1m 32s  ] 
INFO:  Idle: 191,  Running: 16,  Completed: 29 [  1m 36s  ] 
INFO:  Idle: 190,  Running: 16,  Completed: 30 [  3m 2s  ] 
INFO:  Idle: 189,  Running: 16,  Completed: 31 [  3m 10s  ] 
INFO:  Idle: 188,  Running: 16,  Completed: 32 [  3m 11s  ] 
INFO:  Idle: 187,  Running: 16,  Completed: 33 [  3m 13s  ] 
INFO:  Idle: 186,  Running: 16,  Completed: 34 [  3m 23s  ] 
INFO:  Idle: 185,  Running: 16,  Completed: 35 [  3m 23s  ] 
INFO:  Idle: 184,  Running: 16,  Completed: 36 [  3m 24s  ] 
INFO:  Idle: 183,  Running: 16,  Completed: 37 [  3m 36s  ] 
INFO:  Idle: 182,  Running: 16,  Completed: 38 [  4m 4s  ] 
INFO:  Idle: 181,  Running: 16,  Completed: 39 [  4m 18s  ] 
INFO:  Idle: 180,  Running: 16,  Completed: 40 [  4m 21s  ] 
INFO:  Idle: 179,  Running: 16,  Completed: 41 [  4m 22s  ] 
INFO:  Idle: 178,  Running: 16,  Completed: 42 [  4m 25s  ] 
INFO:  Idle: 177,  Running: 16,  Completed: 43 [  4m 25s  ] 
INFO:  Idle: 176,  Running: 16,  Completed: 44 [  4m 38s  ] 
INFO:  Idle: 175,  Running: 16,  Completed: 45 [  4m 42s  ] 
INFO:  Idle: 174,  Running: 16,  Completed: 46 [  4m 43s  ] 
INFO:  Idle: 173,  Running: 16,  Completed: 47 [  4m 43s  ] 
INFO:  Idle: 172,  Running: 16,  Completed: 48 [  5m 6s  ] 
INFO:  Idle: 171,  Running: 16,  Completed: 49 [  5m 19s  ] 
INFO:  Idle: 170,  Running: 16,  Completed: 50 [  5m 27s  ] 
INFO:  Idle: 169,  Running: 16,  Completed: 51 [  5m 30s  ] 
INFO:  Idle: 168,  Running: 16,  Completed: 52 [  5m 42s  ] 
INFO:  Idle: 167,  Running: 16,  Completed: 53 [  5m 51s  ] 
INFO:  Idle: 166,  Running: 16,  Completed: 54 [  6m 13s  ] 
INFO:  Idle: 165,  Running: 16,  Completed: 55 [  6m 23s  ] 
INFO:  Idle: 164,  Running: 16,  Completed: 56 [  6m 24s  ] 
INFO:  Idle: 163,  Running: 16,  Completed: 57 [  6m 36s  ] 
INFO:  Idle: 162,  Running: 16,  Completed: 58 [  6m 42s  ] 
INFO:  Idle: 161,  Running: 16,  Completed: 59 [  6m 49s  ] 
INFO:  Idle: 160,  Running: 16,  Completed: 60 [  6m 50s  ] 
INFO:  Idle: 159,  Running: 16,  Completed: 61 [  7m 12s  ] 
INFO:  Idle: 158,  Running: 16,  Completed: 62 [  7m 20s  ] 
INFO:  Idle: 157,  Running: 16,  Completed: 63 [  7m 24s  ] 
INFO:  Idle: 156,  Running: 16,  Completed: 64 [  7m 26s  ] 
INFO:  Idle: 155,  Running: 16,  Completed: 65 [  7m 37s  ] 
INFO:  Idle: 154,  Running: 16,  Completed: 66 [  8m 13s  ] 
INFO:  Idle: 153,  Running: 16,  Completed: 67 [  8m 19s  ] 
INFO:  Idle: 152,  Running: 16,  Completed: 68 [  8m 35s  ] 
INFO:  Idle: 151,  Running: 16,  Completed: 69 [  8m 46s  ] 
INFO:  Idle: 150,  Running: 16,  Completed: 70 [  8m 56s  ] 
INFO:  Idle: 149,  Running: 16,  Completed: 71 [  8m 58s  ] 
INFO:  Idle: 148,  Running: 16,  Completed: 72 [  9m 5s  ] 
INFO:  Idle: 147,  Running: 16,  Completed: 73 [  9m 11s  ] 
INFO:  Idle: 146,  Running: 16,  Completed: 74 [  9m 14s  ] 
INFO:  Idle: 145,  Running: 16,  Completed: 75 [  9m 27s  ] 
INFO:  Idle: 144,  Running: 16,  Completed: 76 [  9m 41s  ] 
INFO:  Idle: 143,  Running: 16,  Completed: 77 [  9m 42s  ] 
INFO:  Idle: 142,  Running: 16,  Completed: 78 [  9m 44s  ] 
INFO:  Idle: 141,  Running: 16,  Completed: 79 [  9m 54s  ] 
INFO:  Idle: 140,  Running: 16,  Completed: 80 [  9m 54s  ] 
INFO:  Idle: 139,  Running: 16,  Completed: 81 [  9m 56s  ] 
INFO:  Idle: 138,  Running: 16,  Completed: 82 [  10m 14s  ] 
INFO:  Idle: 137,  Running: 16,  Completed: 83 [  10m 21s  ] 
INFO:  Idle: 136,  Running: 16,  Completed: 84 [  10m 22s  ] 
INFO:  Idle: 135,  Running: 16,  Completed: 85 [  10m 27s  ] 
INFO:  Idle: 134,  Running: 16,  Completed: 86 [  10m 33s  ] 
INFO:  Idle: 133,  Running: 16,  Completed: 87 [  10m 54s  ] 
INFO:  Idle: 132,  Running: 16,  Completed: 88 [  11m 9s  ] 
INFO:  Idle: 131,  Running: 16,  Completed: 89 [  11m 13s  ] 
INFO:  Idle: 130,  Running: 16,  Completed: 90 [  11m 13s  ] 
INFO:  Idle: 129,  Running: 16,  Completed: 91 [  11m 26s  ] 
INFO:  Idle: 128,  Running: 16,  Completed: 92 [  11m 31s  ] 
INFO:  Idle: 127,  Running: 16,  Completed: 93 [  11m 33s  ] 
INFO:  Idle: 126,  Running: 16,  Completed: 94 [  11m 36s  ] 
INFO:  Idle: 125,  Running: 16,  Completed: 95 [  11m 49s  ] 
INFO:  Idle: 124,  Running: 16,  Completed: 96 [  11m 57s  ] 
INFO:  Idle: 123,  Running: 16,  Completed: 97 [  12m 0s  ] 
INFO:  Idle: 122,  Running: 16,  Completed: 98 [  12m 16s  ] 
INFO:  Idle: 121,  Running: 16,  Completed: 99 [  12m 29s  ] 
INFO:  Idle: 120,  Running: 16,  Completed: 100 [  12m 38s  ] 
INFO:  Idle: 119,  Running: 16,  Completed: 101 [  12m 59s  ] 
INFO:  Idle: 118,  Running: 16,  Completed: 102 [  13m 13s  ] 
INFO:  Idle: 117,  Running: 16,  Completed: 103 [  13m 19s  ] 
INFO:  Idle: 116,  Running: 16,  Completed: 104 [  13m 21s  ] 
INFO:  Idle: 115,  Running: 16,  Completed: 105 [  14m 9s  ] 
INFO:  Idle: 114,  Running: 16,  Completed: 106 [  14m 11s  ] 
INFO:  Idle: 113,  Running: 16,  Completed: 107 [  14m 36s  ] 
INFO:  Idle: 112,  Running: 16,  Completed: 108 [  15m 9s  ] 
INFO:  Idle: 111,  Running: 16,  Completed: 109 [  15m 16s  ] 
INFO:  Idle: 110,  Running: 16,  Completed: 110 [  15m 54s  ] 
INFO:  Idle: 109,  Running: 16,  Completed: 111 [  15m 54s  ] 
INFO:  Idle: 108,  Running: 16,  Completed: 112 [  16m 21s  ] 
INFO:  Idle: 107,  Running: 16,  Completed: 113 [  16m 27s  ] 
INFO:  Idle: 106,  Running: 16,  Completed: 114 [  16m 50s  ] 
INFO:  Idle: 105,  Running: 16,  Completed: 115 [  17m 5s  ] 
INFO:  Idle: 104,  Running: 16,  Completed: 116 [  17m 46s  ] 
INFO:  Idle: 102,  Running: 16,  Completed: 118 [  19m 26s  ] 
INFO:  Idle: 101,  Running: 16,  Completed: 119 [  20m 27s  ] 
INFO:  Idle: 100,  Running: 16,  Completed: 120 [  20m 41s  ] 
INFO:  Idle: 99,  Running: 16,  Completed: 121 [  21m 12s  ] 
INFO:  Idle: 98,  Running: 16,  Completed: 122 [  21m 22s  ] 
INFO:  Idle: 97,  Running: 16,  Completed: 123 [  21m 48s  ] 
INFO:  Idle: 96,  Running: 16,  Completed: 124 [  22m 9s  ] 
INFO:  Idle: 95,  Running: 16,  Completed: 125 [  22m 15s  ] 
INFO:  Idle: 94,  Running: 16,  Completed: 126 [  22m 19s  ] 
INFO:  Idle: 93,  Running: 16,  Completed: 127 [  23m 15s  ] 
INFO:  Idle: 92,  Running: 16,  Completed: 128 [  23m 23s  ] 
INFO:  Idle: 91,  Running: 16,  Completed: 129 [  23m 26s  ] 
INFO:  Idle: 90,  Running: 16,  Completed: 130 [  24m 10s  ] 
INFO:  Idle: 89,  Running: 16,  Completed: 131 [  24m 52s  ] 
INFO:  Idle: 88,  Running: 16,  Completed: 132 [  25m 27s  ] 
INFO:  Idle: 87,  Running: 16,  Completed: 133 [  25m 36s  ] 
INFO:  Idle: 86,  Running: 16,  Completed: 134 [  26m 18s  ] 
INFO:  Idle: 85,  Running: 16,  Completed: 135 [  27m 13s  ] 
INFO:  Idle: 84,  Running: 16,  Completed: 136 [  27m 16s  ] 
INFO:  Idle: 83,  Running: 16,  Completed: 137 [  27m 51s  ] 
INFO:  Idle: 82,  Running: 16,  Completed: 138 [  28m 49s  ] 
INFO:  Idle: 81,  Running: 16,  Completed: 139 [  29m 13s  ] 
INFO:  Idle: 80,  Running: 16,  Completed: 140 [  30m 2s  ] 
INFO:  Idle: 79,  Running: 16,  Completed: 141 [  30m 13s  ] 
INFO:  Idle: 78,  Running: 16,  Completed: 142 [  30m 36s  ] 
INFO:  Idle: 77,  Running: 16,  Completed: 143 [  31m 32s  ] 
INFO:  Idle: 76,  Running: 16,  Completed: 144 [  32m 6s  ] 
INFO:  Idle: 75,  Running: 16,  Completed: 145 [  32m 44s  ] 
INFO:  Idle: 74,  Running: 16,  Completed: 146 [  33m 20s  ] 
INFO:  Idle: 73,  Running: 16,  Completed: 147 [  33m 42s  ] 
INFO:  Idle: 72,  Running: 16,  Completed: 148 [  34m 5s  ] 
INFO:  Idle: 71,  Running: 16,  Completed: 149 [  34m 43s  ] 
INFO:  Idle: 70,  Running: 16,  Completed: 150 [  34m 58s  ] 
INFO:  Idle: 69,  Running: 16,  Completed: 151 [  35m 13s  ] 
INFO:  Idle: 68,  Running: 16,  Completed: 152 [  35m 53s  ] 
INFO:  Idle: 67,  Running: 16,  Completed: 153 [  36m 18s  ] 
INFO:  Idle: 66,  Running: 16,  Completed: 154 [  36m 40s  ] 
INFO:  Idle: 65,  Running: 16,  Completed: 155 [  37m 12s  ] 
INFO:  Idle: 64,  Running: 16,  Completed: 156 [  37m 16s  ] 
INFO:  Idle: 63,  Running: 16,  Completed: 157 [  37m 18s  ] 
INFO:  Idle: 62,  Running: 16,  Completed: 158 [  37m 47s  ] 
INFO:  Idle: 61,  Running: 16,  Completed: 159 [  38m 21s  ] 
INFO:  Idle: 60,  Running: 16,  Completed: 160 [  38m 26s  ] 
INFO:  Idle: 59,  Running: 16,  Completed: 161 [  38m 28s  ] 
INFO:  Idle: 58,  Running: 16,  Completed: 162 [  38m 42s  ] 
INFO:  Idle: 57,  Running: 16,  Completed: 163 [  38m 57s  ] 
INFO:  Idle: 56,  Running: 16,  Completed: 164 [  39m 33s  ] 
INFO:  Idle: 55,  Running: 16,  Completed: 165 [  39m 33s  ] 
INFO:  Idle: 54,  Running: 16,  Completed: 166 [  39m 47s  ] 
INFO:  Idle: 53,  Running: 16,  Completed: 167 [  40m 47s  ] 
INFO:  Idle: 52,  Running: 16,  Completed: 168 [  41m 23s  ] 
INFO:  Idle: 51,  Running: 16,  Completed: 169 [  42m 11s  ] 
INFO:  Idle: 50,  Running: 16,  Completed: 170 [  42m 17s  ] 
INFO:  Idle: 49,  Running: 16,  Completed: 171 [  42m 36s  ] 
INFO:  Idle: 48,  Running: 16,  Completed: 172 [  43m 5s  ] 
INFO:  Idle: 47,  Running: 16,  Completed: 173 [  43m 37s  ] 
INFO:  Idle: 46,  Running: 16,  Completed: 174 [  43m 54s  ] 
INFO:  Idle: 45,  Running: 16,  Completed: 175 [  44m 28s  ] 
INFO:  Idle: 44,  Running: 16,  Completed: 176 [  45m 6s  ] 
INFO:  Idle: 43,  Running: 16,  Completed: 177 [  45m 24s  ] 
INFO:  Idle: 42,  Running: 16,  Completed: 178 [  46m 40s  ] 
INFO:  Idle: 41,  Running: 16,  Completed: 179 [  48m 10s  ] 
INFO:  Idle: 40,  Running: 16,  Completed: 180 [  49m 31s  ] 
INFO:  Idle: 39,  Running: 16,  Completed: 181 [  50m 43s  ] 
INFO:  Idle: 38,  Running: 16,  Completed: 182 [  50m 45s  ] 
INFO:  Idle: 37,  Running: 16,  Completed: 183 [  52m 2s  ] 
INFO:  Idle: 36,  Running: 16,  Completed: 184 [  53m 11s  ] 
INFO:  Idle: 35,  Running: 16,  Completed: 185 [  55m 29s  ] 
INFO:  Idle: 34,  Running: 16,  Completed: 186 [  55m 59s  ] 
INFO:  Idle: 33,  Running: 16,  Completed: 187 [  56m 57s  ] 
INFO:  Idle: 32,  Running: 16,  Completed: 188 [  57m 23s  ] 
INFO:  Idle: 31,  Running: 16,  Completed: 189 [  57m 58s  ] 
INFO:  Idle: 30,  Running: 16,  Completed: 190 [  58m 51s  ] 
INFO:  Idle: 29,  Running: 16,  Completed: 191 [  59m 2s  ] 
INFO:  Idle: 28,  Running: 16,  Completed: 192 [  59m 25s  ] 
INFO:  Idle: 27,  Running: 16,  Completed: 193 [  59m 54s  ] 
INFO:  Idle: 26,  Running: 16,  Completed: 194 [  59m 56s  ] 
INFO:  Idle: 25,  Running: 16,  Completed: 195 [  1h 0m  ] 
INFO:  Idle: 24,  Running: 16,  Completed: 196 [  1h 0m  ] 
INFO:  Idle: 23,  Running: 16,  Completed: 197 [  1h 0m  ] 
INFO:  Idle: 22,  Running: 16,  Completed: 198 [  1h 0m  ] 
INFO:  Idle: 21,  Running: 16,  Completed: 199 [  1h 1m  ] 
INFO:  Idle: 20,  Running: 16,  Completed: 200 [  1h 2m  ] 
INFO:  Idle: 19,  Running: 16,  Completed: 201 [  1h 2m  ] 
INFO:  Idle: 18,  Running: 16,  Completed: 202 [  1h 3m  ] 
INFO:  Idle: 17,  Running: 16,  Completed: 203 [  1h 3m  ] 
INFO:  Idle: 16,  Running: 16,  Completed: 204 [  1h 4m  ] 
INFO:  Idle: 15,  Running: 16,  Completed: 205 [  1h 4m  ] 
INFO:  Idle: 14,  Running: 16,  Completed: 206 [  1h 4m  ] 
INFO:  Idle: 13,  Running: 16,  Completed: 207 [  1h 5m  ] 
INFO:  Idle: 12,  Running: 16,  Completed: 208 [  1h 5m  ] 
INFO:  Idle: 11,  Running: 16,  Completed: 209 [  1h 5m  ] 
INFO:  Idle: 10,  Running: 16,  Completed: 210 [  1h 5m  ] 
INFO:  Idle: 9,  Running: 16,  Completed: 211 [  1h 6m  ] 
INFO:  Idle: 8,  Running: 16,  Completed: 212 [  1h 6m  ] 
INFO:  Idle: 7,  Running: 16,  Completed: 213 [  1h 6m  ] 
INFO:  Idle: 6,  Running: 16,  Completed: 214 [  1h 6m  ] 
INFO:  Idle: 5,  Running: 16,  Completed: 215 [  1h 7m  ] 
INFO:  Idle: 4,  Running: 16,  Completed: 216 [  1h 7m  ] 
INFO:  Idle: 3,  Running: 16,  Completed: 217 [  1h 7m  ] 
INFO:  Idle: 2,  Running: 16,  Completed: 218 [  1h 8m  ] 
INFO:  Idle: 1,  Running: 16,  Completed: 219 [  1h 8m  ] 
INFO:  Idle: 0,  Running: 16,  Completed: 220 [  1h 9m  ] 
INFO:  Idle: 0,  Running: 15,  Completed: 221 [  1h 9m  ] 
INFO:  Idle: 0,  Running: 14,  Completed: 222 [  1h 10m  ] 
INFO:  Idle: 0,  Running: 13,  Completed: 223 [  1h 11m  ] 
INFO:  Idle: 0,  Running: 12,  Completed: 224 [  1h 11m  ] 
INFO:  Idle: 0,  Running: 11,  Completed: 225 [  1h 12m  ] 
INFO:  Idle: 0,  Running: 10,  Completed: 226 [  1h 14m  ] 
INFO:  Idle: 0,  Running: 9,  Completed: 227 [  1h 41m  ] 
INFO:  Idle: 0,  Running: 8,  Completed: 228 [  1h 42m  ] 
INFO:  Idle: 0,  Running: 7,  Completed: 229 [  1h 46m  ] 
INFO:  Idle: 0,  Running: 6,  Completed: 230 [  1h 49m  ] 
INFO:  Idle: 0,  Running: 5,  Completed: 231 [  1h 51m  ] 
INFO:  Idle: 0,  Running: 4,  Completed: 232 [  1h 54m  ] 
INFO:  Idle: 0,  Running: 3,  Completed: 233 [  1h 56m  ] 
INFO:  Idle: 0,  Running: 2,  Completed: 234 [  2h 19m  ] 
INFO:  Idle: 0,  Running: 1,  Completed: 235 [  2h 21m  ] 
INFO:  Idle: 0,  Running: 0,  Completed: 236 [  3h 55m  ] 
sum of cpu time of last step: 0 second
INFO: Updating the number of unweighted events per channel

      Intermediate results:
      Random seed: 33
      Total cross section:      3.775e-01 +- 6.7e-04 pb
      Total abs(cross section): 7.695e-01 +- 6.9e-04 pb 

 
INFO: Generating events 
INFO:  Idle: 48,  Running: 16,  Completed: 5 [ current time: 00h56 ] 
INFO:  Idle: 47,  Running: 16,  Completed: 6 [  0.14s  ] 
INFO:  Idle: 46,  Running: 16,  Completed: 7 [  0.37s  ] 
INFO:  Idle: 45,  Running: 16,  Completed: 8 [  1.9s  ] 
INFO:  Idle: 44,  Running: 16,  Completed: 9 [  2.1s  ] 
INFO:  Idle: 43,  Running: 16,  Completed: 10 [  2.2s  ] 
INFO:  Idle: 42,  Running: 16,  Completed: 11 [  4.4s  ] 
INFO:  Idle: 41,  Running: 16,  Completed: 12 [  5.2s  ] 
INFO:  Idle: 40,  Running: 16,  Completed: 13 [  5.4s  ] 
INFO:  Idle: 39,  Running: 16,  Completed: 14 [  5.4s  ] 
INFO:  Idle: 38,  Running: 16,  Completed: 15 [  5.7s  ] 
INFO:  Idle: 37,  Running: 16,  Completed: 16 [  5.9s  ] 
INFO:  Idle: 36,  Running: 16,  Completed: 17 [  6s  ] 
INFO:  Idle: 35,  Running: 16,  Completed: 18 [  6.9s  ] 
INFO:  Idle: 33,  Running: 16,  Completed: 20 [  7.1s  ] 
INFO:  Idle: 32,  Running: 16,  Completed: 21 [  7.3s  ] 
INFO:  Idle: 31,  Running: 16,  Completed: 22 [  7.6s  ] 
INFO:  Idle: 30,  Running: 16,  Completed: 23 [  7.8s  ] 
INFO:  Idle: 29,  Running: 16,  Completed: 24 [  7.9s  ] 
INFO:  Idle: 28,  Running: 16,  Completed: 25 [  8s  ] 
INFO:  Idle: 27,  Running: 16,  Completed: 26 [  8.1s  ] 
INFO:  Idle: 26,  Running: 16,  Completed: 27 [  8.6s  ] 
INFO:  Idle: 25,  Running: 16,  Completed: 28 [  8.9s  ] 
INFO:  Idle: 24,  Running: 16,  Completed: 29 [  9.2s  ] 
INFO:  Idle: 23,  Running: 16,  Completed: 30 [  9.2s  ] 
INFO:  Idle: 22,  Running: 16,  Completed: 31 [  9.3s  ] 
INFO:  Idle: 21,  Running: 16,  Completed: 32 [  9.3s  ] 
INFO:  Idle: 20,  Running: 16,  Completed: 33 [  9.4s  ] 
INFO:  Idle: 19,  Running: 16,  Completed: 34 [  9.5s  ] 
INFO:  Idle: 18,  Running: 16,  Completed: 35 [  9.5s  ] 
INFO:  Idle: 17,  Running: 16,  Completed: 36 [  9.5s  ] 
INFO:  Idle: 16,  Running: 16,  Completed: 37 [  9.6s  ] 
INFO:  Idle: 15,  Running: 16,  Completed: 38 [  9.6s  ] 
INFO:  Idle: 14,  Running: 16,  Completed: 39 [  9.7s  ] 
INFO:  Idle: 13,  Running: 16,  Completed: 40 [  9.7s  ] 
INFO:  Idle: 12,  Running: 16,  Completed: 41 [  9.7s  ] 
INFO:  Idle: 11,  Running: 16,  Completed: 42 [  9.7s  ] 
INFO:  Idle: 10,  Running: 16,  Completed: 43 [  9.8s  ] 
INFO:  Idle: 9,  Running: 16,  Completed: 44 [  9.8s  ] 
INFO:  Idle: 8,  Running: 16,  Completed: 45 [  9.8s  ] 
INFO:  Idle: 7,  Running: 16,  Completed: 46 [  9.8s  ] 
INFO:  Idle: 6,  Running: 16,  Completed: 47 [  9.9s  ] 
INFO:  Idle: 5,  Running: 16,  Completed: 48 [  9.9s  ] 
INFO:  Idle: 4,  Running: 16,  Completed: 49 [  9.9s  ] 
INFO:  Idle: 3,  Running: 16,  Completed: 50 [  10s  ] 
INFO:  Idle: 2,  Running: 16,  Completed: 51 [  10s  ] 
INFO:  Idle: 1,  Running: 16,  Completed: 52 [  10s  ] 
INFO:  Idle: 0,  Running: 16,  Completed: 53 [  10s  ] 
INFO:  Idle: 0,  Running: 15,  Completed: 54 [  10s  ] 
INFO:  Idle: 0,  Running: 14,  Completed: 55 [  10.1s  ] 
INFO:  Idle: 0,  Running: 13,  Completed: 56 [  10.1s  ] 
INFO:  Idle: 0,  Running: 12,  Completed: 57 [  10.1s  ] 
INFO:  Idle: 0,  Running: 11,  Completed: 58 [  10.2s  ] 
INFO:  Idle: 0,  Running: 10,  Completed: 59 [  10.2s  ] 
INFO:  Idle: 0,  Running: 9,  Completed: 60 [  10.3s  ] 
INFO:  Idle: 0,  Running: 8,  Completed: 61 [  10.3s  ] 
INFO:  Idle: 0,  Running: 7,  Completed: 62 [  10.4s  ] 
INFO:  Idle: 0,  Running: 6,  Completed: 63 [  10.6s  ] 
INFO:  Idle: 0,  Running: 5,  Completed: 64 [  10.9s  ] 
INFO:  Idle: 0,  Running: 4,  Completed: 65 [  14.2s  ] 
INFO:  Idle: 0,  Running: 3,  Completed: 66 [  17.7s  ] 
INFO:  Idle: 0,  Running: 2,  Completed: 67 [  23.9s  ] 
INFO:  Idle: 0,  Running: 1,  Completed: 68 [  36.2s  ] 
INFO:  Idle: 0,  Running: 0,  Completed: 69 [  1m 6s  ] 
sum of cpu time of last step: 0 second
INFO:    Doing reweight 
INFO:  Idle: 0,  Running: 0,  Completed: 69 [ current time: 00h57 ] 
INFO: Collecting events 
INFO: 
   --------------------------------------------------------------
      Summary:
      Process p p > ell+ vl w- $$ t t~ H QED=3 [QCD] @0 ; p p > ell+ vl w- j $$ t t~ H QED=3 [QCD] @1
      Run at p-p collider (6500.0 + 6500.0 GeV)
      Number of events generated: 1000
      Total cross section: 3.707e-01 +- 6.6e-04 pb
   --------------------------------------------------------------
 
INFO: The /pool/condor/dir_11911/genproductions/bin/MadGraph5_aMCatNLO/WmWpToLpNujj_01j_aTGC_pTW-150toInf_mWV-800toInf_4f_NLO_FXFX/WmWpToLpNujj_01j_aTGC_pTW-150toInf_mWV-800toInf_4f_NLO_FXFX_gridpack/work/processtmp/Events/pilotrun/events.lhe.gz file has been generated.
 
INFO: Events generated 
reweight -from_cards
decay_events -from_cards
INFO: Running MadSpin 
INFO: This functionality allows for the decay of resonances 
INFO: in a .lhe file, keeping track of the spin correlation effets. 
INFO: BE AWARE OF THE CURRENT LIMITATIONS: 
INFO:   (1) Only a succession of 2 body decay are currently allowed 
************************************************************
*                                                          *
*           W E L C O M E  to  M A D S P I N               *
*                                                          *
************************************************************
INFO: Extracting the banner ... 
INFO: process: p p > ell+ vl w-  
INFO: options: $$ t t~ H QED=3   
INFO: detected model: EWdim6NLO-no_cmass_cwwwcbcw. Loading... 
set lhapdf to /cvmfs/cms.cern.ch/slc7_amd64_gcc10/external/lhapdf/6.4.0-68defff11ffd434c73727d03802bfb85/share/LHAPDF/../../bin/lhapdf-config
set lhapdf to /cvmfs/cms.cern.ch/slc7_amd64_gcc10/external/lhapdf/6.4.0-68defff11ffd434c73727d03802bfb85/share/LHAPDF/../../bin/lhapdf-config
set ninja to /pool/condor/dir_11911/genproductions/bin/MadGraph5_aMCatNLO/WmWpToLpNujj_01j_aTGC_pTW-150toInf_mWV-800toInf_4f_NLO_FXFX/WmWpToLpNujj_01j_aTGC_pTW-150toInf_mWV-800toInf_4f_NLO_FXFX_gridpack/work/MG5_aMC_v2_9_12/HEPTools/lib
set ms_dir ./madspingrid
set Nevents_for_max_weight 250 # number of events for the estimate of the max. weight
set max_weight_ps_point 400  # number of PS to estimate the maximum for each event
set BW_cut 15
set max_running_process 1
define q = g u c d s u~ c~ d~ s~
define q = g u c d s u~ c~ d~ s~
Defined multiparticle q = g u c d s u~ c~ d~ s~
decay w+ > q q
decay w- > q q
launch
INFO: Will use seed 551912376 
[1;34mWARNING: set the mass of the b-quark to its value in the param_card.dat: 4.7 GeV  [0m
INFO: We need to recalculate the branching fractions for w+,w- 
INFO: using the FeynRules formula present in the model (arXiv:1402.1178) 
INFO: Restrict model /pool/condor/dir_11911/genproductions/bin/MadGraph5_aMCatNLO/WmWpToLpNujj_01j_aTGC_pTW-150toInf_mWV-800toInf_4f_NLO_FXFX/WmWpToLpNujj_01j_aTGC_pTW-150toInf_mWV-800toInf_4f_NLO_FXFX_gridpack/work/MG5_aMC_v2_9_12/models/EWdim6NLO-no_cmass_cwwwcbcw with file ../MG5_aMC_v2_9_12/models/EWdim6NLO/restrict_no_cmass_cwwwcbcw.dat . 
INFO: Run "set stdout_level DEBUG" before import for more information. 
INFO:    
INFO: decay channels for w+ : ( width = 2.002945 GeV ) 
INFO:        BR                 d1  d2 
INFO:    3.333333e-01            s~  c  
INFO:    3.333333e-01            d~  u  
INFO:    1.111111e-01            ta+  vt  
INFO:    1.111111e-01            mu+  vm  
INFO:    1.111111e-01            e+  ve  
INFO:    
INFO:    
INFO: decay channels for w- : ( width = 2.002945 GeV ) 
INFO:        BR                 d1  d2 
INFO:    3.333333e-01            s  c~  
INFO:    3.333333e-01            d  u~  
INFO:    1.111111e-01            ta-  vt~  
INFO:    1.111111e-01            mu-  vm~  
INFO:    1.111111e-01            e-  ve~  
INFO:    
INFO: generating the production square matrix element 
INFO: generate p p > ell+ vl w- $$ t t~ H QED=3   @0 --no_warning=duplicate;define pert_QCD = -4 -3 -2 -1 1 2 3 4 21;add process p p > ell+ vl w-  pert_QCD $$ t t~ H QED=3   @0 --no_warning=duplicate;add process p p > ell+ vl w- j $$ t t~ H QED=3   @1 --no_warning=duplicate;define pert_QCD = -4 -3 -2 -1 1 2 3 4 21;add process p p > ell+ vl w- j  pert_QCD $$ t t~ H QED=3   @1 --no_warning=duplicate; 
INFO: Done 163.9 
INFO: generating the full matrix element squared (with decay) 
INFO: generate p p > ell+ vl w- $$ t t~ H QED=3 , w- > q q  QCD=99 @0 --no_warning=duplicate;define pert_QCD = -4 -3 -2 -1 1 2 3 4 21;add process p p > ell+ vl w- pert_QCD $$ t t~ H QED=3 , w- > q q  QCD=99 @0 --no_warning=duplicate;add process p p > ell+ vl w- j $$ t t~ H QED=3 , w- > q q  QCD=99 @1 --no_warning=duplicate;define pert_QCD = -4 -3 -2 -1 1 2 3 4 21;add process p p > ell+ vl w- j pert_QCD $$ t t~ H QED=3 , w- > q q  QCD=99 @1 --no_warning=duplicate; 
INFO: Done 175.5 
INFO: generate matrix element for decay only (1 - > N). 
INFO: output standalone_msF /pool/condor/dir_11911/genproductions/bin/MadGraph5_aMCatNLO/WmWpToLpNujj_01j_aTGC_pTW-150toInf_mWV-800toInf_4f_NLO_FXFX/WmWpToLpNujj_01j_aTGC_pTW-150toInf_mWV-800toInf_4f_NLO_FXFX_gridpack/work/processtmp/madspingrid/decay_me 
INFO: Done 0.8268 
INFO: Compiling code 
INFO: detect independant decays 
INFO:    
INFO:    Estimating the maximum weight     
INFO:    *****************************     
INFO:      Probing the first 250 events 
INFO:      with 400 phase space points 
INFO:    
INFO: Event 1/250 :  0.12s   
INFO: Event 6/250 :  1.1s   
INFO: Event 11/250 :  1.5s   
INFO: Event 16/250 :  1.8s   
INFO: Event 21/250 :  2.7s   
INFO: Event 26/250 :  4.6s   
INFO: Event 31/250 :  5.5s   
INFO: Event 36/250 :  7s   
INFO: Event 41/250 :  7.5s   
INFO: Event 46/250 :  8s   
INFO: Event 51/250 :  8.5s   
INFO: Event 56/250 :  9.5s   
INFO: Event 61/250 :  9.9s   
INFO: Event 66/250 :  11.4s   
INFO: Event 71/250 :  12s   
INFO: Event 76/250 :  12.4s   
INFO: Event 81/250 :  12.8s   
INFO: Event 86/250 :  13.3s   
INFO: Event 91/250 :  14.8s   
INFO: Event 96/250 :  15.2s   
INFO: Event 101/250 :  15.7s   
INFO: Event 106/250 :  17.2s   
INFO: Event 111/250 :  18.3s   
INFO: Event 116/250 :  19s   
INFO: Event 121/250 :  19.5s   
INFO: Event 126/250 :  19.9s   
INFO: Event 131/250 :  20.9s   
INFO: Event 136/250 :  21.2s   
INFO: Event 141/250 :  22.3s   
INFO: Event 146/250 :  23.3s   
INFO: Event 151/250 :  24.3s   
INFO: Event 156/250 :  25.9s   
INFO: Event 161/250 :  26.8s   
INFO: Event 166/250 :  28.2s   
INFO: Event 171/250 :  29.6s   
INFO: Event 176/250 :  30.6s   
INFO: Event 181/250 :  31.5s   
INFO: Event 186/250 :  32.5s   
INFO: Event 191/250 :  33.5s   
INFO: Event 196/250 :  34.4s   
INFO: Event 201/250 :  34.9s   
INFO: Event 206/250 :  35.4s   
INFO: Event 211/250 :  35.8s   
INFO: Event 216/250 :  36.3s   
INFO: Event 221/250 :  37.1s   
INFO: Event 226/250 :  37.5s   
INFO: Event 231/250 :  38.4s   
INFO: Event 236/250 :  39.9s   
INFO: Event 241/250 :  40.2s   
INFO: Event 246/250 :  40.8s   
INFO:   
INFO: Decaying the events...  
INFO: Total number of events written: 1000/1000  
INFO: Average number of trial points per production event: 6.217 
INFO: Branching ratio to allowed decays: 0.666667 
INFO: Number of events with weights larger than max_weight: 0 
INFO: Number of subprocesses 1 
INFO: Number of failures when restoring the Monte Carlo masses: 0  
INFO: The decayed event file has been moved to the following location:  
INFO: /pool/condor/dir_11911/genproductions/bin/MadGraph5_aMCatNLO/WmWpToLpNujj_01j_aTGC_pTW-150toInf_mWV-800toInf_4f_NLO_FXFX/WmWpToLpNujj_01j_aTGC_pTW-150toInf_mWV-800toInf_4f_NLO_FXFX_gridpack/work/processtmp/Events/pilotrun_decayed_1/events.lhe.gz 
INFO: MadSpin Done 
[1;34mWARNING: You have chosen not to run a parton shower. NLO events without showering are NOT physical.
Please, shower the Les Houches events before using them for physics analyses. [0m
INFO:  
[1;34mWARNING: You are running with FxFx merging enabled.
To be able to merge samples of various multiplicities without double counting,
you have to remove some events after showering 'by hand'.
Please read http://amcatnlo.cern.ch/FxFx_merging.htm for more details. [0m
quit
INFO:  
preparing reweighting step
preparing reweighting step
Running MG5 in debug mode
No module named 'madgraph'
[1;32mDEBUG:  No hepmc reader since No module named 'madgraph' [1;30m[lhe_parser.py at line 50][0m [0m
INFO: ************************************************************
*                                                          *
*           W E L C O M E  to  M A D G R A P H 5           *
*                       a M C @ N L O                      *
*                                                          *
*                 *                       *                *
*                   *        * *        *                  *
*                     * * * * 5 * * * *                    *
*                   *        * *        *                  *
*                 *                       *                *
*                                                          *
*         VERSION 5.2.9.12              20xx-xx-xx         *
*                                                          *
*    The MadGraph5_aMC@NLO Development Team - Find us at   *
*                 http://amcatnlo.cern.ch                  *
*                                                          *
*               Type 'help' for in-line help.              *
*                                                          *
************************************************************ 
INFO: load configuration from /pool/condor/dir_11911/genproductions/bin/MadGraph5_aMCatNLO/WmWpToLpNujj_01j_aTGC_pTW-150toInf_mWV-800toInf_4f_NLO_FXFX/WmWpToLpNujj_01j_aTGC_pTW-150toInf_mWV-800toInf_4f_NLO_FXFX_gridpack/work/processtmp/Cards/amcatnlo_configuration.txt  
INFO: load configuration from /pool/condor/dir_11911/genproductions/bin/MadGraph5_aMCatNLO/WmWpToLpNujj_01j_aTGC_pTW-150toInf_mWV-800toInf_4f_NLO_FXFX/WmWpToLpNujj_01j_aTGC_pTW-150toInf_mWV-800toInf_4f_NLO_FXFX_gridpack/work/MG5_aMC_v2_9_12/input/mg5_configuration.txt  
INFO: load configuration from /pool/condor/dir_11911/genproductions/bin/MadGraph5_aMCatNLO/WmWpToLpNujj_01j_aTGC_pTW-150toInf_mWV-800toInf_4f_NLO_FXFX/WmWpToLpNujj_01j_aTGC_pTW-150toInf_mWV-800toInf_4f_NLO_FXFX_gridpack/work/processtmp/Cards/amcatnlo_configuration.txt  
INFO: set f2py compiler to /cvmfs/cms.cern.ch/slc7_amd64_gcc10/external/py3-numpy/1.21.2-99508e874b8d39bfba40879990ed24fc/bin/f2py3 
No valid eps viewer found. Please set in ./input/mg5_configuration.txt
No valid web browser found. Please set in ./input/mg5_configuration.txt
reweight pilotrun
Do you want to edit a card (press enter to bypass editing)?
/------------------------------------------------------------\
|  [31m1[0m. reweight : [32mreweight_card.dat[0m                           |
\------------------------------------------------------------/
 you can also
   - enter the path to a valid card.
 [[4m0[0m, done, 1, reweight, enter path][90s to answer] 
>[1;34mrun_card missed argument pt_min_pdg. Takes default: {}[0m
[1;34mrun_card missed argument pt_max_pdg. Takes default: {}[0m
[1;34mrun_card missed argument mxx_min_pdg. Takes default: {}[0m
[1;34mrun_card missed argument pt_min_pdg. Takes default: {}[0m
[1;34mrun_card missed argument pt_max_pdg. Takes default: {}[0m
[1;34mrun_card missed argument mxx_min_pdg. Takes default: {}[0m
[1;34mrun_card missed argument pt_min_pdg. Takes default: {}[0m
[1;34mrun_card missed argument pt_max_pdg. Takes default: {}[0m
[1;34mrun_card missed argument mxx_min_pdg. Takes default: {}[0m
INFO: split the event file in bunch of 100 events 
INFO:  Idle: 2,  Running: 8,  Completed: 0 [ current time: 01h05 ] 
No module named 'madgraph'
 No hepmc reader since No module named 'madgraph' [1;30m[lhe_parser.py at line 50][0m
/pool/condor/dir_11911/genproductions/bin/MadGraph5_aMCatNLO/WmWpToLpNujj_01j_aTGC_pTW-150toInf_mWV-800toInf_4f_NLO_FXFX/WmWpToLpNujj_01j_aTGC_pTW-150toInf_mWV-800toInf_4f_NLO_FXFX_gridpack/work/processtmp/bin/internal/me5_logging.conf
INFO: ************************************************************
*                                                          *
*           W E L C O M E  to  M A D G R A P H 5           *
*                       a M C @ N L O                      *
*                                                          *
*                 *                       *                *
*                   *        * *        *                  *
*                     * * * * 5 * * * *                    *
*                   *        * *        *                  *
*                 *                       *                *
*                                                          *
*         VERSION 5.2.9.12              20xx-xx-xx         *
*                                                          *
*    The MadGraph5_aMC@NLO Development Team - Find us at   *
*                 http://amcatnlo.cern.ch                  *
*                                                          *
*               Type 'help' for in-line help.              *
*                                                          *
************************************************************ 
INFO: load configuration from /pool/condor/dir_11911/genproductions/bin/MadGraph5_aMCatNLO/WmWpToLpNujj_01j_aTGC_pTW-150toInf_mWV-800toInf_4f_NLO_FXFX/WmWpToLpNujj_01j_aTGC_pTW-150toInf_mWV-800toInf_4f_NLO_FXFX_gridpack/work/processtmp/Cards/amcatnlo_configuration.txt  
INFO: load configuration from /pool/condor/dir_11911/genproductions/bin/MadGraph5_aMCatNLO/WmWpToLpNujj_01j_aTGC_pTW-150toInf_mWV-800toInf_4f_NLO_FXFX/WmWpToLpNujj_01j_aTGC_pTW-150toInf_mWV-800toInf_4f_NLO_FXFX_gridpack/work/MG5_aMC_v2_9_12/input/mg5_configuration.txt  
INFO: load configuration from /pool/condor/dir_11911/genproductions/bin/MadGraph5_aMCatNLO/WmWpToLpNujj_01j_aTGC_pTW-150toInf_mWV-800toInf_4f_NLO_FXFX/WmWpToLpNujj_01j_aTGC_pTW-150toInf_mWV-800toInf_4f_NLO_FXFX_gridpack/work/processtmp/Cards/amcatnlo_configuration.txt  
INFO: set f2py compiler to /cvmfs/cms.cern.ch/slc7_amd64_gcc10/external/py3-numpy/1.21.2-99508e874b8d39bfba40879990ed24fc/bin/f2py3 
No valid eps viewer found. Please set in ./input/mg5_configuration.txt
No valid web browser found. Please set in ./input/mg5_configuration.txt
reweight /pool/condor/dir_11911/genproductions/bin/MadGraph5_aMCatNLO/WmWpToLpNujj_01j_aTGC_pTW-150toInf_mWV-800toInf_4f_NLO_FXFX/WmWpToLpNujj_01j_aTGC_pTW-150toInf_mWV-800toInf_4f_NLO_FXFX_gridpack/work/processtmp/Events/pilotrun/events.lhe.gz_0.lhe -from_cards --multicore=create
[1;34mrun_card missed argument pt_min_pdg. Takes default: {}[0m
[1;34mrun_card missed argument pt_max_pdg. Takes default: {}[0m
[1;34mrun_card missed argument mxx_min_pdg. Takes default: {}[0m
INFO: Extracting the banner ... 
INFO: process: p p > ell+ vl w-  
INFO: options: $$ t t~ H QED=3   
INFO: Running Reweighting 
change helicity False
change mode LO
change rwgt_dir rwgt
launch --rwgt_name=cwwwm3p6_cwm4p50_cbm20
INFO: detected model: EWdim6NLO-no_cmass_cwwwcbcw. Loading... 
INFO: generating the square matrix element for reweighting 
INFO: generate p p > ell+ vl w- $$ t t~ H QED=3   @0 --no_warning=duplicate;define pert_QCD = -4 -3 -2 -1 1 2 3 4 21;add process p p > ell+ vl w-  pert_QCD $$ t t~ H QED=3   @0 --no_warning=duplicate;define pert_QCD = -4 -3 -2 -1 1 2 3 4 21;add process p p > ell+ vl w- j  pert_QCD $$ t t~ H QED=3   @1 --no_warning=duplicate; 
INFO: Done 152.6 
Do you want to edit a card (press enter to bypass editing)?
/------------------------------------------------------------\
|  [31m1[0m. param : [32mparam_card.dat[0m                                 |
|  [31m9[0m. plot  : [32mplot_card.dat[0m                                  |
\------------------------------------------------------------/
 you can also
   - enter the path to a valid card or banner.
   - use the 'set' command to modify a parameter directly.
     The set option works only for param_card and run_card.
     Type 'help set' for more information on this command.
   - call an external program (ASperGE/MadWidth/...).
     Type 'help' for the list of available command
 [[4m0[0m, done, 1, param, 9, plot, enter path]
>INFO: starts to compute weight for events with the following modification to the param_card: 
INFO: set param_card dim6 1 -3.6 # orig: 3.6
KEEP:set param_card dim6 2 -4.5 # orig: 4.5
KEEP:set param_card dim6 3 -20.0 # orig: 20.0
KEEP: 
INFO: Event nb 0 current time: 01h08 
INFO: Event nb 10 current time: 01h08 
INFO: Event nb 20  0.031s  
INFO: Event nb 30  0.057s  
INFO: Event nb 40  0.077s  
INFO: Event nb 50  0.09s  
INFO: Event nb 60  0.11s  
INFO: Event nb 70  0.13s  
INFO: Event nb 80  0.14s  
INFO: Event nb 90  0.15s  
INFO: All event done  (nb_event: 100)  0.17s  
INFO: Event /pool/condor/dir_11911/genproductions/bin/MadGraph5_aMCatNLO/WmWpToLpNujj_01j_aTGC_pTW-150toInf_mWV-800toInf_4f_NLO_FXFX/WmWpToLpNujj_01j_aTGC_pTW-150toInf_mWV-800toInf_4f_NLO_FXFX_gridpack/work/processtmp/Events/pilotrun/events.lhe.gz_0.lhe have now the additional weight 
launch --rwgt_name=cwwwm3p6_cwm4p50_cbm10
Do you want to edit a card (press enter to bypass editing)?
/------------------------------------------------------------\
|  [31m1[0m. param : [32mparam_card.dat[0m                                 |
|  [31m9[0m. plot  : [32mplot_card.dat[0m                                  |
\------------------------------------------------------------/
 you can also
   - enter the path to a valid card or banner.
   - use the 'set' command to modify a parameter directly.
     The set option works only for param_card and run_card.
     Type 'help set' for more information on this command.
   - call an external program (ASperGE/MadWidth/...).
     Type 'help' for the list of available command
 [[4m0[0m, done, 1, param, 9, plot, enter path]
>INFO: starts to compute weight for events with the following modification to the param_card: 
INFO: set param_card dim6 1 -3.6 # orig: 3.6
KEEP:set param_card dim6 2 -4.5 # orig: 4.5
KEEP:set param_card dim6 3 -10.0 # orig: 20.0
KEEP: 
INFO: Event nb 0 current time: 01h08 
INFO: Event nb 10 current time: 01h08 
INFO: Event nb 20  0.031s  
INFO: Event nb 30  0.057s  
INFO: Event nb 40  0.077s  
INFO: Event nb 50  0.09s  
INFO: Event nb 60  0.11s  
INFO: Event nb 70  0.13s  
INFO: Event nb 80  0.14s  
INFO: Event nb 90  0.15s  
INFO: All event done  (nb_event: 100)  0.17s  
INFO: Event /pool/condor/dir_11911/genproductions/bin/MadGraph5_aMCatNLO/WmWpToLpNujj_01j_aTGC_pTW-150toInf_mWV-800toInf_4f_NLO_FXFX/WmWpToLpNujj_01j_aTGC_pTW-150toInf_mWV-800toInf_4f_NLO_FXFX_gridpack/work/processtmp/Events/pilotrun/events.lhe.gz_0.lhe have now the additional weight 
launch --rwgt_name=cwwwm3p6_cwm4p50_cb0
Do you want to edit a card (press enter to bypass editing)?
/------------------------------------------------------------\
|  [31m1[0m. param : [32mparam_card.dat[0m                                 |
|  [31m9[0m. plot  : [32mplot_card.dat[0m                                  |
\------------------------------------------------------------/
 you can also
   - enter the path to a valid card or banner.
   - use the 'set' command to modify a parameter directly.
     The set option works only for param_card and run_card.
     Type 'help set' for more information on this command.
   - call an external program (ASperGE/MadWidth/...).
     Type 'help' for the list of available command
 [[4m0[0m, done, 1, param, 9, plot, enter path]
>INFO: starts to compute weight for events with the following modification to the param_card: 
INFO: set param_card dim6 1 -3.6 # orig: 3.6
KEEP:set param_card dim6 2 -4.5 # orig: 4.5
KEEP:set param_card dim6 3 0.0 # orig: 20.0
KEEP: 
INFO: Event nb 0 current time: 01h08 
INFO: Event nb 10 current time: 01h08 
INFO: Event nb 20  0.03s  
INFO: Event nb 30  0.056s  
INFO: Event nb 40  0.076s  
INFO: Event nb 50  0.089s  
INFO: Event nb 60  0.11s  
INFO: Event nb 70  0.13s  
INFO: Event nb 80  0.14s  
INFO: Event nb 90  0.15s  
INFO: All event done  (nb_event: 100)  0.17s  
INFO: Event /pool/condor/dir_11911/genproductions/bin/MadGraph5_aMCatNLO/WmWpToLpNujj_01j_aTGC_pTW-150toInf_mWV-800toInf_4f_NLO_FXFX/WmWpToLpNujj_01j_aTGC_pTW-150toInf_mWV-800toInf_4f_NLO_FXFX_gridpack/work/processtmp/Events/pilotrun/events.lhe.gz_0.lhe have now the additional weight 
launch --rwgt_name=cwwwm3p6_cwm4p50_cb10
Do you want to edit a card (press enter to bypass editing)?
/------------------------------------------------------------\
|  [31m1[0m. param : [32mparam_card.dat[0m                                 |
|  [31m9[0m. plot  : [32mplot_card.dat[0m                                  |
\------------------------------------------------------------/
 you can also
   - enter the path to a valid card or banner.
   - use the 'set' command to modify a parameter directly.
     The set option works only for param_card and run_card.
     Type 'help set' for more information on this command.
   - call an external program (ASperGE/MadWidth/...).
     Type 'help' for the list of available command
 [[4m0[0m, done, 1, param, 9, plot, enter path]
>INFO: starts to compute weight for events with the following modification to the param_card: 
INFO: set param_card dim6 1 -3.6 # orig: 3.6
KEEP:set param_card dim6 2 -4.5 # orig: 4.5
KEEP:set param_card dim6 3 10.0 # orig: 20.0
KEEP: 
INFO: Event nb 0 current time: 01h08 
INFO: Event nb 10 current time: 01h08 
INFO: Event nb 20  0.03s  
INFO: Event nb 30  0.057s  
INFO: Event nb 40  0.077s  
INFO: Event nb 50  0.09s  
INFO: Event nb 60  0.11s  
INFO: Event nb 70  0.13s  
INFO: Event nb 80  0.14s  
INFO: Event nb 90  0.16s  
INFO: All event done  (nb_event: 100)  0.17s  
INFO: Event /pool/condor/dir_11911/genproductions/bin/MadGraph5_aMCatNLO/WmWpToLpNujj_01j_aTGC_pTW-150toInf_mWV-800toInf_4f_NLO_FXFX/WmWpToLpNujj_01j_aTGC_pTW-150toInf_mWV-800toInf_4f_NLO_FXFX_gridpack/work/processtmp/Events/pilotrun/events.lhe.gz_0.lhe have now the additional weight 
launch --rwgt_name=cwwwm3p6_cwm4p50_cb20
Do you want to edit a card (press enter to bypass editing)?
/------------------------------------------------------------\
|  [31m1[0m. param : [32mparam_card.dat[0m                                 |
|  [31m9[0m. plot  : [32mplot_card.dat[0m                                  |
\------------------------------------------------------------/
 you can also
   - enter the path to a valid card or banner.
   - use the 'set' command to modify a parameter directly.
     The set option works only for param_card and run_card.
     Type 'help set' for more information on this command.
   - call an external program (ASperGE/MadWidth/...).
     Type 'help' for the list of available command
 [[4m0[0m, done, 1, param, 9, plot, enter path]
>INFO: starts to compute weight for events with the following modification to the param_card: 
INFO: set param_card dim6 1 -3.6 # orig: 3.6
KEEP:set param_card dim6 2 -4.5 # orig: 4.5
KEEP: 
INFO: Event nb 0 current time: 01h08 
INFO: Event nb 10 current time: 01h08 
INFO: Event nb 20  0.03s  
INFO: Event nb 30  0.056s  
INFO: Event nb 40  0.076s  
INFO: Event nb 50  0.089s  
INFO: Event nb 60  0.11s  
INFO: Event nb 70  0.13s  
INFO: Event nb 80  0.14s  
INFO: Event nb 90  0.15s  
INFO: All event done  (nb_event: 100)  0.17s  
INFO: Event /pool/condor/dir_11911/genproductions/bin/MadGraph5_aMCatNLO/WmWpToLpNujj_01j_aTGC_pTW-150toInf_mWV-800toInf_4f_NLO_FXFX/WmWpToLpNujj_01j_aTGC_pTW-150toInf_mWV-800toInf_4f_NLO_FXFX_gridpack/work/processtmp/Events/pilotrun/events.lhe.gz_0.lhe have now the additional weight 
launch --rwgt_name=cwwwm3p6_cwm2p25_cbm20
Do you want to edit a card (press enter to bypass editing)?
/------------------------------------------------------------\
|  [31m1[0m. param : [32mparam_card.dat[0m                                 |
|  [31m9[0m. plot  : [32mplot_card.dat[0m                                  |
\------------------------------------------------------------/
 you can also
   - enter the path to a valid card or banner.
   - use the 'set' command to modify a parameter directly.
     The set option works only for param_card and run_card.
     Type 'help set' for more information on this command.
   - call an external program (ASperGE/MadWidth/...).
     Type 'help' for the list of available command
 [[4m0[0m, done, 1, param, 9, plot, enter path]
>INFO: starts to compute weight for events with the following modification to the param_card: 
INFO: set param_card dim6 1 -3.6 # orig: 3.6
KEEP:set param_card dim6 2 -2.25 # orig: 4.5
KEEP:set param_card dim6 3 -20.0 # orig: 20.0
KEEP: 
INFO: Event nb 0 current time: 01h08 
INFO: Event nb 10 current time: 01h08 
INFO: Event nb 20  0.03s  
INFO: Event nb 30  0.057s  
INFO: Event nb 40  0.077s  
INFO: Event nb 50  0.09s  
INFO: Event nb 60  0.11s  
INFO: Event nb 70  0.13s  
INFO: Event nb 80  0.14s  
INFO: Event nb 90  0.15s  
INFO: All event done  (nb_event: 100)  0.17s  
INFO: Event /pool/condor/dir_11911/genproductions/bin/MadGraph5_aMCatNLO/WmWpToLpNujj_01j_aTGC_pTW-150toInf_mWV-800toInf_4f_NLO_FXFX/WmWpToLpNujj_01j_aTGC_pTW-150toInf_mWV-800toInf_4f_NLO_FXFX_gridpack/work/processtmp/Events/pilotrun/events.lhe.gz_0.lhe have now the additional weight 
launch --rwgt_name=cwwwm3p6_cwm2p25_cbm10
Do you want to edit a card (press enter to bypass editing)?
/------------------------------------------------------------\
|  [31m1[0m. param : [32mparam_card.dat[0m                                 |
|  [31m9[0m. plot  : [32mplot_card.dat[0m                                  |
\------------------------------------------------------------/
 you can also
   - enter the path to a valid card or banner.
   - use the 'set' command to modify a parameter directly.
     The set option works only for param_card and run_card.
     Type 'help set' for more information on this command.
   - call an external program (ASperGE/MadWidth/...).
     Type 'help' for the list of available command
 [[4m0[0m, done, 1, param, 9, plot, enter path]
>INFO: starts to compute weight for events with the following modification to the param_card: 
INFO: set param_card dim6 1 -3.6 # orig: 3.6
KEEP:set param_card dim6 2 -2.25 # orig: 4.5
KEEP:set param_card dim6 3 -10.0 # orig: 20.0
KEEP: 
INFO: Event nb 0 current time: 01h08 
INFO: Event nb 10 current time: 01h08 
INFO: Event nb 20  0.031s  
INFO: Event nb 30  0.057s  
INFO: Event nb 40  0.077s  
INFO: Event nb 50  0.09s  
INFO: Event nb 60  0.11s  
INFO: Event nb 70  0.13s  
INFO: Event nb 80  0.14s  
INFO: Event nb 90  0.16s  
INFO: All event done  (nb_event: 100)  0.17s  
INFO: Event /pool/condor/dir_11911/genproductions/bin/MadGraph5_aMCatNLO/WmWpToLpNujj_01j_aTGC_pTW-150toInf_mWV-800toInf_4f_NLO_FXFX/WmWpToLpNujj_01j_aTGC_pTW-150toInf_mWV-800toInf_4f_NLO_FXFX_gridpack/work/processtmp/Events/pilotrun/events.lhe.gz_0.lhe have now the additional weight 
launch --rwgt_name=cwwwm3p6_cwm2p25_cb0
Do you want to edit a card (press enter to bypass editing)?
/------------------------------------------------------------\
|  [31m1[0m. param : [32mparam_card.dat[0m                                 |
|  [31m9[0m. plot  : [32mplot_card.dat[0m                                  |
\------------------------------------------------------------/
 you can also
   - enter the path to a valid card or banner.
   - use the 'set' command to modify a parameter directly.
     The set option works only for param_card and run_card.
     Type 'help set' for more information on this command.
   - call an external program (ASperGE/MadWidth/...).
     Type 'help' for the list of available command
 [[4m0[0m, done, 1, param, 9, plot, enter path]
>INFO: starts to compute weight for events with the following modification to the param_card: 
INFO: set param_card dim6 1 -3.6 # orig: 3.6
KEEP:set param_card dim6 2 -2.25 # orig: 4.5
KEEP:set param_card dim6 3 0.0 # orig: 20.0
KEEP: 
INFO: Event nb 0 current time: 01h08 
INFO: Event nb 10 current time: 01h08 
INFO: Event nb 20  0.031s  
INFO: Event nb 30  0.057s  
INFO: Event nb 40  0.077s  
INFO: Event nb 50  0.09s  
INFO: Event nb 60  0.11s  
INFO: Event nb 70  0.13s  
INFO: Event nb 80  0.14s  
INFO: Event nb 90  0.16s  
INFO: All event done  (nb_event: 100)  0.17s  
INFO: Event /pool/condor/dir_11911/genproductions/bin/MadGraph5_aMCatNLO/WmWpToLpNujj_01j_aTGC_pTW-150toInf_mWV-800toInf_4f_NLO_FXFX/WmWpToLpNujj_01j_aTGC_pTW-150toInf_mWV-800toInf_4f_NLO_FXFX_gridpack/work/processtmp/Events/pilotrun/events.lhe.gz_0.lhe have now the additional weight 
launch --rwgt_name=cwwwm3p6_cwm2p25_cb10
Do you want to edit a card (press enter to bypass editing)?
/------------------------------------------------------------\
|  [31m1[0m. param : [32mparam_card.dat[0m                                 |
|  [31m9[0m. plot  : [32mplot_card.dat[0m                                  |
\------------------------------------------------------------/
 you can also
   - enter the path to a valid card or banner.
   - use the 'set' command to modify a parameter directly.
     The set option works only for param_card and run_card.
     Type 'help set' for more information on this command.
   - call an external program (ASperGE/MadWidth/...).
     Type 'help' for the list of available command
 [[4m0[0m, done, 1, param, 9, plot, enter path]
>INFO: starts to compute weight for events with the following modification to the param_card: 
INFO: set param_card dim6 1 -3.6 # orig: 3.6
KEEP:set param_card dim6 2 -2.25 # orig: 4.5
KEEP:set param_card dim6 3 10.0 # orig: 20.0
KEEP: 
INFO: Event nb 0 current time: 01h08 
INFO: Event nb 10 current time: 01h08 
INFO: Event nb 20  0.031s  
INFO: Event nb 30  0.057s  
INFO: Event nb 40  0.078s  
INFO: Event nb 50  0.091s  
INFO: Event nb 60  0.11s  
INFO: Event nb 70  0.13s  
INFO: Event nb 80  0.14s  
INFO: Event nb 90  0.16s  
INFO: All event done  (nb_event: 100)  0.17s  
INFO: Event /pool/condor/dir_11911/genproductions/bin/MadGraph5_aMCatNLO/WmWpToLpNujj_01j_aTGC_pTW-150toInf_mWV-800toInf_4f_NLO_FXFX/WmWpToLpNujj_01j_aTGC_pTW-150toInf_mWV-800toInf_4f_NLO_FXFX_gridpack/work/processtmp/Events/pilotrun/events.lhe.gz_0.lhe have now the additional weight 
launch --rwgt_name=cwwwm3p6_cwm2p25_cb20
Do you want to edit a card (press enter to bypass editing)?
/------------------------------------------------------------\
|  [31m1[0m. param : [32mparam_card.dat[0m                                 |
|  [31m9[0m. plot  : [32mplot_card.dat[0m                                  |
\------------------------------------------------------------/
 you can also
   - enter the path to a valid card or banner.
   - use the 'set' command to modify a parameter directly.
     The set option works only for param_card and run_card.
     Type 'help set' for more information on this command.
   - call an external program (ASperGE/MadWidth/...).
     Type 'help' for the list of available command
 [[4m0[0m, done, 1, param, 9, plot, enter path]
>INFO: starts to compute weight for events with the following modification to the param_card: 
INFO: set param_card dim6 1 -3.6 # orig: 3.6
KEEP:set param_card dim6 2 -2.25 # orig: 4.5
KEEP: 
INFO: Event nb 0 current time: 01h08 
INFO: Event nb 10 current time: 01h08 
INFO: Event nb 20  0.031s  
INFO: Event nb 30  0.058s  
INFO: Event nb 40  0.078s  
INFO: Event nb 50  0.092s  
INFO: Event nb 60  0.11s  
INFO: Event nb 70  0.13s  
INFO: Event nb 80  0.15s  
INFO: Event nb 90  0.17s  
INFO: All event done  (nb_event: 100)  0.18s  
INFO: Event /pool/condor/dir_11911/genproductions/bin/MadGraph5_aMCatNLO/WmWpToLpNujj_01j_aTGC_pTW-150toInf_mWV-800toInf_4f_NLO_FXFX/WmWpToLpNujj_01j_aTGC_pTW-150toInf_mWV-800toInf_4f_NLO_FXFX_gridpack/work/processtmp/Events/pilotrun/events.lhe.gz_0.lhe have now the additional weight 
launch --rwgt_name=cwwwm3p6_cw0p00_cbm20
Do you want to edit a card (press enter to bypass editing)?
/------------------------------------------------------------\
|  [31m1[0m. param : [32mparam_card.dat[0m                                 |
|  [31m9[0m. plot  : [32mplot_card.dat[0m                                  |
\------------------------------------------------------------/
 you can also
   - enter the path to a valid card or banner.
   - use the 'set' command to modify a parameter directly.
     The set option works only for param_card and run_card.
     Type 'help set' for more information on this command.
   - call an external program (ASperGE/MadWidth/...).
     Type 'help' for the list of available command
 [[4m0[0m, done, 1, param, 9, plot, enter path]
>INFO: starts to compute weight for events with the following modification to the param_card: 
INFO: set param_card dim6 1 -3.6 # orig: 3.6
KEEP:set param_card dim6 2 0.0 # orig: 4.5
KEEP:set param_card dim6 3 -20.0 # orig: 20.0
KEEP: 
INFO: Event nb 0 current time: 01h08 
INFO: Event nb 10  0.021s  
INFO: Event nb 20  0.037s  
INFO: Event nb 30  0.068s  
INFO: Event nb 40  0.093s  
INFO: Event nb 50  0.11s  
INFO: Event nb 60  0.13s  
INFO: Event nb 70  0.15s  
INFO: Event nb 80  0.17s  
INFO: Event nb 90  0.19s  
INFO: All event done  (nb_event: 100)  0.21s  
INFO: Event /pool/condor/dir_11911/genproductions/bin/MadGraph5_aMCatNLO/WmWpToLpNujj_01j_aTGC_pTW-150toInf_mWV-800toInf_4f_NLO_FXFX/WmWpToLpNujj_01j_aTGC_pTW-150toInf_mWV-800toInf_4f_NLO_FXFX_gridpack/work/processtmp/Events/pilotrun/events.lhe.gz_0.lhe have now the additional weight 
launch --rwgt_name=cwwwm3p6_cw0p00_cbm10
Do you want to edit a card (press enter to bypass editing)?
/------------------------------------------------------------\
|  [31m1[0m. param : [32mparam_card.dat[0m                                 |
|  [31m9[0m. plot  : [32mplot_card.dat[0m                                  |
\------------------------------------------------------------/
 you can also
   - enter the path to a valid card or banner.
   - use the 'set' command to modify a parameter directly.
     The set option works only for param_card and run_card.
     Type 'help set' for more information on this command.
   - call an external program (ASperGE/MadWidth/...).
     Type 'help' for the list of available command
 [[4m0[0m, done, 1, param, 9, plot, enter path]
>INFO: starts to compute weight for events with the following modification to the param_card: 
INFO: set param_card dim6 1 -3.6 # orig: 3.6
KEEP:set param_card dim6 2 0.0 # orig: 4.5
KEEP:set param_card dim6 3 -10.0 # orig: 20.0
KEEP: 
INFO: Event nb 0 current time: 01h08 
INFO: Event nb 10 current time: 01h08 
INFO: Event nb 20  0.032s  
INFO: Event nb 30  0.058s  
INFO: Event nb 40  0.079s  
INFO: Event nb 50  0.093s  
INFO: Event nb 60  0.11s  
INFO: Event nb 70  0.13s  
INFO: Event nb 80  0.14s  
INFO: Event nb 90  0.16s  
INFO: All event done  (nb_event: 100)  0.17s  
INFO: Event /pool/condor/dir_11911/genproductions/bin/MadGraph5_aMCatNLO/WmWpToLpNujj_01j_aTGC_pTW-150toInf_mWV-800toInf_4f_NLO_FXFX/WmWpToLpNujj_01j_aTGC_pTW-150toInf_mWV-800toInf_4f_NLO_FXFX_gridpack/work/processtmp/Events/pilotrun/events.lhe.gz_0.lhe have now the additional weight 
launch --rwgt_name=cwwwm3p6_cw0p00_cb0
Do you want to edit a card (press enter to bypass editing)?
/------------------------------------------------------------\
|  [31m1[0m. param : [32mparam_card.dat[0m                                 |
|  [31m9[0m. plot  : [32mplot_card.dat[0m                                  |
\------------------------------------------------------------/
 you can also
   - enter the path to a valid card or banner.
   - use the 'set' command to modify a parameter directly.
     The set option works only for param_card and run_card.
     Type 'help set' for more information on this command.
   - call an external program (ASperGE/MadWidth/...).
     Type 'help' for the list of available command
 [[4m0[0m, done, 1, param, 9, plot, enter path]
>INFO: starts to compute weight for events with the following modification to the param_card: 
INFO: set param_card dim6 1 -3.6 # orig: 3.6
KEEP:set param_card dim6 2 0.0 # orig: 4.5
KEEP:set param_card dim6 3 0.0 # orig: 20.0
KEEP: 
INFO: Event nb 0 current time: 01h08 
INFO: Event nb 10 current time: 01h08 
INFO: Event nb 20  0.032s  
INFO: Event nb 30  0.058s  
INFO: Event nb 40  0.079s  
INFO: Event nb 50  0.092s  
INFO: Event nb 60  0.11s  
INFO: Event nb 70  0.13s  
INFO: Event nb 80  0.14s  
INFO: Event nb 90  0.16s  
INFO: All event done  (nb_event: 100)  0.17s  
INFO: Event /pool/condor/dir_11911/genproductions/bin/MadGraph5_aMCatNLO/WmWpToLpNujj_01j_aTGC_pTW-150toInf_mWV-800toInf_4f_NLO_FXFX/WmWpToLpNujj_01j_aTGC_pTW-150toInf_mWV-800toInf_4f_NLO_FXFX_gridpack/work/processtmp/Events/pilotrun/events.lhe.gz_0.lhe have now the additional weight 
launch --rwgt_name=cwwwm3p6_cw0p00_cb10
Do you want to edit a card (press enter to bypass editing)?
/------------------------------------------------------------\
|  [31m1[0m. param : [32mparam_card.dat[0m                                 |
|  [31m9[0m. plot  : [32mplot_card.dat[0m                                  |
\------------------------------------------------------------/
 you can also
   - enter the path to a valid card or banner.
   - use the 'set' command to modify a parameter directly.
     The set option works only for param_card and run_card.
     Type 'help set' for more information on this command.
   - call an external program (ASperGE/MadWidth/...).
     Type 'help' for the list of available command
 [[4m0[0m, done, 1, param, 9, plot, enter path]
>INFO: starts to compute weight for events with the following modification to the param_card: 
INFO: set param_card dim6 1 -3.6 # orig: 3.6
KEEP:set param_card dim6 2 0.0 # orig: 4.5
KEEP:set param_card dim6 3 10.0 # orig: 20.0
KEEP: 
INFO: Event nb 0 current time: 01h08 
INFO: Event nb 10 current time: 01h08 
INFO: Event nb 20  0.032s  
INFO: Event nb 30  0.058s  
INFO: Event nb 40  0.079s  
INFO: Event nb 50  0.092s  
INFO: Event nb 60  0.11s  
INFO: Event nb 70  0.13s  
INFO: Event nb 80  0.14s  
INFO: Event nb 90  0.16s  
INFO: All event done  (nb_event: 100)  0.18s  
INFO: Event /pool/condor/dir_11911/genproductions/bin/MadGraph5_aMCatNLO/WmWpToLpNujj_01j_aTGC_pTW-150toInf_mWV-800toInf_4f_NLO_FXFX/WmWpToLpNujj_01j_aTGC_pTW-150toInf_mWV-800toInf_4f_NLO_FXFX_gridpack/work/processtmp/Events/pilotrun/events.lhe.gz_0.lhe have now the additional weight 
launch --rwgt_name=cwwwm3p6_cw0p00_cb20
Do you want to edit a card (press enter to bypass editing)?
/------------------------------------------------------------\
|  [31m1[0m. param : [32mparam_card.dat[0m                                 |
|  [31m9[0m. plot  : [32mplot_card.dat[0m                                  |
\------------------------------------------------------------/
 you can also
   - enter the path to a valid card or banner.
   - use the 'set' command to modify a parameter directly.
     The set option works only for param_card and run_card.
     Type 'help set' for more information on this command.
   - call an external program (ASperGE/MadWidth/...).
     Type 'help' for the list of available command
 [[4m0[0m, done, 1, param, 9, plot, enter path]
>INFO: starts to compute weight for events with the following modification to the param_card: 
INFO: set param_card dim6 1 -3.6 # orig: 3.6
KEEP:set param_card dim6 2 0.0 # orig: 4.5
KEEP: 
INFO: Event nb 0 current time: 01h08 
INFO: Event nb 10 current time: 01h08 
INFO: Event nb 20  0.032s  
INFO: Event nb 30  0.059s  
INFO: Event nb 40  0.079s  
INFO: Event nb 50  0.093s  
INFO: Event nb 60  0.11s  
INFO: Event nb 70  0.13s  
INFO: Event nb 80  0.14s  
INFO: Event nb 90  0.16s  
INFO: All event done  (nb_event: 100)  0.18s  
INFO: Event /pool/condor/dir_11911/genproductions/bin/MadGraph5_aMCatNLO/WmWpToLpNujj_01j_aTGC_pTW-150toInf_mWV-800toInf_4f_NLO_FXFX/WmWpToLpNujj_01j_aTGC_pTW-150toInf_mWV-800toInf_4f_NLO_FXFX_gridpack/work/processtmp/Events/pilotrun/events.lhe.gz_0.lhe have now the additional weight 
launch --rwgt_name=cwwwm3p6_cw2p25_cbm20
Do you want to edit a card (press enter to bypass editing)?
/------------------------------------------------------------\
|  [31m1[0m. param : [32mparam_card.dat[0m                                 |
|  [31m9[0m. plot  : [32mplot_card.dat[0m                                  |
\------------------------------------------------------------/
 you can also
   - enter the path to a valid card or banner.
   - use the 'set' command to modify a parameter directly.
     The set option works only for param_card and run_card.
     Type 'help set' for more information on this command.
   - call an external program (ASperGE/MadWidth/...).
     Type 'help' for the list of available command
 [[4m0[0m, done, 1, param, 9, plot, enter path]
>INFO: starts to compute weight for events with the following modification to the param_card: 
INFO: set param_card dim6 1 -3.6 # orig: 3.6
KEEP:set param_card dim6 2 2.25 # orig: 4.5
KEEP:set param_card dim6 3 -20.0 # orig: 20.0
KEEP: 
INFO: Event nb 0 current time: 01h08 
INFO: Event nb 10 current time: 01h08 
INFO: Event nb 20  0.032s  
INFO: Event nb 30  0.058s  
INFO: Event nb 40  0.079s  
INFO: Event nb 50  0.093s  
INFO: Event nb 60  0.11s  
INFO: Event nb 70  0.13s  
INFO: Event nb 80  0.14s  
INFO: Event nb 90  0.16s  
INFO: All event done  (nb_event: 100)  0.18s  
INFO: Event /pool/condor/dir_11911/genproductions/bin/MadGraph5_aMCatNLO/WmWpToLpNujj_01j_aTGC_pTW-150toInf_mWV-800toInf_4f_NLO_FXFX/WmWpToLpNujj_01j_aTGC_pTW-150toInf_mWV-800toInf_4f_NLO_FXFX_gridpack/work/processtmp/Events/pilotrun/events.lhe.gz_0.lhe have now the additional weight 
launch --rwgt_name=cwwwm3p6_cw2p25_cbm10
Do you want to edit a card (press enter to bypass editing)?
/------------------------------------------------------------\
|  [31m1[0m. param : [32mparam_card.dat[0m                                 |
|  [31m9[0m. plot  : [32mplot_card.dat[0m                                  |
\------------------------------------------------------------/
 you can also
   - enter the path to a valid card or banner.
   - use the 'set' command to modify a parameter directly.
     The set option works only for param_card and run_card.
     Type 'help set' for more information on this command.
   - call an external program (ASperGE/MadWidth/...).
     Type 'help' for the list of available command
 [[4m0[0m, done, 1, param, 9, plot, enter path]
>INFO: starts to compute weight for events with the following modification to the param_card: 
INFO: set param_card dim6 1 -3.6 # orig: 3.6
KEEP:set param_card dim6 2 2.25 # orig: 4.5
KEEP:set param_card dim6 3 -10.0 # orig: 20.0
KEEP: 
INFO: Event nb 0 current time: 01h08 
INFO: Event nb 10 current time: 01h08 
INFO: Event nb 20  0.032s  
INFO: Event nb 30  0.059s  
INFO: Event nb 40  0.079s  
INFO: Event nb 50  0.093s  
INFO: Event nb 60  0.11s  
INFO: Event nb 70  0.13s  
INFO: Event nb 80  0.14s  
INFO: Event nb 90  0.16s  
INFO: All event done  (nb_event: 100)  0.18s  
INFO: Event /pool/condor/dir_11911/genproductions/bin/MadGraph5_aMCatNLO/WmWpToLpNujj_01j_aTGC_pTW-150toInf_mWV-800toInf_4f_NLO_FXFX/WmWpToLpNujj_01j_aTGC_pTW-150toInf_mWV-800toInf_4f_NLO_FXFX_gridpack/work/processtmp/Events/pilotrun/events.lhe.gz_0.lhe have now the additional weight 
launch --rwgt_name=cwwwm3p6_cw2p25_cb0
Do you want to edit a card (press enter to bypass editing)?
/------------------------------------------------------------\
|  [31m1[0m. param : [32mparam_card.dat[0m                                 |
|  [31m9[0m. plot  : [32mplot_card.dat[0m                                  |
\------------------------------------------------------------/
 you can also
   - enter the path to a valid card or banner.
   - use the 'set' command to modify a parameter directly.
     The set option works only for param_card and run_card.
     Type 'help set' for more information on this command.
   - call an external program (ASperGE/MadWidth/...).
     Type 'help' for the list of available command
 [[4m0[0m, done, 1, param, 9, plot, enter path]
>INFO: starts to compute weight for events with the following modification to the param_card: 
INFO: set param_card dim6 1 -3.6 # orig: 3.6
KEEP:set param_card dim6 2 2.25 # orig: 4.5
KEEP:set param_card dim6 3 0.0 # orig: 20.0
KEEP: 
INFO: Event nb 0 current time: 01h08 
INFO: Event nb 10 current time: 01h08 
INFO: Event nb 20  0.032s  
INFO: Event nb 30  0.059s  
INFO: Event nb 40  0.08s  
INFO: Event nb 50  0.094s  
INFO: Event nb 60  0.11s  
INFO: Event nb 70  0.13s  
INFO: Event nb 80  0.15s  
INFO: Event nb 90  0.16s  
INFO: All event done  (nb_event: 100)  0.18s  
INFO: Event /pool/condor/dir_11911/genproductions/bin/MadGraph5_aMCatNLO/WmWpToLpNujj_01j_aTGC_pTW-150toInf_mWV-800toInf_4f_NLO_FXFX/WmWpToLpNujj_01j_aTGC_pTW-150toInf_mWV-800toInf_4f_NLO_FXFX_gridpack/work/processtmp/Events/pilotrun/events.lhe.gz_0.lhe have now the additional weight 
launch --rwgt_name=cwwwm3p6_cw2p25_cb10
Do you want to edit a card (press enter to bypass editing)?
/------------------------------------------------------------\
|  [31m1[0m. param : [32mparam_card.dat[0m                                 |
|  [31m9[0m. plot  : [32mplot_card.dat[0m                                  |
\------------------------------------------------------------/
 you can also
   - enter the path to a valid card or banner.
   - use the 'set' command to modify a parameter directly.
     The set option works only for param_card and run_card.
     Type 'help set' for more information on this command.
   - call an external program (ASperGE/MadWidth/...).
     Type 'help' for the list of available command
 [[4m0[0m, done, 1, param, 9, plot, enter path]
>INFO: starts to compute weight for events with the following modification to the param_card: 
INFO: set param_card dim6 1 -3.6 # orig: 3.6
KEEP:set param_card dim6 2 2.25 # orig: 4.5
KEEP:set param_card dim6 3 10.0 # orig: 20.0
KEEP: 
INFO: Event nb 0 current time: 01h08 
INFO: Event nb 10 current time: 01h08 
INFO: Event nb 20  0.033s  
INFO: Event nb 30  0.06s  
INFO: Event nb 40  0.081s  
INFO: Event nb 50  0.095s  
INFO: Event nb 60  0.11s  
INFO: Event nb 70  0.13s  
INFO: Event nb 80  0.15s  
INFO: Event nb 90  0.16s  
INFO: All event done  (nb_event: 100)  0.18s  
INFO: Event /pool/condor/dir_11911/genproductions/bin/MadGraph5_aMCatNLO/WmWpToLpNujj_01j_aTGC_pTW-150toInf_mWV-800toInf_4f_NLO_FXFX/WmWpToLpNujj_01j_aTGC_pTW-150toInf_mWV-800toInf_4f_NLO_FXFX_gridpack/work/processtmp/Events/pilotrun/events.lhe.gz_0.lhe have now the additional weight 
launch --rwgt_name=cwwwm3p6_cw2p25_cb20
Do you want to edit a card (press enter to bypass editing)?
/------------------------------------------------------------\
|  [31m1[0m. param : [32mparam_card.dat[0m                                 |
|  [31m9[0m. plot  : [32mplot_card.dat[0m                                  |
\------------------------------------------------------------/
 you can also
   - enter the path to a valid card or banner.
   - use the 'set' command to modify a parameter directly.
     The set option works only for param_card and run_card.
     Type 'help set' for more information on this command.
   - call an external program (ASperGE/MadWidth/...).
     Type 'help' for the list of available command
 [[4m0[0m, done, 1, param, 9, plot, enter path]
>INFO: starts to compute weight for events with the following modification to the param_card: 
INFO: set param_card dim6 1 -3.6 # orig: 3.6
KEEP:set param_card dim6 2 2.25 # orig: 4.5
KEEP: 
INFO: Event nb 0 current time: 01h08 
INFO: Event nb 10 current time: 01h08 
INFO: Event nb 20  0.032s  
INFO: Event nb 30  0.059s  
INFO: Event nb 40  0.08s  
INFO: Event nb 50  0.094s  
INFO: Event nb 60  0.11s  
INFO: Event nb 70  0.13s  
INFO: Event nb 80  0.15s  
INFO: Event nb 90  0.16s  
INFO: All event done  (nb_event: 100)  0.18s  
INFO: Event /pool/condor/dir_11911/genproductions/bin/MadGraph5_aMCatNLO/WmWpToLpNujj_01j_aTGC_pTW-150toInf_mWV-800toInf_4f_NLO_FXFX/WmWpToLpNujj_01j_aTGC_pTW-150toInf_mWV-800toInf_4f_NLO_FXFX_gridpack/work/processtmp/Events/pilotrun/events.lhe.gz_0.lhe have now the additional weight 
launch --rwgt_name=cwwwm3p6_cw4p50_cbm20
Do you want to edit a card (press enter to bypass editing)?
/------------------------------------------------------------\
|  [31m1[0m. param : [32mparam_card.dat[0m                                 |
|  [31m9[0m. plot  : [32mplot_card.dat[0m                                  |
\------------------------------------------------------------/
 you can also
   - enter the path to a valid card or banner.
   - use the 'set' command to modify a parameter directly.
     The set option works only for param_card and run_card.
     Type 'help set' for more information on this command.
   - call an external program (ASperGE/MadWidth/...).
     Type 'help' for the list of available command
 [[4m0[0m, done, 1, param, 9, plot, enter path]
>INFO: starts to compute weight for events with the following modification to the param_card: 
INFO: set param_card dim6 1 -3.6 # orig: 3.6
KEEP:set param_card dim6 3 -20.0 # orig: 20.0
KEEP: 
INFO: Event nb 0 current time: 01h08 
INFO: Event nb 10 current time: 01h08 
INFO: Event nb 20  0.033s  
INFO: Event nb 30  0.06s  
INFO: Event nb 40  0.081s  
INFO: Event nb 50  0.096s  
INFO: Event nb 60  0.11s  
INFO: Event nb 70  0.13s  
INFO: Event nb 80  0.15s  
INFO: Event nb 90  0.16s  
INFO: All event done  (nb_event: 100)  0.18s  
INFO: Event /pool/condor/dir_11911/genproductions/bin/MadGraph5_aMCatNLO/WmWpToLpNujj_01j_aTGC_pTW-150toInf_mWV-800toInf_4f_NLO_FXFX/WmWpToLpNujj_01j_aTGC_pTW-150toInf_mWV-800toInf_4f_NLO_FXFX_gridpack/work/processtmp/Events/pilotrun/events.lhe.gz_0.lhe have now the additional weight 
launch --rwgt_name=cwwwm3p6_cw4p50_cbm10
Do you want to edit a card (press enter to bypass editing)?
/------------------------------------------------------------\
|  [31m1[0m. param : [32mparam_card.dat[0m                                 |
|  [31m9[0m. plot  : [32mplot_card.dat[0m                                  |
\------------------------------------------------------------/
 you can also
   - enter the path to a valid card or banner.
   - use the 'set' command to modify a parameter directly.
     The set option works only for param_card and run_card.
     Type 'help set' for more information on this command.
   - call an external program (ASperGE/MadWidth/...).
     Type 'help' for the list of available command
 [[4m0[0m, done, 1, param, 9, plot, enter path]
>INFO: starts to compute weight for events with the following modification to the param_card: 
INFO: set param_card dim6 1 -3.6 # orig: 3.6
KEEP:set param_card dim6 3 -10.0 # orig: 20.0
KEEP: 
INFO: Event nb 0 current time: 01h08 
INFO: Event nb 10 current time: 01h08 
INFO: Event nb 20  0.033s  
INFO: Event nb 30  0.06s  
INFO: Event nb 40  0.081s  
INFO: Event nb 50  0.097s  
INFO: Event nb 60  0.11s  
INFO: Event nb 70  0.14s  
INFO: Event nb 80  0.15s  
INFO: Event nb 90  0.17s  
INFO: All event done  (nb_event: 100)  0.18s  
INFO: Event /pool/condor/dir_11911/genproductions/bin/MadGraph5_aMCatNLO/WmWpToLpNujj_01j_aTGC_pTW-150toInf_mWV-800toInf_4f_NLO_FXFX/WmWpToLpNujj_01j_aTGC_pTW-150toInf_mWV-800toInf_4f_NLO_FXFX_gridpack/work/processtmp/Events/pilotrun/events.lhe.gz_0.lhe have now the additional weight 
launch --rwgt_name=cwwwm3p6_cw4p50_cb0
Do you want to edit a card (press enter to bypass editing)?
/------------------------------------------------------------\
|  [31m1[0m. param : [32mparam_card.dat[0m                                 |
|  [31m9[0m. plot  : [32mplot_card.dat[0m                                  |
\------------------------------------------------------------/
 you can also
   - enter the path to a valid card or banner.
   - use the 'set' command to modify a parameter directly.
     The set option works only for param_card and run_card.
     Type 'help set' for more information on this command.
   - call an external program (ASperGE/MadWidth/...).
     Type 'help' for the list of available command
 [[4m0[0m, done, 1, param, 9, plot, enter path]
>INFO: starts to compute weight for events with the following modification to the param_card: 
INFO: set param_card dim6 1 -3.6 # orig: 3.6
KEEP:set param_card dim6 3 0.0 # orig: 20.0
KEEP: 
INFO: Event nb 0 current time: 01h08 
INFO: Event nb 10 current time: 01h08 
INFO: Event nb 20  0.033s  
INFO: Event nb 30  0.061s  
INFO: Event nb 40  0.083s  
INFO: Event nb 50  0.097s  
INFO: Event nb 60  0.11s  
INFO: Event nb 70  0.14s  
INFO: Event nb 80  0.15s  
INFO: Event nb 90  0.17s  
INFO: All event done  (nb_event: 100)  0.18s  
INFO: Event /pool/condor/dir_11911/genproductions/bin/MadGraph5_aMCatNLO/WmWpToLpNujj_01j_aTGC_pTW-150toInf_mWV-800toInf_4f_NLO_FXFX/WmWpToLpNujj_01j_aTGC_pTW-150toInf_mWV-800toInf_4f_NLO_FXFX_gridpack/work/processtmp/Events/pilotrun/events.lhe.gz_0.lhe have now the additional weight 
launch --rwgt_name=cwwwm3p6_cw4p50_cb10
Do you want to edit a card (press enter to bypass editing)?
/------------------------------------------------------------\
|  [31m1[0m. param : [32mparam_card.dat[0m                                 |
|  [31m9[0m. plot  : [32mplot_card.dat[0m                                  |
\------------------------------------------------------------/
 you can also
   - enter the path to a valid card or banner.
   - use the 'set' command to modify a parameter directly.
     The set option works only for param_card and run_card.
     Type 'help set' for more information on this command.
   - call an external program (ASperGE/MadWidth/...).
     Type 'help' for the list of available command
 [[4m0[0m, done, 1, param, 9, plot, enter path]
>INFO: starts to compute weight for events with the following modification to the param_card: 
INFO: set param_card dim6 1 -3.6 # orig: 3.6
KEEP:set param_card dim6 3 10.0 # orig: 20.0
KEEP: 
INFO: Event nb 0 current time: 01h08 
INFO: Event nb 10 current time: 01h08 
INFO: Event nb 20  0.033s  
INFO: Event nb 30  0.06s  
INFO: Event nb 40  0.081s  
INFO: Event nb 50  0.095s  
INFO: Event nb 60  0.11s  
INFO: Event nb 70  0.13s  
INFO: Event nb 80  0.15s  
INFO: Event nb 90  0.17s  
INFO: All event done  (nb_event: 100)  0.18s  
INFO: Event /pool/condor/dir_11911/genproductions/bin/MadGraph5_aMCatNLO/WmWpToLpNujj_01j_aTGC_pTW-150toInf_mWV-800toInf_4f_NLO_FXFX/WmWpToLpNujj_01j_aTGC_pTW-150toInf_mWV-800toInf_4f_NLO_FXFX_gridpack/work/processtmp/Events/pilotrun/events.lhe.gz_0.lhe have now the additional weight 
launch --rwgt_name=cwwwm3p6_cw4p50_cb20
Do you want to edit a card (press enter to bypass editing)?
/------------------------------------------------------------\
|  [31m1[0m. param : [32mparam_card.dat[0m                                 |
|  [31m9[0m. plot  : [32mplot_card.dat[0m                                  |
\------------------------------------------------------------/
 you can also
   - enter the path to a valid card or banner.
   - use the 'set' command to modify a parameter directly.
     The set option works only for param_card and run_card.
     Type 'help set' for more information on this command.
   - call an external program (ASperGE/MadWidth/...).
     Type 'help' for the list of available command
 [[4m0[0m, done, 1, param, 9, plot, enter path]
>INFO: starts to compute weight for events with the following modification to the param_card: 
INFO: set param_card dim6 1 -3.6 # orig: 3.6
KEEP: 
INFO: Event nb 0 current time: 01h08 
INFO: Event nb 10 current time: 01h08 
INFO: Event nb 20  0.034s  
INFO: Event nb 30  0.061s  
INFO: Event nb 40  0.082s  
INFO: Event nb 50  0.097s  
INFO: Event nb 60  0.11s  
INFO: Event nb 70  0.14s  
INFO: Event nb 80  0.15s  
INFO: Event nb 90  0.17s  
INFO: All event done  (nb_event: 100)  0.18s  
INFO: Event /pool/condor/dir_11911/genproductions/bin/MadGraph5_aMCatNLO/WmWpToLpNujj_01j_aTGC_pTW-150toInf_mWV-800toInf_4f_NLO_FXFX/WmWpToLpNujj_01j_aTGC_pTW-150toInf_mWV-800toInf_4f_NLO_FXFX_gridpack/work/processtmp/Events/pilotrun/events.lhe.gz_0.lhe have now the additional weight 
launch --rwgt_name=cwwwm1p8_cwm4p50_cbm20
Do you want to edit a card (press enter to bypass editing)?
/------------------------------------------------------------\
|  [31m1[0m. param : [32mparam_card.dat[0m                                 |
|  [31m9[0m. plot  : [32mplot_card.dat[0m                                  |
\------------------------------------------------------------/
 you can also
   - enter the path to a valid card or banner.
   - use the 'set' command to modify a parameter directly.
     The set option works only for param_card and run_card.
     Type 'help set' for more information on this command.
   - call an external program (ASperGE/MadWidth/...).
     Type 'help' for the list of available command
 [[4m0[0m, done, 1, param, 9, plot, enter path]
>INFO: starts to compute weight for events with the following modification to the param_card: 
INFO: set param_card dim6 1 -1.8 # orig: 3.6
KEEP:set param_card dim6 2 -4.5 # orig: 4.5
KEEP:set param_card dim6 3 -20.0 # orig: 20.0
KEEP: 
INFO: Event nb 0 current time: 01h08 
INFO: Event nb 10  0.022s  
INFO: Event nb 20  0.037s  
INFO: Event nb 30  0.065s  
INFO: Event nb 40  0.086s  
INFO: Event nb 50  0.1s  
INFO: Event nb 60  0.12s  
INFO: Event nb 70  0.14s  
INFO: Event nb 80  0.15s  
INFO: Event nb 90  0.17s  
INFO: All event done  (nb_event: 100)  0.19s  
INFO: Event /pool/condor/dir_11911/genproductions/bin/MadGraph5_aMCatNLO/WmWpToLpNujj_01j_aTGC_pTW-150toInf_mWV-800toInf_4f_NLO_FXFX/WmWpToLpNujj_01j_aTGC_pTW-150toInf_mWV-800toInf_4f_NLO_FXFX_gridpack/work/processtmp/Events/pilotrun/events.lhe.gz_0.lhe have now the additional weight 
launch --rwgt_name=cwwwm1p8_cwm4p50_cbm10
Do you want to edit a card (press enter to bypass editing)?
/------------------------------------------------------------\
|  [31m1[0m. param : [32mparam_card.dat[0m                                 |
|  [31m9[0m. plot  : [32mplot_card.dat[0m                                  |
\------------------------------------------------------------/
 you can also
   - enter the path to a valid card or banner.
   - use the 'set' command to modify a parameter directly.
     The set option works only for param_card and run_card.
     Type 'help set' for more information on this command.
   - call an external program (ASperGE/MadWidth/...).
     Type 'help' for the list of available command
 [[4m0[0m, done, 1, param, 9, plot, enter path]
>INFO: starts to compute weight for events with the following modification to the param_card: 
INFO: set param_card dim6 1 -1.8 # orig: 3.6
KEEP:set param_card dim6 2 -4.5 # orig: 4.5
KEEP:set param_card dim6 3 -10.0 # orig: 20.0
KEEP: 
INFO: Event nb 0 current time: 01h08 
INFO: Event nb 10 current time: 01h08 
INFO: Event nb 20  0.033s  
INFO: Event nb 30  0.061s  
INFO: Event nb 40  0.083s  
INFO: Event nb 50  0.097s  
INFO: Event nb 60  0.11s  
INFO: Event nb 70  0.14s  
INFO: Event nb 80  0.15s  
INFO: Event nb 90  0.17s  
INFO: All event done  (nb_event: 100)  0.18s  
INFO: Event /pool/condor/dir_11911/genproductions/bin/MadGraph5_aMCatNLO/WmWpToLpNujj_01j_aTGC_pTW-150toInf_mWV-800toInf_4f_NLO_FXFX/WmWpToLpNujj_01j_aTGC_pTW-150toInf_mWV-800toInf_4f_NLO_FXFX_gridpack/work/processtmp/Events/pilotrun/events.lhe.gz_0.lhe have now the additional weight 
launch --rwgt_name=cwwwm1p8_cwm4p50_cb0
Do you want to edit a card (press enter to bypass editing)?
/------------------------------------------------------------\
|  [31m1[0m. param : [32mparam_card.dat[0m                                 |
|  [31m9[0m. plot  : [32mplot_card.dat[0m                                  |
\------------------------------------------------------------/
 you can also
   - enter the path to a valid card or banner.
   - use the 'set' command to modify a parameter directly.
     The set option works only for param_card and run_card.
     Type 'help set' for more information on this command.
   - call an external program (ASperGE/MadWidth/...).
     Type 'help' for the list of available command
 [[4m0[0m, done, 1, param, 9, plot, enter path]
>INFO: starts to compute weight for events with the following modification to the param_card: 
INFO: set param_card dim6 1 -1.8 # orig: 3.6
KEEP:set param_card dim6 2 -4.5 # orig: 4.5
KEEP:set param_card dim6 3 0.0 # orig: 20.0
KEEP: 
INFO: Event nb 0 current time: 01h08 
INFO: Event nb 10 current time: 01h08 
INFO: Event nb 20  0.033s  
INFO: Event nb 30  0.062s  
INFO: Event nb 40  0.084s  
INFO: Event nb 50  0.098s  
INFO: Event nb 60  0.12s  
INFO: Event nb 70  0.14s  
INFO: Event nb 80  0.15s  
INFO: Event nb 90  0.17s  
INFO: All event done  (nb_event: 100)  0.19s  
INFO: Event /pool/condor/dir_11911/genproductions/bin/MadGraph5_aMCatNLO/WmWpToLpNujj_01j_aTGC_pTW-150toInf_mWV-800toInf_4f_NLO_FXFX/WmWpToLpNujj_01j_aTGC_pTW-150toInf_mWV-800toInf_4f_NLO_FXFX_gridpack/work/processtmp/Events/pilotrun/events.lhe.gz_0.lhe have now the additional weight 
launch --rwgt_name=cwwwm1p8_cwm4p50_cb10
Do you want to edit a card (press enter to bypass editing)?
/------------------------------------------------------------\
|  [31m1[0m. param : [32mparam_card.dat[0m                                 |
|  [31m9[0m. plot  : [32mplot_card.dat[0m                                  |
\------------------------------------------------------------/
 you can also
   - enter the path to a valid card or banner.
   - use the 'set' command to modify a parameter directly.
     The set option works only for param_card and run_card.
     Type 'help set' for more information on this command.
   - call an external program (ASperGE/MadWidth/...).
     Type 'help' for the list of available command
 [[4m0[0m, done, 1, param, 9, plot, enter path]
>INFO: starts to compute weight for events with the following modification to the param_card: 
INFO: set param_card dim6 1 -1.8 # orig: 3.6
KEEP:set param_card dim6 2 -4.5 # orig: 4.5
KEEP:set param_card dim6 3 10.0 # orig: 20.0
KEEP: 
INFO: Event nb 0 current time: 01h08 
INFO: Event nb 10 current time: 01h08 
INFO: Event nb 20  0.034s  
INFO: Event nb 30  0.062s  
INFO: Event nb 40  0.084s  
INFO: Event nb 50  0.099s  
INFO: Event nb 60  0.12s  
INFO: Event nb 70  0.14s  
INFO: Event nb 80  0.15s  
INFO: Event nb 90  0.17s  
INFO: All event done  (nb_event: 100)  0.19s  
INFO: Event /pool/condor/dir_11911/genproductions/bin/MadGraph5_aMCatNLO/WmWpToLpNujj_01j_aTGC_pTW-150toInf_mWV-800toInf_4f_NLO_FXFX/WmWpToLpNujj_01j_aTGC_pTW-150toInf_mWV-800toInf_4f_NLO_FXFX_gridpack/work/processtmp/Events/pilotrun/events.lhe.gz_0.lhe have now the additional weight 
launch --rwgt_name=cwwwm1p8_cwm4p50_cb20
Do you want to edit a card (press enter to bypass editing)?
/------------------------------------------------------------\
|  [31m1[0m. param : [32mparam_card.dat[0m                                 |
|  [31m9[0m. plot  : [32mplot_card.dat[0m                                  |
\------------------------------------------------------------/
 you can also
   - enter the path to a valid card or banner.
   - use the 'set' command to modify a parameter directly.
     The set option works only for param_card and run_card.
     Type 'help set' for more information on this command.
   - call an external program (ASperGE/MadWidth/...).
     Type 'help' for the list of available command
 [[4m0[0m, done, 1, param, 9, plot, enter path]
>INFO: starts to compute weight for events with the following modification to the param_card: 
INFO: set param_card dim6 1 -1.8 # orig: 3.6
KEEP:set param_card dim6 2 -4.5 # orig: 4.5
KEEP: 
INFO: Event nb 0 current time: 01h08 
INFO: Event nb 10 current time: 01h08 
INFO: Event nb 20  0.034s  
INFO: Event nb 30  0.062s  
INFO: Event nb 40  0.084s  
INFO: Event nb 50  0.099s  
INFO: Event nb 60  0.12s  
INFO: Event nb 70  0.14s  
INFO: Event nb 80  0.15s  
INFO: Event nb 90  0.17s  
INFO: All event done  (nb_event: 100)  0.19s  
INFO: Event /pool/condor/dir_11911/genproductions/bin/MadGraph5_aMCatNLO/WmWpToLpNujj_01j_aTGC_pTW-150toInf_mWV-800toInf_4f_NLO_FXFX/WmWpToLpNujj_01j_aTGC_pTW-150toInf_mWV-800toInf_4f_NLO_FXFX_gridpack/work/processtmp/Events/pilotrun/events.lhe.gz_0.lhe have now the additional weight 
launch --rwgt_name=cwwwm1p8_cwm2p25_cbm20
Do you want to edit a card (press enter to bypass editing)?
/------------------------------------------------------------\
|  [31m1[0m. param : [32mparam_card.dat[0m                                 |
|  [31m9[0m. plot  : [32mplot_card.dat[0m                                  |
\------------------------------------------------------------/
 you can also
   - enter the path to a valid card or banner.
   - use the 'set' command to modify a parameter directly.
     The set option works only for param_card and run_card.
     Type 'help set' for more information on this command.
   - call an external program (ASperGE/MadWidth/...).
     Type 'help' for the list of available command
 [[4m0[0m, done, 1, param, 9, plot, enter path]
>INFO: starts to compute weight for events with the following modification to the param_card: 
INFO: set param_card dim6 1 -1.8 # orig: 3.6
KEEP:set param_card dim6 2 -2.25 # orig: 4.5
KEEP:set param_card dim6 3 -20.0 # orig: 20.0
KEEP: 
INFO: Event nb 0 current time: 01h08 
INFO: Event nb 10 current time: 01h08 
INFO: Event nb 20  0.034s  
INFO: Event nb 30  0.062s  
INFO: Event nb 40  0.084s  
INFO: Event nb 50  0.099s  
INFO: Event nb 60  0.12s  
INFO: Event nb 70  0.14s  
INFO: Event nb 80  0.15s  
INFO: Event nb 90  0.17s  
INFO: All event done  (nb_event: 100)  0.19s  
INFO: Event /pool/condor/dir_11911/genproductions/bin/MadGraph5_aMCatNLO/WmWpToLpNujj_01j_aTGC_pTW-150toInf_mWV-800toInf_4f_NLO_FXFX/WmWpToLpNujj_01j_aTGC_pTW-150toInf_mWV-800toInf_4f_NLO_FXFX_gridpack/work/processtmp/Events/pilotrun/events.lhe.gz_0.lhe have now the additional weight 
launch --rwgt_name=cwwwm1p8_cwm2p25_cbm10
Do you want to edit a card (press enter to bypass editing)?
/------------------------------------------------------------\
|  [31m1[0m. param : [32mparam_card.dat[0m                                 |
|  [31m9[0m. plot  : [32mplot_card.dat[0m                                  |
\------------------------------------------------------------/
 you can also
   - enter the path to a valid card or banner.
   - use the 'set' command to modify a parameter directly.
     The set option works only for param_card and run_card.
     Type 'help set' for more information on this command.
   - call an external program (ASperGE/MadWidth/...).
     Type 'help' for the list of available command
 [[4m0[0m, done, 1, param, 9, plot, enter path]
>INFO: starts to compute weight for events with the following modification to the param_card: 
INFO: set param_card dim6 1 -1.8 # orig: 3.6
KEEP:set param_card dim6 2 -2.25 # orig: 4.5
KEEP:set param_card dim6 3 -10.0 # orig: 20.0
KEEP: 
INFO: Event nb 0 current time: 01h08 
INFO: Event nb 10 current time: 01h08 
INFO: Event nb 20  0.034s  
INFO: Event nb 30  0.062s  
INFO: Event nb 40  0.083s  
INFO: Event nb 50  0.098s  
INFO: Event nb 60  0.12s  
INFO: Event nb 70  0.14s  
INFO: Event nb 80  0.15s  
INFO: Event nb 90  0.17s  
INFO: All event done  (nb_event: 100)  0.19s  
INFO: Event /pool/condor/dir_11911/genproductions/bin/MadGraph5_aMCatNLO/WmWpToLpNujj_01j_aTGC_pTW-150toInf_mWV-800toInf_4f_NLO_FXFX/WmWpToLpNujj_01j_aTGC_pTW-150toInf_mWV-800toInf_4f_NLO_FXFX_gridpack/work/processtmp/Events/pilotrun/events.lhe.gz_0.lhe have now the additional weight 
launch --rwgt_name=cwwwm1p8_cwm2p25_cb0
Do you want to edit a card (press enter to bypass editing)?
/------------------------------------------------------------\
|  [31m1[0m. param : [32mparam_card.dat[0m                                 |
|  [31m9[0m. plot  : [32mplot_card.dat[0m                                  |
\------------------------------------------------------------/
 you can also
   - enter the path to a valid card or banner.
   - use the 'set' command to modify a parameter directly.
     The set option works only for param_card and run_card.
     Type 'help set' for more information on this command.
   - call an external program (ASperGE/MadWidth/...).
     Type 'help' for the list of available command
 [[4m0[0m, done, 1, param, 9, plot, enter path]
>INFO: starts to compute weight for events with the following modification to the param_card: 
INFO: set param_card dim6 1 -1.8 # orig: 3.6
KEEP:set param_card dim6 2 -2.25 # orig: 4.5
KEEP:set param_card dim6 3 0.0 # orig: 20.0
KEEP: 
INFO: Event nb 0 current time: 01h08 
INFO: Event nb 10 current time: 01h08 
INFO: Event nb 20  0.034s  
INFO: Event nb 30  0.062s  
INFO: Event nb 40  0.084s  
INFO: Event nb 50  0.1s  
INFO: Event nb 60  0.13s  
INFO: Event nb 70  0.16s  
INFO: Event nb 80  0.18s  
INFO: Event nb 90  0.2s  
INFO: All event done  (nb_event: 100)  0.21s  
INFO: Event /pool/condor/dir_11911/genproductions/bin/MadGraph5_aMCatNLO/WmWpToLpNujj_01j_aTGC_pTW-150toInf_mWV-800toInf_4f_NLO_FXFX/WmWpToLpNujj_01j_aTGC_pTW-150toInf_mWV-800toInf_4f_NLO_FXFX_gridpack/work/processtmp/Events/pilotrun/events.lhe.gz_0.lhe have now the additional weight 
launch --rwgt_name=cwwwm1p8_cwm2p25_cb10
Do you want to edit a card (press enter to bypass editing)?
/------------------------------------------------------------\
|  [31m1[0m. param : [32mparam_card.dat[0m                                 |
|  [31m9[0m. plot  : [32mplot_card.dat[0m                                  |
\------------------------------------------------------------/
 you can also
   - enter the path to a valid card or banner.
   - use the 'set' command to modify a parameter directly.
     The set option works only for param_card and run_card.
     Type 'help set' for more information on this command.
   - call an external program (ASperGE/MadWidth/...).
     Type 'help' for the list of available command
 [[4m0[0m, done, 1, param, 9, plot, enter path]
>INFO: starts to compute weight for events with the following modification to the param_card: 
INFO: set param_card dim6 1 -1.8 # orig: 3.6
KEEP:set param_card dim6 2 -2.25 # orig: 4.5
KEEP:set param_card dim6 3 10.0 # orig: 20.0
KEEP: 
INFO: Event nb 0 current time: 01h08 
INFO: Event nb 10  0.021s  
INFO: Event nb 20  0.039s  
INFO: Event nb 30  0.069s  
INFO: Event nb 40  0.091s  
INFO: Event nb 50  0.11s  
INFO: Event nb 60  0.12s  
INFO: Event nb 70  0.15s  
INFO: Event nb 80  0.16s  
INFO: Event nb 90  0.18s  
INFO: All event done  (nb_event: 100)  0.19s  
INFO: Event /pool/condor/dir_11911/genproductions/bin/MadGraph5_aMCatNLO/WmWpToLpNujj_01j_aTGC_pTW-150toInf_mWV-800toInf_4f_NLO_FXFX/WmWpToLpNujj_01j_aTGC_pTW-150toInf_mWV-800toInf_4f_NLO_FXFX_gridpack/work/processtmp/Events/pilotrun/events.lhe.gz_0.lhe have now the additional weight 
launch --rwgt_name=cwwwm1p8_cwm2p25_cb20
Do you want to edit a card (press enter to bypass editing)?
/------------------------------------------------------------\
|  [31m1[0m. param : [32mparam_card.dat[0m                                 |
|  [31m9[0m. plot  : [32mplot_card.dat[0m                                  |
\------------------------------------------------------------/
 you can also
   - enter the path to a valid card or banner.
   - use the 'set' command to modify a parameter directly.
     The set option works only for param_card and run_card.
     Type 'help set' for more information on this command.
   - call an external program (ASperGE/MadWidth/...).
     Type 'help' for the list of available command
 [[4m0[0m, done, 1, param, 9, plot, enter path]
>INFO: starts to compute weight for events with the following modification to the param_card: 
INFO: set param_card dim6 1 -1.8 # orig: 3.6
KEEP:set param_card dim6 2 -2.25 # orig: 4.5
KEEP: 
INFO: Event nb 0 current time: 01h08 
INFO: Event nb 10 current time: 01h08 
INFO: Event nb 20  0.034s  
INFO: Event nb 30  0.072s  
INFO: Event nb 40  0.094s  
INFO: Event nb 50  0.11s  
INFO: Event nb 60  0.13s  
INFO: Event nb 70  0.15s  
INFO: Event nb 80  0.16s  
INFO: Event nb 90  0.18s  
INFO: All event done  (nb_event: 100)  0.2s  
INFO: Event /pool/condor/dir_11911/genproductions/bin/MadGraph5_aMCatNLO/WmWpToLpNujj_01j_aTGC_pTW-150toInf_mWV-800toInf_4f_NLO_FXFX/WmWpToLpNujj_01j_aTGC_pTW-150toInf_mWV-800toInf_4f_NLO_FXFX_gridpack/work/processtmp/Events/pilotrun/events.lhe.gz_0.lhe have now the additional weight 
launch --rwgt_name=cwwwm1p8_cw0p00_cbm20
Do you want to edit a card (press enter to bypass editing)?
/------------------------------------------------------------\
|  [31m1[0m. param : [32mparam_card.dat[0m                                 |
|  [31m9[0m. plot  : [32mplot_card.dat[0m                                  |
\------------------------------------------------------------/
 you can also
   - enter the path to a valid card or banner.
   - use the 'set' command to modify a parameter directly.
     The set option works only for param_card and run_card.
     Type 'help set' for more information on this command.
   - call an external program (ASperGE/MadWidth/...).
     Type 'help' for the list of available command
 [[4m0[0m, done, 1, param, 9, plot, enter path]
>INFO: starts to compute weight for events with the following modification to the param_card: 
INFO: set param_card dim6 1 -1.8 # orig: 3.6
KEEP:set param_card dim6 2 0.0 # orig: 4.5
KEEP:set param_card dim6 3 -20.0 # orig: 20.0
KEEP: 
INFO: Event nb 0 current time: 01h08 
INFO: Event nb 10 current time: 01h08 
INFO: Event nb 20  0.034s  
INFO: Event nb 30  0.062s  
INFO: Event nb 40  0.084s  
INFO: Event nb 50  0.098s  
INFO: Event nb 60  0.12s  
INFO: Event nb 70  0.14s  
INFO: Event nb 80  0.15s  
INFO: Event nb 90  0.17s  
INFO: All event done  (nb_event: 100)  0.19s  
INFO: Event /pool/condor/dir_11911/genproductions/bin/MadGraph5_aMCatNLO/WmWpToLpNujj_01j_aTGC_pTW-150toInf_mWV-800toInf_4f_NLO_FXFX/WmWpToLpNujj_01j_aTGC_pTW-150toInf_mWV-800toInf_4f_NLO_FXFX_gridpack/work/processtmp/Events/pilotrun/events.lhe.gz_0.lhe have now the additional weight 
launch --rwgt_name=cwwwm1p8_cw0p00_cbm10
Do you want to edit a card (press enter to bypass editing)?
/------------------------------------------------------------\
|  [31m1[0m. param : [32mparam_card.dat[0m                                 |
|  [31m9[0m. plot  : [32mplot_card.dat[0m                                  |
\------------------------------------------------------------/
 you can also
   - enter the path to a valid card or banner.
   - use the 'set' command to modify a parameter directly.
     The set option works only for param_card and run_card.
     Type 'help set' for more information on this command.
   - call an external program (ASperGE/MadWidth/...).
     Type 'help' for the list of available command
 [[4m0[0m, done, 1, param, 9, plot, enter path]
>INFO: starts to compute weight for events with the following modification to the param_card: 
INFO: set param_card dim6 1 -1.8 # orig: 3.6
KEEP:set param_card dim6 2 0.0 # orig: 4.5
KEEP:set param_card dim6 3 -10.0 # orig: 20.0
KEEP: 
INFO: Event nb 0 current time: 01h08 
INFO: Event nb 10 current time: 01h08 
INFO: Event nb 20  0.034s  
INFO: Event nb 30  0.063s  
INFO: Event nb 40  0.086s  
INFO: Event nb 50  0.1s  
INFO: Event nb 60  0.12s  
INFO: Event nb 70  0.14s  
INFO: Event nb 80  0.16s  
INFO: Event nb 90  0.18s  
INFO: All event done  (nb_event: 100)  0.19s  
INFO: Event /pool/condor/dir_11911/genproductions/bin/MadGraph5_aMCatNLO/WmWpToLpNujj_01j_aTGC_pTW-150toInf_mWV-800toInf_4f_NLO_FXFX/WmWpToLpNujj_01j_aTGC_pTW-150toInf_mWV-800toInf_4f_NLO_FXFX_gridpack/work/processtmp/Events/pilotrun/events.lhe.gz_0.lhe have now the additional weight 
launch --rwgt_name=cwwwm1p8_cw0p00_cb0
Do you want to edit a card (press enter to bypass editing)?
/------------------------------------------------------------\
|  [31m1[0m. param : [32mparam_card.dat[0m                                 |
|  [31m9[0m. plot  : [32mplot_card.dat[0m                                  |
\------------------------------------------------------------/
 you can also
   - enter the path to a valid card or banner.
   - use the 'set' command to modify a parameter directly.
     The set option works only for param_card and run_card.
     Type 'help set' for more information on this command.
   - call an external program (ASperGE/MadWidth/...).
     Type 'help' for the list of available command
 [[4m0[0m, done, 1, param, 9, plot, enter path]
>INFO: starts to compute weight for events with the following modification to the param_card: 
INFO: set param_card dim6 1 -1.8 # orig: 3.6
KEEP:set param_card dim6 2 0.0 # orig: 4.5
KEEP:set param_card dim6 3 0.0 # orig: 20.0
KEEP: 
INFO: Event nb 0 current time: 01h08 
INFO: Event nb 10 current time: 01h08 
INFO: Event nb 20  0.035s  
INFO: Event nb 30  0.064s  
INFO: Event nb 40  0.086s  
INFO: Event nb 50  0.1s  
INFO: Event nb 60  0.12s  
INFO: Event nb 70  0.14s  
INFO: Event nb 80  0.16s  
INFO: Event nb 90  0.18s  
INFO: All event done  (nb_event: 100)  0.19s  
INFO: Event /pool/condor/dir_11911/genproductions/bin/MadGraph5_aMCatNLO/WmWpToLpNujj_01j_aTGC_pTW-150toInf_mWV-800toInf_4f_NLO_FXFX/WmWpToLpNujj_01j_aTGC_pTW-150toInf_mWV-800toInf_4f_NLO_FXFX_gridpack/work/processtmp/Events/pilotrun/events.lhe.gz_0.lhe have now the additional weight 
launch --rwgt_name=cwwwm1p8_cw0p00_cb10
Do you want to edit a card (press enter to bypass editing)?
/------------------------------------------------------------\
|  [31m1[0m. param : [32mparam_card.dat[0m                                 |
|  [31m9[0m. plot  : [32mplot_card.dat[0m                                  |
\------------------------------------------------------------/
 you can also
   - enter the path to a valid card or banner.
   - use the 'set' command to modify a parameter directly.
     The set option works only for param_card and run_card.
     Type 'help set' for more information on this command.
   - call an external program (ASperGE/MadWidth/...).
     Type 'help' for the list of available command
 [[4m0[0m, done, 1, param, 9, plot, enter path]
>INFO: starts to compute weight for events with the following modification to the param_card: 
INFO: set param_card dim6 1 -1.8 # orig: 3.6
KEEP:set param_card dim6 2 0.0 # orig: 4.5
KEEP:set param_card dim6 3 10.0 # orig: 20.0
KEEP: 
INFO: Event nb 0 current time: 01h08 
INFO: Event nb 10 current time: 01h08 
INFO: Event nb 20  0.035s  
INFO: Event nb 30  0.063s  
INFO: Event nb 40  0.085s  
INFO: Event nb 50  0.1s  
INFO: Event nb 60  0.12s  
INFO: Event nb 70  0.14s  
INFO: Event nb 80  0.16s  
INFO: Event nb 90  0.17s  
INFO: All event done  (nb_event: 100)  0.19s  
INFO: Event /pool/condor/dir_11911/genproductions/bin/MadGraph5_aMCatNLO/WmWpToLpNujj_01j_aTGC_pTW-150toInf_mWV-800toInf_4f_NLO_FXFX/WmWpToLpNujj_01j_aTGC_pTW-150toInf_mWV-800toInf_4f_NLO_FXFX_gridpack/work/processtmp/Events/pilotrun/events.lhe.gz_0.lhe have now the additional weight 
launch --rwgt_name=cwwwm1p8_cw0p00_cb20
Do you want to edit a card (press enter to bypass editing)?
/------------------------------------------------------------\
|  [31m1[0m. param : [32mparam_card.dat[0m                                 |
|  [31m9[0m. plot  : [32mplot_card.dat[0m                                  |
\------------------------------------------------------------/
 you can also
   - enter the path to a valid card or banner.
   - use the 'set' command to modify a parameter directly.
     The set option works only for param_card and run_card.
     Type 'help set' for more information on this command.
   - call an external program (ASperGE/MadWidth/...).
     Type 'help' for the list of available command
 [[4m0[0m, done, 1, param, 9, plot, enter path]
>INFO: starts to compute weight for events with the following modification to the param_card: 
INFO: set param_card dim6 1 -1.8 # orig: 3.6
KEEP:set param_card dim6 2 0.0 # orig: 4.5
KEEP: 
INFO: Event nb 0 current time: 01h08 
INFO: Event nb 10 current time: 01h08 
INFO: Event nb 20  0.035s  
INFO: Event nb 30  0.065s  
INFO: Event nb 40  0.088s  
INFO: Event nb 50  0.1s  
INFO: Event nb 60  0.12s  
INFO: Event nb 70  0.14s  
INFO: Event nb 80  0.16s  
INFO: Event nb 90  0.18s  
INFO: All event done  (nb_event: 100)  0.19s  
INFO: Event /pool/condor/dir_11911/genproductions/bin/MadGraph5_aMCatNLO/WmWpToLpNujj_01j_aTGC_pTW-150toInf_mWV-800toInf_4f_NLO_FXFX/WmWpToLpNujj_01j_aTGC_pTW-150toInf_mWV-800toInf_4f_NLO_FXFX_gridpack/work/processtmp/Events/pilotrun/events.lhe.gz_0.lhe have now the additional weight 
launch --rwgt_name=cwwwm1p8_cw2p25_cbm20
Do you want to edit a card (press enter to bypass editing)?
/------------------------------------------------------------\
|  [31m1[0m. param : [32mparam_card.dat[0m                                 |
|  [31m9[0m. plot  : [32mplot_card.dat[0m                                  |
\------------------------------------------------------------/
 you can also
   - enter the path to a valid card or banner.
   - use the 'set' command to modify a parameter directly.
     The set option works only for param_card and run_card.
     Type 'help set' for more information on this command.
   - call an external program (ASperGE/MadWidth/...).
     Type 'help' for the list of available command
 [[4m0[0m, done, 1, param, 9, plot, enter path]
>INFO: starts to compute weight for events with the following modification to the param_card: 
INFO: set param_card dim6 1 -1.8 # orig: 3.6
KEEP:set param_card dim6 2 2.25 # orig: 4.5
KEEP:set param_card dim6 3 -20.0 # orig: 20.0
KEEP: 
INFO: Event nb 0 current time: 01h08 
INFO: Event nb 10 current time: 01h08 
INFO: Event nb 20  0.035s  
INFO: Event nb 30  0.063s  
INFO: Event nb 40  0.085s  
INFO: Event nb 50  0.1s  
INFO: Event nb 60  0.12s  
INFO: Event nb 70  0.14s  
INFO: Event nb 80  0.16s  
INFO: Event nb 90  0.17s  
INFO: All event done  (nb_event: 100)  0.19s  
INFO: Event /pool/condor/dir_11911/genproductions/bin/MadGraph5_aMCatNLO/WmWpToLpNujj_01j_aTGC_pTW-150toInf_mWV-800toInf_4f_NLO_FXFX/WmWpToLpNujj_01j_aTGC_pTW-150toInf_mWV-800toInf_4f_NLO_FXFX_gridpack/work/processtmp/Events/pilotrun/events.lhe.gz_0.lhe have now the additional weight 
launch --rwgt_name=cwwwm1p8_cw2p25_cbm10
Do you want to edit a card (press enter to bypass editing)?
/------------------------------------------------------------\
|  [31m1[0m. param : [32mparam_card.dat[0m                                 |
|  [31m9[0m. plot  : [32mplot_card.dat[0m                                  |
\------------------------------------------------------------/
 you can also
   - enter the path to a valid card or banner.
   - use the 'set' command to modify a parameter directly.
     The set option works only for param_card and run_card.
     Type 'help set' for more information on this command.
   - call an external program (ASperGE/MadWidth/...).
     Type 'help' for the list of available command
 [[4m0[0m, done, 1, param, 9, plot, enter path]
>INFO: starts to compute weight for events with the following modification to the param_card: 
INFO: set param_card dim6 1 -1.8 # orig: 3.6
KEEP:set param_card dim6 2 2.25 # orig: 4.5
KEEP:set param_card dim6 3 -10.0 # orig: 20.0
KEEP: 
INFO: Event nb 0 current time: 01h08 
INFO: Event nb 10 current time: 01h08 
INFO: Event nb 20  0.035s  
INFO: Event nb 30  0.063s  
INFO: Event nb 40  0.086s  
INFO: Event nb 50  0.1s  
INFO: Event nb 60  0.12s  
INFO: Event nb 70  0.14s  
INFO: Event nb 80  0.16s  
INFO: Event nb 90  0.18s  
INFO: All event done  (nb_event: 100)  0.2s  
INFO: Event /pool/condor/dir_11911/genproductions/bin/MadGraph5_aMCatNLO/WmWpToLpNujj_01j_aTGC_pTW-150toInf_mWV-800toInf_4f_NLO_FXFX/WmWpToLpNujj_01j_aTGC_pTW-150toInf_mWV-800toInf_4f_NLO_FXFX_gridpack/work/processtmp/Events/pilotrun/events.lhe.gz_0.lhe have now the additional weight 
launch --rwgt_name=cwwwm1p8_cw2p25_cb0
Do you want to edit a card (press enter to bypass editing)?
/------------------------------------------------------------\
|  [31m1[0m. param : [32mparam_card.dat[0m                                 |
|  [31m9[0m. plot  : [32mplot_card.dat[0m                                  |
\------------------------------------------------------------/
 you can also
   - enter the path to a valid card or banner.
   - use the 'set' command to modify a parameter directly.
     The set option works only for param_card and run_card.
     Type 'help set' for more information on this command.
   - call an external program (ASperGE/MadWidth/...).
     Type 'help' for the list of available command
 [[4m0[0m, done, 1, param, 9, plot, enter path]
>INFO: starts to compute weight for events with the following modification to the param_card: 
INFO: set param_card dim6 1 -1.8 # orig: 3.6
KEEP:set param_card dim6 2 2.25 # orig: 4.5
KEEP:set param_card dim6 3 0.0 # orig: 20.0
KEEP: 
INFO: Event nb 0 current time: 01h08 
INFO: Event nb 10 current time: 01h08 
INFO: Event nb 20  0.035s  
INFO: Event nb 30  0.063s  
INFO: Event nb 40  0.086s  
INFO: Event nb 50  0.1s  
INFO: Event nb 60  0.12s  
INFO: Event nb 70  0.14s  
INFO: Event nb 80  0.16s  
INFO: Event nb 90  0.17s  
INFO: All event done  (nb_event: 100)  0.19s  
INFO: Event /pool/condor/dir_11911/genproductions/bin/MadGraph5_aMCatNLO/WmWpToLpNujj_01j_aTGC_pTW-150toInf_mWV-800toInf_4f_NLO_FXFX/WmWpToLpNujj_01j_aTGC_pTW-150toInf_mWV-800toInf_4f_NLO_FXFX_gridpack/work/processtmp/Events/pilotrun/events.lhe.gz_0.lhe have now the additional weight 
launch --rwgt_name=cwwwm1p8_cw2p25_cb10
Do you want to edit a card (press enter to bypass editing)?
/------------------------------------------------------------\
|  [31m1[0m. param : [32mparam_card.dat[0m                                 |
|  [31m9[0m. plot  : [32mplot_card.dat[0m                                  |
\------------------------------------------------------------/
 you can also
   - enter the path to a valid card or banner.
   - use the 'set' command to modify a parameter directly.
     The set option works only for param_card and run_card.
     Type 'help set' for more information on this command.
   - call an external program (ASperGE/MadWidth/...).
     Type 'help' for the list of available command
 [[4m0[0m, done, 1, param, 9, plot, enter path]
>INFO: starts to compute weight for events with the following modification to the param_card: 
INFO: set param_card dim6 1 -1.8 # orig: 3.6
KEEP:set param_card dim6 2 2.25 # orig: 4.5
KEEP:set param_card dim6 3 10.0 # orig: 20.0
KEEP: 
INFO: Event nb 0 current time: 01h08 
INFO: Event nb 10 current time: 01h08 
INFO: Event nb 20  0.035s  
INFO: Event nb 30  0.064s  
INFO: Event nb 40  0.086s  
INFO: Event nb 50  0.1s  
INFO: Event nb 60  0.12s  
INFO: Event nb 70  0.15s  
INFO: Event nb 80  0.17s  
INFO: Event nb 90  0.19s  
INFO: All event done  (nb_event: 100)  0.2s  
INFO: Event /pool/condor/dir_11911/genproductions/bin/MadGraph5_aMCatNLO/WmWpToLpNujj_01j_aTGC_pTW-150toInf_mWV-800toInf_4f_NLO_FXFX/WmWpToLpNujj_01j_aTGC_pTW-150toInf_mWV-800toInf_4f_NLO_FXFX_gridpack/work/processtmp/Events/pilotrun/events.lhe.gz_0.lhe have now the additional weight 
launch --rwgt_name=cwwwm1p8_cw2p25_cb20
Do you want to edit a card (press enter to bypass editing)?
/------------------------------------------------------------\
|  [31m1[0m. param : [32mparam_card.dat[0m                                 |
|  [31m9[0m. plot  : [32mplot_card.dat[0m                                  |
\------------------------------------------------------------/
 you can also
   - enter the path to a valid card or banner.
   - use the 'set' command to modify a parameter directly.
     The set option works only for param_card and run_card.
     Type 'help set' for more information on this command.
   - call an external program (ASperGE/MadWidth/...).
     Type 'help' for the list of available command
 [[4m0[0m, done, 1, param, 9, plot, enter path]
>INFO: starts to compute weight for events with the following modification to the param_card: 
INFO: set param_card dim6 1 -1.8 # orig: 3.6
KEEP:set param_card dim6 2 2.25 # orig: 4.5
KEEP: 
INFO: Event nb 0 current time: 01h08 
INFO: Event nb 10 current time: 01h08 
INFO: Event nb 20  0.035s  
INFO: Event nb 30  0.064s  
INFO: Event nb 40  0.086s  
INFO: Event nb 50  0.1s  
INFO: Event nb 60  0.12s  
INFO: Event nb 70  0.14s  
INFO: Event nb 80  0.16s  
INFO: Event nb 90  0.18s  
INFO: All event done  (nb_event: 100)  0.2s  
INFO: Event /pool/condor/dir_11911/genproductions/bin/MadGraph5_aMCatNLO/WmWpToLpNujj_01j_aTGC_pTW-150toInf_mWV-800toInf_4f_NLO_FXFX/WmWpToLpNujj_01j_aTGC_pTW-150toInf_mWV-800toInf_4f_NLO_FXFX_gridpack/work/processtmp/Events/pilotrun/events.lhe.gz_0.lhe have now the additional weight 
launch --rwgt_name=cwwwm1p8_cw4p50_cbm20
Do you want to edit a card (press enter to bypass editing)?
/------------------------------------------------------------\
|  [31m1[0m. param : [32mparam_card.dat[0m                                 |
|  [31m9[0m. plot  : [32mplot_card.dat[0m                                  |
\------------------------------------------------------------/
 you can also
   - enter the path to a valid card or banner.
   - use the 'set' command to modify a parameter directly.
     The set option works only for param_card and run_card.
     Type 'help set' for more information on this command.
   - call an external program (ASperGE/MadWidth/...).
     Type 'help' for the list of available command
 [[4m0[0m, done, 1, param, 9, plot, enter path]
>INFO: starts to compute weight for events with the following modification to the param_card: 
INFO: set param_card dim6 1 -1.8 # orig: 3.6
KEEP:set param_card dim6 3 -20.0 # orig: 20.0
KEEP: 
INFO: Event nb 0 current time: 01h08 
INFO: Event nb 10  0.021s  
INFO: Event nb 20  0.037s  
INFO: Event nb 30  0.065s  
INFO: Event nb 40  0.088s  
INFO: Event nb 50  0.1s  
INFO: Event nb 60  0.12s  
INFO: Event nb 70  0.14s  
INFO: Event nb 80  0.16s  
INFO: Event nb 90  0.18s  
INFO: All event done  (nb_event: 100)  0.19s  
INFO: Event /pool/condor/dir_11911/genproductions/bin/MadGraph5_aMCatNLO/WmWpToLpNujj_01j_aTGC_pTW-150toInf_mWV-800toInf_4f_NLO_FXFX/WmWpToLpNujj_01j_aTGC_pTW-150toInf_mWV-800toInf_4f_NLO_FXFX_gridpack/work/processtmp/Events/pilotrun/events.lhe.gz_0.lhe have now the additional weight 
launch --rwgt_name=cwwwm1p8_cw4p50_cbm10
Do you want to edit a card (press enter to bypass editing)?
/------------------------------------------------------------\
|  [31m1[0m. param : [32mparam_card.dat[0m                                 |
|  [31m9[0m. plot  : [32mplot_card.dat[0m                                  |
\------------------------------------------------------------/
 you can also
   - enter the path to a valid card or banner.
   - use the 'set' command to modify a parameter directly.
     The set option works only for param_card and run_card.
     Type 'help set' for more information on this command.
   - call an external program (ASperGE/MadWidth/...).
     Type 'help' for the list of available command
 [[4m0[0m, done, 1, param, 9, plot, enter path]
>INFO: starts to compute weight for events with the following modification to the param_card: 
INFO: set param_card dim6 1 -1.8 # orig: 3.6
KEEP:set param_card dim6 3 -10.0 # orig: 20.0
KEEP: 
INFO: Event nb 0 current time: 01h08 
INFO: Event nb 10 current time: 01h08 
INFO: Event nb 20  0.035s  
INFO: Event nb 30  0.064s  
INFO: Event nb 40  0.086s  
INFO: Event nb 50  0.1s  
INFO: Event nb 60  0.12s  
INFO: Event nb 70  0.14s  
INFO: Event nb 80  0.16s  
INFO: Event nb 90  0.18s  
INFO: All event done  (nb_event: 100)  0.19s  
INFO: Event /pool/condor/dir_11911/genproductions/bin/MadGraph5_aMCatNLO/WmWpToLpNujj_01j_aTGC_pTW-150toInf_mWV-800toInf_4f_NLO_FXFX/WmWpToLpNujj_01j_aTGC_pTW-150toInf_mWV-800toInf_4f_NLO_FXFX_gridpack/work/processtmp/Events/pilotrun/events.lhe.gz_0.lhe have now the additional weight 
launch --rwgt_name=cwwwm1p8_cw4p50_cb0
Do you want to edit a card (press enter to bypass editing)?
/------------------------------------------------------------\
|  [31m1[0m. param : [32mparam_card.dat[0m                                 |
|  [31m9[0m. plot  : [32mplot_card.dat[0m                                  |
\------------------------------------------------------------/
 you can also
   - enter the path to a valid card or banner.
   - use the 'set' command to modify a parameter directly.
     The set option works only for param_card and run_card.
     Type 'help set' for more information on this command.
   - call an external program (ASperGE/MadWidth/...).
     Type 'help' for the list of available command
 [[4m0[0m, done, 1, param, 9, plot, enter path]
>INFO: starts to compute weight for events with the following modification to the param_card: 
INFO: set param_card dim6 1 -1.8 # orig: 3.6
KEEP:set param_card dim6 3 0.0 # orig: 20.0
KEEP: 
INFO: Event nb 0 current time: 01h08 
INFO: Event nb 10 current time: 01h08 
INFO: Event nb 20  0.035s  
INFO: Event nb 30  0.064s  
INFO: Event nb 40  0.087s  
INFO: Event nb 50  0.1s  
INFO: Event nb 60  0.12s  
INFO: Event nb 70  0.14s  
INFO: Event nb 80  0.16s  
INFO: Event nb 90  0.18s  
INFO: All event done  (nb_event: 100)  0.19s  
INFO: Event /pool/condor/dir_11911/genproductions/bin/MadGraph5_aMCatNLO/WmWpToLpNujj_01j_aTGC_pTW-150toInf_mWV-800toInf_4f_NLO_FXFX/WmWpToLpNujj_01j_aTGC_pTW-150toInf_mWV-800toInf_4f_NLO_FXFX_gridpack/work/processtmp/Events/pilotrun/events.lhe.gz_0.lhe have now the additional weight 
launch --rwgt_name=cwwwm1p8_cw4p50_cb10
Do you want to edit a card (press enter to bypass editing)?
/------------------------------------------------------------\
|  [31m1[0m. param : [32mparam_card.dat[0m                                 |
|  [31m9[0m. plot  : [32mplot_card.dat[0m                                  |
\------------------------------------------------------------/
 you can also
   - enter the path to a valid card or banner.
   - use the 'set' command to modify a parameter directly.
     The set option works only for param_card and run_card.
     Type 'help set' for more information on this command.
   - call an external program (ASperGE/MadWidth/...).
     Type 'help' for the list of available command
 [[4m0[0m, done, 1, param, 9, plot, enter path]
>INFO: starts to compute weight for events with the following modification to the param_card: 
INFO: set param_card dim6 1 -1.8 # orig: 3.6
KEEP:set param_card dim6 3 10.0 # orig: 20.0
KEEP: 
INFO: Event nb 0 current time: 01h08 
INFO: Event nb 10 current time: 01h08 
INFO: Event nb 20  0.036s  
INFO: Event nb 30  0.064s  
INFO: Event nb 40  0.087s  
INFO: Event nb 50  0.1s  
INFO: Event nb 60  0.12s  
INFO: Event nb 70  0.14s  
INFO: Event nb 80  0.16s  
INFO: Event nb 90  0.18s  
INFO: All event done  (nb_event: 100)  0.19s  
INFO: Event /pool/condor/dir_11911/genproductions/bin/MadGraph5_aMCatNLO/WmWpToLpNujj_01j_aTGC_pTW-150toInf_mWV-800toInf_4f_NLO_FXFX/WmWpToLpNujj_01j_aTGC_pTW-150toInf_mWV-800toInf_4f_NLO_FXFX_gridpack/work/processtmp/Events/pilotrun/events.lhe.gz_0.lhe have now the additional weight 
launch --rwgt_name=cwwwm1p8_cw4p50_cb20
Do you want to edit a card (press enter to bypass editing)?
/------------------------------------------------------------\
|  [31m1[0m. param : [32mparam_card.dat[0m                                 |
|  [31m9[0m. plot  : [32mplot_card.dat[0m                                  |
\------------------------------------------------------------/
 you can also
   - enter the path to a valid card or banner.
   - use the 'set' command to modify a parameter directly.
     The set option works only for param_card and run_card.
     Type 'help set' for more information on this command.
   - call an external program (ASperGE/MadWidth/...).
     Type 'help' for the list of available command
 [[4m0[0m, done, 1, param, 9, plot, enter path]
>INFO: starts to compute weight for events with the following modification to the param_card: 
INFO: set param_card dim6 1 -1.8 # orig: 3.6
KEEP: 
INFO: Event nb 0 current time: 01h08 
INFO: Event nb 10 current time: 01h08 
INFO: Event nb 20  0.036s  
INFO: Event nb 30  0.064s  
INFO: Event nb 40  0.087s  
INFO: Event nb 50  0.1s  
INFO: Event nb 60  0.12s  
INFO: Event nb 70  0.14s  
INFO: Event nb 80  0.16s  
INFO: Event nb 90  0.18s  
INFO: All event done  (nb_event: 100)  0.19s  
INFO: Event /pool/condor/dir_11911/genproductions/bin/MadGraph5_aMCatNLO/WmWpToLpNujj_01j_aTGC_pTW-150toInf_mWV-800toInf_4f_NLO_FXFX/WmWpToLpNujj_01j_aTGC_pTW-150toInf_mWV-800toInf_4f_NLO_FXFX_gridpack/work/processtmp/Events/pilotrun/events.lhe.gz_0.lhe have now the additional weight 
launch --rwgt_name=cwww0p0_cwm4p50_cbm20
Do you want to edit a card (press enter to bypass editing)?
/------------------------------------------------------------\
|  [31m1[0m. param : [32mparam_card.dat[0m                                 |
|  [31m9[0m. plot  : [32mplot_card.dat[0m                                  |
\------------------------------------------------------------/
 you can also
   - enter the path to a valid card or banner.
   - use the 'set' command to modify a parameter directly.
     The set option works only for param_card and run_card.
     Type 'help set' for more information on this command.
   - call an external program (ASperGE/MadWidth/...).
     Type 'help' for the list of available command
 [[4m0[0m, done, 1, param, 9, plot, enter path]
>INFO: starts to compute weight for events with the following modification to the param_card: 
INFO: set param_card dim6 1 0.0 # orig: 3.6
KEEP:set param_card dim6 2 -4.5 # orig: 4.5
KEEP:set param_card dim6 3 -20.0 # orig: 20.0
KEEP: 
INFO: Event nb 0 current time: 01h08 
INFO: Event nb 10 current time: 01h08 
INFO: Event nb 20  0.036s  
INFO: Event nb 30  0.065s  
INFO: Event nb 40  0.088s  
INFO: Event nb 50  0.1s  
INFO: Event nb 60  0.12s  
INFO: Event nb 70  0.15s  
INFO: Event nb 80  0.16s  
INFO: Event nb 90  0.18s  
INFO: All event done  (nb_event: 100)  0.2s  
INFO: Event /pool/condor/dir_11911/genproductions/bin/MadGraph5_aMCatNLO/WmWpToLpNujj_01j_aTGC_pTW-150toInf_mWV-800toInf_4f_NLO_FXFX/WmWpToLpNujj_01j_aTGC_pTW-150toInf_mWV-800toInf_4f_NLO_FXFX_gridpack/work/processtmp/Events/pilotrun/events.lhe.gz_0.lhe have now the additional weight 
launch --rwgt_name=cwww0p0_cwm4p50_cbm10
Do you want to edit a card (press enter to bypass editing)?
/------------------------------------------------------------\
|  [31m1[0m. param : [32mparam_card.dat[0m                                 |
|  [31m9[0m. plot  : [32mplot_card.dat[0m                                  |
\------------------------------------------------------------/
 you can also
   - enter the path to a valid card or banner.
   - use the 'set' command to modify a parameter directly.
     The set option works only for param_card and run_card.
     Type 'help set' for more information on this command.
   - call an external program (ASperGE/MadWidth/...).
     Type 'help' for the list of available command
 [[4m0[0m, done, 1, param, 9, plot, enter path]
>INFO: starts to compute weight for events with the following modification to the param_card: 
INFO: set param_card dim6 1 0.0 # orig: 3.6
KEEP:set param_card dim6 2 -4.5 # orig: 4.5
KEEP:set param_card dim6 3 -10.0 # orig: 20.0
KEEP: 
INFO: Event nb 0 current time: 01h08 
INFO: Event nb 10  0.021s  
INFO: Event nb 20  0.037s  
INFO: Event nb 30  0.066s  
INFO: Event nb 40  0.089s  
INFO: Event nb 50  0.1s  
INFO: Event nb 60  0.12s  
INFO: Event nb 70  0.15s  
INFO: Event nb 80  0.16s  
INFO: Event nb 90  0.18s  
INFO: All event done  (nb_event: 100)  0.2s  
INFO: Event /pool/condor/dir_11911/genproductions/bin/MadGraph5_aMCatNLO/WmWpToLpNujj_01j_aTGC_pTW-150toInf_mWV-800toInf_4f_NLO_FXFX/WmWpToLpNujj_01j_aTGC_pTW-150toInf_mWV-800toInf_4f_NLO_FXFX_gridpack/work/processtmp/Events/pilotrun/events.lhe.gz_0.lhe have now the additional weight 
launch --rwgt_name=cwww0p0_cwm4p50_cb0
Do you want to edit a card (press enter to bypass editing)?
/------------------------------------------------------------\
|  [31m1[0m. param : [32mparam_card.dat[0m                                 |
|  [31m9[0m. plot  : [32mplot_card.dat[0m                                  |
\------------------------------------------------------------/
 you can also
   - enter the path to a valid card or banner.
   - use the 'set' command to modify a parameter directly.
     The set option works only for param_card and run_card.
     Type 'help set' for more information on this command.
   - call an external program (ASperGE/MadWidth/...).
     Type 'help' for the list of available command
 [[4m0[0m, done, 1, param, 9, plot, enter path]
>INFO: starts to compute weight for events with the following modification to the param_card: 
INFO: set param_card dim6 1 0.0 # orig: 3.6
KEEP:set param_card dim6 2 -4.5 # orig: 4.5
KEEP:set param_card dim6 3 0.0 # orig: 20.0
KEEP: 
INFO: Event nb 0 current time: 01h08 
INFO: Event nb 10  0.022s  
INFO: Event nb 20  0.038s  
INFO: Event nb 30  0.067s  
INFO: Event nb 40  0.089s  
INFO: Event nb 50  0.1s  
INFO: Event nb 60  0.12s  
INFO: Event nb 70  0.15s  
INFO: Event nb 80  0.16s  
INFO: Event nb 90  0.18s  
INFO: All event done  (nb_event: 100)  0.2s  
INFO: Event /pool/condor/dir_11911/genproductions/bin/MadGraph5_aMCatNLO/WmWpToLpNujj_01j_aTGC_pTW-150toInf_mWV-800toInf_4f_NLO_FXFX/WmWpToLpNujj_01j_aTGC_pTW-150toInf_mWV-800toInf_4f_NLO_FXFX_gridpack/work/processtmp/Events/pilotrun/events.lhe.gz_0.lhe have now the additional weight 
launch --rwgt_name=cwww0p0_cwm4p50_cb10
Do you want to edit a card (press enter to bypass editing)?
/------------------------------------------------------------\
|  [31m1[0m. param : [32mparam_card.dat[0m                                 |
|  [31m9[0m. plot  : [32mplot_card.dat[0m                                  |
\------------------------------------------------------------/
 you can also
   - enter the path to a valid card or banner.
   - use the 'set' command to modify a parameter directly.
     The set option works only for param_card and run_card.
     Type 'help set' for more information on this command.
   - call an external program (ASperGE/MadWidth/...).
     Type 'help' for the list of available command
 [[4m0[0m, done, 1, param, 9, plot, enter path]
>INFO: starts to compute weight for events with the following modification to the param_card: 
INFO: set param_card dim6 1 0.0 # orig: 3.6
KEEP:set param_card dim6 2 -4.5 # orig: 4.5
KEEP:set param_card dim6 3 10.0 # orig: 20.0
KEEP: 
INFO: Event nb 0 current time: 01h08 
INFO: Event nb 10 current time: 01h08 
INFO: Event nb 20  0.036s  
INFO: Event nb 30  0.065s  
INFO: Event nb 40  0.087s  
INFO: Event nb 50  0.1s  
INFO: Event nb 60  0.12s  
INFO: Event nb 70  0.15s  
INFO: Event nb 80  0.16s  
INFO: Event nb 90  0.18s  
INFO: All event done  (nb_event: 100)  0.2s  
INFO: Event /pool/condor/dir_11911/genproductions/bin/MadGraph5_aMCatNLO/WmWpToLpNujj_01j_aTGC_pTW-150toInf_mWV-800toInf_4f_NLO_FXFX/WmWpToLpNujj_01j_aTGC_pTW-150toInf_mWV-800toInf_4f_NLO_FXFX_gridpack/work/processtmp/Events/pilotrun/events.lhe.gz_0.lhe have now the additional weight 
launch --rwgt_name=cwww0p0_cwm4p50_cb20
Do you want to edit a card (press enter to bypass editing)?
/------------------------------------------------------------\
|  [31m1[0m. param : [32mparam_card.dat[0m                                 |
|  [31m9[0m. plot  : [32mplot_card.dat[0m                                  |
\------------------------------------------------------------/
 you can also
   - enter the path to a valid card or banner.
   - use the 'set' command to modify a parameter directly.
     The set option works only for param_card and run_card.
     Type 'help set' for more information on this command.
   - call an external program (ASperGE/MadWidth/...).
     Type 'help' for the list of available command
 [[4m0[0m, done, 1, param, 9, plot, enter path]
>INFO: starts to compute weight for events with the following modification to the param_card: 
INFO: set param_card dim6 1 0.0 # orig: 3.6
KEEP:set param_card dim6 2 -4.5 # orig: 4.5
KEEP: 
INFO: Event nb 0 current time: 01h08 
INFO: Event nb 10 current time: 01h08 
INFO: Event nb 20  0.036s  
INFO: Event nb 30  0.065s  
INFO: Event nb 40  0.088s  
INFO: Event nb 50  0.1s  
INFO: Event nb 60  0.12s  
INFO: Event nb 70  0.15s  
INFO: Event nb 80  0.16s  
INFO: Event nb 90  0.18s  
INFO: All event done  (nb_event: 100)  0.2s  
INFO: Event /pool/condor/dir_11911/genproductions/bin/MadGraph5_aMCatNLO/WmWpToLpNujj_01j_aTGC_pTW-150toInf_mWV-800toInf_4f_NLO_FXFX/WmWpToLpNujj_01j_aTGC_pTW-150toInf_mWV-800toInf_4f_NLO_FXFX_gridpack/work/processtmp/Events/pilotrun/events.lhe.gz_0.lhe have now the additional weight 
launch --rwgt_name=cwww0p0_cwm2p25_cbm20
Do you want to edit a card (press enter to bypass editing)?
/------------------------------------------------------------\
|  [31m1[0m. param : [32mparam_card.dat[0m                                 |
|  [31m9[0m. plot  : [32mplot_card.dat[0m                                  |
\------------------------------------------------------------/
 you can also
   - enter the path to a valid card or banner.
   - use the 'set' command to modify a parameter directly.
     The set option works only for param_card and run_card.
     Type 'help set' for more information on this command.
   - call an external program (ASperGE/MadWidth/...).
     Type 'help' for the list of available command
 [[4m0[0m, done, 1, param, 9, plot, enter path]
>INFO: starts to compute weight for events with the following modification to the param_card: 
INFO: set param_card dim6 1 0.0 # orig: 3.6
KEEP:set param_card dim6 2 -2.25 # orig: 4.5
KEEP:set param_card dim6 3 -20.0 # orig: 20.0
KEEP: 
INFO: Event nb 0 current time: 01h08 
INFO: Event nb 10 current time: 01h08 
INFO: Event nb 20  0.036s  
INFO: Event nb 30  0.065s  
INFO: Event nb 40  0.088s  
INFO: Event nb 50  0.1s  
INFO: Event nb 60  0.12s  
INFO: Event nb 70  0.15s  
INFO: Event nb 80  0.16s  
INFO: Event nb 90  0.18s  
INFO: All event done  (nb_event: 100)  0.2s  
INFO: Event /pool/condor/dir_11911/genproductions/bin/MadGraph5_aMCatNLO/WmWpToLpNujj_01j_aTGC_pTW-150toInf_mWV-800toInf_4f_NLO_FXFX/WmWpToLpNujj_01j_aTGC_pTW-150toInf_mWV-800toInf_4f_NLO_FXFX_gridpack/work/processtmp/Events/pilotrun/events.lhe.gz_0.lhe have now the additional weight 
launch --rwgt_name=cwww0p0_cwm2p25_cbm10
Do you want to edit a card (press enter to bypass editing)?
/------------------------------------------------------------\
|  [31m1[0m. param : [32mparam_card.dat[0m                                 |
|  [31m9[0m. plot  : [32mplot_card.dat[0m                                  |
\------------------------------------------------------------/
 you can also
   - enter the path to a valid card or banner.
   - use the 'set' command to modify a parameter directly.
     The set option works only for param_card and run_card.
     Type 'help set' for more information on this command.
   - call an external program (ASperGE/MadWidth/...).
     Type 'help' for the list of available command
 [[4m0[0m, done, 1, param, 9, plot, enter path]
>INFO: starts to compute weight for events with the following modification to the param_card: 
INFO: set param_card dim6 1 0.0 # orig: 3.6
KEEP:set param_card dim6 2 -2.25 # orig: 4.5
KEEP:set param_card dim6 3 -10.0 # orig: 20.0
KEEP: 
INFO: Event nb 0 current time: 01h08 
INFO: Event nb 10  0.02s  
INFO: Event nb 20  0.036s  
INFO: Event nb 30  0.065s  
INFO: Event nb 40  0.088s  
INFO: Event nb 50  0.1s  
INFO: Event nb 60  0.12s  
INFO: Event nb 70  0.15s  
INFO: Event nb 80  0.16s  
INFO: Event nb 90  0.18s  
INFO: All event done  (nb_event: 100)  0.2s  
INFO: Event /pool/condor/dir_11911/genproductions/bin/MadGraph5_aMCatNLO/WmWpToLpNujj_01j_aTGC_pTW-150toInf_mWV-800toInf_4f_NLO_FXFX/WmWpToLpNujj_01j_aTGC_pTW-150toInf_mWV-800toInf_4f_NLO_FXFX_gridpack/work/processtmp/Events/pilotrun/events.lhe.gz_0.lhe have now the additional weight 
launch --rwgt_name=cwww0p0_cwm2p25_cb0
Do you want to edit a card (press enter to bypass editing)?
/------------------------------------------------------------\
|  [31m1[0m. param : [32mparam_card.dat[0m                                 |
|  [31m9[0m. plot  : [32mplot_card.dat[0m                                  |
\------------------------------------------------------------/
 you can also
   - enter the path to a valid card or banner.
   - use the 'set' command to modify a parameter directly.
     The set option works only for param_card and run_card.
     Type 'help set' for more information on this command.
   - call an external program (ASperGE/MadWidth/...).
     Type 'help' for the list of available command
 [[4m0[0m, done, 1, param, 9, plot, enter path]
>INFO: starts to compute weight for events with the following modification to the param_card: 
INFO: set param_card dim6 1 0.0 # orig: 3.6
KEEP:set param_card dim6 2 -2.25 # orig: 4.5
KEEP:set param_card dim6 3 0.0 # orig: 20.0
KEEP: 
INFO: Event nb 0 current time: 01h08 
INFO: Event nb 10  0.02s  
INFO: Event nb 20  0.036s  
INFO: Event nb 30  0.065s  
INFO: Event nb 40  0.088s  
INFO: Event nb 50  0.1s  
INFO: Event nb 60  0.12s  
INFO: Event nb 70  0.15s  
INFO: Event nb 80  0.16s  
INFO: Event nb 90  0.18s  
INFO: All event done  (nb_event: 100)  0.2s  
INFO: Event /pool/condor/dir_11911/genproductions/bin/MadGraph5_aMCatNLO/WmWpToLpNujj_01j_aTGC_pTW-150toInf_mWV-800toInf_4f_NLO_FXFX/WmWpToLpNujj_01j_aTGC_pTW-150toInf_mWV-800toInf_4f_NLO_FXFX_gridpack/work/processtmp/Events/pilotrun/events.lhe.gz_0.lhe have now the additional weight 
launch --rwgt_name=cwww0p0_cwm2p25_cb10
Do you want to edit a card (press enter to bypass editing)?
/------------------------------------------------------------\
|  [31m1[0m. param : [32mparam_card.dat[0m                                 |
|  [31m9[0m. plot  : [32mplot_card.dat[0m                                  |
\------------------------------------------------------------/
 you can also
   - enter the path to a valid card or banner.
   - use the 'set' command to modify a parameter directly.
     The set option works only for param_card and run_card.
     Type 'help set' for more information on this command.
   - call an external program (ASperGE/MadWidth/...).
     Type 'help' for the list of available command
 [[4m0[0m, done, 1, param, 9, plot, enter path]
>INFO: starts to compute weight for events with the following modification to the param_card: 
INFO: set param_card dim6 1 0.0 # orig: 3.6
KEEP:set param_card dim6 2 -2.25 # orig: 4.5
KEEP:set param_card dim6 3 10.0 # orig: 20.0
KEEP: 
INFO: Event nb 0 current time: 01h08 
INFO: Event nb 10  0.02s  
INFO: Event nb 20  0.036s  
INFO: Event nb 30  0.065s  
INFO: Event nb 40  0.089s  
INFO: Event nb 50  0.1s  
INFO: Event nb 60  0.12s  
INFO: Event nb 70  0.15s  
INFO: Event nb 80  0.16s  
INFO: Event nb 90  0.18s  
INFO: All event done  (nb_event: 100)  0.2s  
INFO: Event /pool/condor/dir_11911/genproductions/bin/MadGraph5_aMCatNLO/WmWpToLpNujj_01j_aTGC_pTW-150toInf_mWV-800toInf_4f_NLO_FXFX/WmWpToLpNujj_01j_aTGC_pTW-150toInf_mWV-800toInf_4f_NLO_FXFX_gridpack/work/processtmp/Events/pilotrun/events.lhe.gz_0.lhe have now the additional weight 
launch --rwgt_name=cwww0p0_cwm2p25_cb20
Do you want to edit a card (press enter to bypass editing)?
/------------------------------------------------------------\
|  [31m1[0m. param : [32mparam_card.dat[0m                                 |
|  [31m9[0m. plot  : [32mplot_card.dat[0m                                  |
\------------------------------------------------------------/
 you can also
   - enter the path to a valid card or banner.
   - use the 'set' command to modify a parameter directly.
     The set option works only for param_card and run_card.
     Type 'help set' for more information on this command.
   - call an external program (ASperGE/MadWidth/...).
     Type 'help' for the list of available command
 [[4m0[0m, done, 1, param, 9, plot, enter path]
>INFO: starts to compute weight for events with the following modification to the param_card: 
INFO: set param_card dim6 1 0.0 # orig: 3.6
KEEP:set param_card dim6 2 -2.25 # orig: 4.5
KEEP: 
INFO: Event nb 0 current time: 01h08 
INFO: Event nb 10  0.02s  
INFO: Event nb 20  0.037s  
INFO: Event nb 30  0.066s  
INFO: Event nb 40  0.089s  
INFO: Event nb 50  0.1s  
INFO: Event nb 60  0.12s  
INFO: Event nb 70  0.15s  
INFO: Event nb 80  0.16s  
INFO: Event nb 90  0.18s  
INFO: All event done  (nb_event: 100)  0.2s  
INFO: Event /pool/condor/dir_11911/genproductions/bin/MadGraph5_aMCatNLO/WmWpToLpNujj_01j_aTGC_pTW-150toInf_mWV-800toInf_4f_NLO_FXFX/WmWpToLpNujj_01j_aTGC_pTW-150toInf_mWV-800toInf_4f_NLO_FXFX_gridpack/work/processtmp/Events/pilotrun/events.lhe.gz_0.lhe have now the additional weight 
launch --rwgt_name=cwww0p0_cw0p00_cbm20
Do you want to edit a card (press enter to bypass editing)?
/------------------------------------------------------------\
|  [31m1[0m. param : [32mparam_card.dat[0m                                 |
|  [31m9[0m. plot  : [32mplot_card.dat[0m                                  |
\------------------------------------------------------------/
 you can also
   - enter the path to a valid card or banner.
   - use the 'set' command to modify a parameter directly.
     The set option works only for param_card and run_card.
     Type 'help set' for more information on this command.
   - call an external program (ASperGE/MadWidth/...).
     Type 'help' for the list of available command
 [[4m0[0m, done, 1, param, 9, plot, enter path]
>INFO: starts to compute weight for events with the following modification to the param_card: 
INFO: set param_card dim6 1 0.0 # orig: 3.6
KEEP:set param_card dim6 2 0.0 # orig: 4.5
KEEP:set param_card dim6 3 -20.0 # orig: 20.0
KEEP: 
INFO: Event nb 0 current time: 01h08 
INFO: Event nb 10  0.021s  
INFO: Event nb 20  0.037s  
INFO: Event nb 30  0.066s  
INFO: Event nb 40  0.089s  
INFO: Event nb 50  0.11s  
INFO: Event nb 60  0.12s  
INFO: Event nb 70  0.15s  
INFO: Event nb 80  0.16s  
INFO: Event nb 90  0.18s  
INFO: All event done  (nb_event: 100)  0.2s  
INFO: Event /pool/condor/dir_11911/genproductions/bin/MadGraph5_aMCatNLO/WmWpToLpNujj_01j_aTGC_pTW-150toInf_mWV-800toInf_4f_NLO_FXFX/WmWpToLpNujj_01j_aTGC_pTW-150toInf_mWV-800toInf_4f_NLO_FXFX_gridpack/work/processtmp/Events/pilotrun/events.lhe.gz_0.lhe have now the additional weight 
launch --rwgt_name=cwww0p0_cw0p00_cbm10
Do you want to edit a card (press enter to bypass editing)?
/------------------------------------------------------------\
|  [31m1[0m. param : [32mparam_card.dat[0m                                 |
|  [31m9[0m. plot  : [32mplot_card.dat[0m                                  |
\------------------------------------------------------------/
 you can also
   - enter the path to a valid card or banner.
   - use the 'set' command to modify a parameter directly.
     The set option works only for param_card and run_card.
     Type 'help set' for more information on this command.
   - call an external program (ASperGE/MadWidth/...).
     Type 'help' for the list of available command
 [[4m0[0m, done, 1, param, 9, plot, enter path]
>INFO: starts to compute weight for events with the following modification to the param_card: 
INFO: set param_card dim6 1 0.0 # orig: 3.6
KEEP:set param_card dim6 2 0.0 # orig: 4.5
KEEP:set param_card dim6 3 -10.0 # orig: 20.0
KEEP: 
INFO: Event nb 0 current time: 01h08 
INFO: Event nb 10  0.02s  
INFO: Event nb 20  0.037s  
INFO: Event nb 30  0.066s  
INFO: Event nb 40  0.09s  
INFO: Event nb 50  0.11s  
INFO: Event nb 60  0.12s  
INFO: Event nb 70  0.15s  
INFO: Event nb 80  0.16s  
INFO: Event nb 90  0.18s  
INFO: All event done  (nb_event: 100)  0.2s  
INFO: Event /pool/condor/dir_11911/genproductions/bin/MadGraph5_aMCatNLO/WmWpToLpNujj_01j_aTGC_pTW-150toInf_mWV-800toInf_4f_NLO_FXFX/WmWpToLpNujj_01j_aTGC_pTW-150toInf_mWV-800toInf_4f_NLO_FXFX_gridpack/work/processtmp/Events/pilotrun/events.lhe.gz_0.lhe have now the additional weight 
launch --rwgt_name=cwww0p0_cw0p00_cb0
Do you want to edit a card (press enter to bypass editing)?
/------------------------------------------------------------\
|  [31m1[0m. param : [32mparam_card.dat[0m                                 |
|  [31m9[0m. plot  : [32mplot_card.dat[0m                                  |
\------------------------------------------------------------/
 you can also
   - enter the path to a valid card or banner.
   - use the 'set' command to modify a parameter directly.
     The set option works only for param_card and run_card.
     Type 'help set' for more information on this command.
   - call an external program (ASperGE/MadWidth/...).
     Type 'help' for the list of available command
 [[4m0[0m, done, 1, param, 9, plot, enter path]
>INFO: starts to compute weight for events with the following modification to the param_card: 
INFO: set param_card dim6 1 0.0 # orig: 3.6
KEEP:set param_card dim6 2 0.0 # orig: 4.5
KEEP:set param_card dim6 3 0.0 # orig: 20.0
KEEP: 
INFO: Event nb 0 current time: 01h08 
INFO: Event nb 10  0.02s  
INFO: Event nb 20  0.037s  
INFO: Event nb 30  0.066s  
INFO: Event nb 40  0.089s  
INFO: Event nb 50  0.11s  
INFO: Event nb 60  0.12s  
INFO: Event nb 70  0.15s  
INFO: Event nb 80  0.16s  
INFO: Event nb 90  0.18s  
INFO: All event done  (nb_event: 100)  0.2s  
INFO: Event /pool/condor/dir_11911/genproductions/bin/MadGraph5_aMCatNLO/WmWpToLpNujj_01j_aTGC_pTW-150toInf_mWV-800toInf_4f_NLO_FXFX/WmWpToLpNujj_01j_aTGC_pTW-150toInf_mWV-800toInf_4f_NLO_FXFX_gridpack/work/processtmp/Events/pilotrun/events.lhe.gz_0.lhe have now the additional weight 
launch --rwgt_name=cwww0p0_cw0p00_cb10
Do you want to edit a card (press enter to bypass editing)?
/------------------------------------------------------------\
|  [31m1[0m. param : [32mparam_card.dat[0m                                 |
|  [31m9[0m. plot  : [32mplot_card.dat[0m                                  |
\------------------------------------------------------------/
 you can also
   - enter the path to a valid card or banner.
   - use the 'set' command to modify a parameter directly.
     The set option works only for param_card and run_card.
     Type 'help set' for more information on this command.
   - call an external program (ASperGE/MadWidth/...).
     Type 'help' for the list of available command
 [[4m0[0m, done, 1, param, 9, plot, enter path]
>INFO: starts to compute weight for events with the following modification to the param_card: 
INFO: set param_card dim6 1 0.0 # orig: 3.6
KEEP:set param_card dim6 2 0.0 # orig: 4.5
KEEP:set param_card dim6 3 10.0 # orig: 20.0
KEEP: 
INFO: Event nb 0 current time: 01h08 
INFO: Event nb 10  0.02s  
INFO: Event nb 20  0.037s  
INFO: Event nb 30  0.066s  
INFO: Event nb 40  0.09s  
INFO: Event nb 50  0.11s  
INFO: Event nb 60  0.13s  
INFO: Event nb 70  0.15s  
INFO: Event nb 80  0.17s  
INFO: Event nb 90  0.18s  
INFO: All event done  (nb_event: 100)  0.2s  
INFO: Event /pool/condor/dir_11911/genproductions/bin/MadGraph5_aMCatNLO/WmWpToLpNujj_01j_aTGC_pTW-150toInf_mWV-800toInf_4f_NLO_FXFX/WmWpToLpNujj_01j_aTGC_pTW-150toInf_mWV-800toInf_4f_NLO_FXFX_gridpack/work/processtmp/Events/pilotrun/events.lhe.gz_0.lhe have now the additional weight 
launch --rwgt_name=cwww0p0_cw0p00_cb20
Do you want to edit a card (press enter to bypass editing)?
/------------------------------------------------------------\
|  [31m1[0m. param : [32mparam_card.dat[0m                                 |
|  [31m9[0m. plot  : [32mplot_card.dat[0m                                  |
\------------------------------------------------------------/
 you can also
   - enter the path to a valid card or banner.
   - use the 'set' command to modify a parameter directly.
     The set option works only for param_card and run_card.
     Type 'help set' for more information on this command.
   - call an external program (ASperGE/MadWidth/...).
     Type 'help' for the list of available command
 [[4m0[0m, done, 1, param, 9, plot, enter path]
>INFO: starts to compute weight for events with the following modification to the param_card: 
INFO: set param_card dim6 1 0.0 # orig: 3.6
KEEP:set param_card dim6 2 0.0 # orig: 4.5
KEEP: 
INFO: Event nb 0 current time: 01h08 
INFO: Event nb 10  0.02s  
INFO: Event nb 20  0.037s  
INFO: Event nb 30  0.067s  
INFO: Event nb 40  0.09s  
INFO: Event nb 50  0.11s  
INFO: Event nb 60  0.13s  
INFO: Event nb 70  0.15s  
INFO: Event nb 80  0.17s  
INFO: Event nb 90  0.18s  
INFO: All event done  (nb_event: 100)  0.2s  
INFO: Event /pool/condor/dir_11911/genproductions/bin/MadGraph5_aMCatNLO/WmWpToLpNujj_01j_aTGC_pTW-150toInf_mWV-800toInf_4f_NLO_FXFX/WmWpToLpNujj_01j_aTGC_pTW-150toInf_mWV-800toInf_4f_NLO_FXFX_gridpack/work/processtmp/Events/pilotrun/events.lhe.gz_0.lhe have now the additional weight 
launch --rwgt_name=cwww0p0_cw2p25_cbm20
Do you want to edit a card (press enter to bypass editing)?
/------------------------------------------------------------\
|  [31m1[0m. param : [32mparam_card.dat[0m                                 |
|  [31m9[0m. plot  : [32mplot_card.dat[0m                                  |
\------------------------------------------------------------/
 you can also
   - enter the path to a valid card or banner.
   - use the 'set' command to modify a parameter directly.
     The set option works only for param_card and run_card.
     Type 'help set' for more information on this command.
   - call an external program (ASperGE/MadWidth/...).
     Type 'help' for the list of available command
 [[4m0[0m, done, 1, param, 9, plot, enter path]
>INFO: starts to compute weight for events with the following modification to the param_card: 
INFO: set param_card dim6 1 0.0 # orig: 3.6
KEEP:set param_card dim6 2 2.25 # orig: 4.5
KEEP:set param_card dim6 3 -20.0 # orig: 20.0
KEEP: 
INFO: Event nb 0 current time: 01h08 
INFO: Event nb 10  0.023s  
INFO: Event nb 20  0.039s  
INFO: Event nb 30  0.069s  
INFO: Event nb 40  0.094s  
INFO: Event nb 50  0.11s  
INFO: Event nb 60  0.13s  
INFO: Event nb 70  0.15s  
INFO: Event nb 80  0.17s  
INFO: Event nb 90  0.19s  
INFO: All event done  (nb_event: 100)  0.21s  
INFO: Event /pool/condor/dir_11911/genproductions/bin/MadGraph5_aMCatNLO/WmWpToLpNujj_01j_aTGC_pTW-150toInf_mWV-800toInf_4f_NLO_FXFX/WmWpToLpNujj_01j_aTGC_pTW-150toInf_mWV-800toInf_4f_NLO_FXFX_gridpack/work/processtmp/Events/pilotrun/events.lhe.gz_0.lhe have now the additional weight 
launch --rwgt_name=cwww0p0_cw2p25_cbm10
Do you want to edit a card (press enter to bypass editing)?
/------------------------------------------------------------\
|  [31m1[0m. param : [32mparam_card.dat[0m                                 |
|  [31m9[0m. plot  : [32mplot_card.dat[0m                                  |
\------------------------------------------------------------/
 you can also
   - enter the path to a valid card or banner.
   - use the 'set' command to modify a parameter directly.
     The set option works only for param_card and run_card.
     Type 'help set' for more information on this command.
   - call an external program (ASperGE/MadWidth/...).
     Type 'help' for the list of available command
 [[4m0[0m, done, 1, param, 9, plot, enter path]
>INFO: starts to compute weight for events with the following modification to the param_card: 
INFO: set param_card dim6 1 0.0 # orig: 3.6
KEEP:set param_card dim6 2 2.25 # orig: 4.5
KEEP:set param_card dim6 3 -10.0 # orig: 20.0
KEEP: 
INFO: Event nb 0 current time: 01h08 
INFO: Event nb 10  0.021s  
INFO: Event nb 20  0.037s  
INFO: Event nb 30  0.067s  
INFO: Event nb 40  0.091s  
INFO: Event nb 50  0.11s  
INFO: Event nb 60  0.13s  
INFO: Event nb 70  0.15s  
INFO: Event nb 80  0.17s  
INFO: Event nb 90  0.19s  
INFO: All event done  (nb_event: 100)  0.21s  
INFO: Event /pool/condor/dir_11911/genproductions/bin/MadGraph5_aMCatNLO/WmWpToLpNujj_01j_aTGC_pTW-150toInf_mWV-800toInf_4f_NLO_FXFX/WmWpToLpNujj_01j_aTGC_pTW-150toInf_mWV-800toInf_4f_NLO_FXFX_gridpack/work/processtmp/Events/pilotrun/events.lhe.gz_0.lhe have now the additional weight 
launch --rwgt_name=cwww0p0_cw2p25_cb0
Do you want to edit a card (press enter to bypass editing)?
/------------------------------------------------------------\
|  [31m1[0m. param : [32mparam_card.dat[0m                                 |
|  [31m9[0m. plot  : [32mplot_card.dat[0m                                  |
\------------------------------------------------------------/
 you can also
   - enter the path to a valid card or banner.
   - use the 'set' command to modify a parameter directly.
     The set option works only for param_card and run_card.
     Type 'help set' for more information on this command.
   - call an external program (ASperGE/MadWidth/...).
     Type 'help' for the list of available command
 [[4m0[0m, done, 1, param, 9, plot, enter path]
>INFO: starts to compute weight for events with the following modification to the param_card: 
INFO: set param_card dim6 1 0.0 # orig: 3.6
KEEP:set param_card dim6 2 2.25 # orig: 4.5
KEEP:set param_card dim6 3 0.0 # orig: 20.0
KEEP: 
INFO: Event nb 0 current time: 01h08 
INFO: Event nb 10  0.021s  
INFO: Event nb 20  0.038s  
INFO: Event nb 30  0.068s  
INFO: Event nb 40  0.093s  
INFO: Event nb 50  0.11s  
INFO: Event nb 60  0.13s  
INFO: Event nb 70  0.15s  
INFO: Event nb 80  0.17s  
INFO: Event nb 90  0.19s  
INFO: All event done  (nb_event: 100)  0.21s  
INFO: Event /pool/condor/dir_11911/genproductions/bin/MadGraph5_aMCatNLO/WmWpToLpNujj_01j_aTGC_pTW-150toInf_mWV-800toInf_4f_NLO_FXFX/WmWpToLpNujj_01j_aTGC_pTW-150toInf_mWV-800toInf_4f_NLO_FXFX_gridpack/work/processtmp/Events/pilotrun/events.lhe.gz_0.lhe have now the additional weight 
launch --rwgt_name=cwww0p0_cw2p25_cb10
Do you want to edit a card (press enter to bypass editing)?
/------------------------------------------------------------\
|  [31m1[0m. param : [32mparam_card.dat[0m                                 |
|  [31m9[0m. plot  : [32mplot_card.dat[0m                                  |
\------------------------------------------------------------/
 you can also
   - enter the path to a valid card or banner.
   - use the 'set' command to modify a parameter directly.
     The set option works only for param_card and run_card.
     Type 'help set' for more information on this command.
   - call an external program (ASperGE/MadWidth/...).
     Type 'help' for the list of available command
 [[4m0[0m, done, 1, param, 9, plot, enter path]
>INFO: starts to compute weight for events with the following modification to the param_card: 
INFO: set param_card dim6 1 0.0 # orig: 3.6
KEEP:set param_card dim6 2 2.25 # orig: 4.5
KEEP:set param_card dim6 3 10.0 # orig: 20.0
KEEP: 
INFO: Event nb 0 current time: 01h08 
INFO: Event nb 10  0.021s  
INFO: Event nb 20  0.038s  
INFO: Event nb 30  0.067s  
INFO: Event nb 40  0.091s  
INFO: Event nb 50  0.11s  
INFO: Event nb 60  0.13s  
INFO: Event nb 70  0.15s  
INFO: Event nb 80  0.17s  
INFO: Event nb 90  0.19s  
INFO: All event done  (nb_event: 100)  0.2s  
INFO: Event /pool/condor/dir_11911/genproductions/bin/MadGraph5_aMCatNLO/WmWpToLpNujj_01j_aTGC_pTW-150toInf_mWV-800toInf_4f_NLO_FXFX/WmWpToLpNujj_01j_aTGC_pTW-150toInf_mWV-800toInf_4f_NLO_FXFX_gridpack/work/processtmp/Events/pilotrun/events.lhe.gz_0.lhe have now the additional weight 
launch --rwgt_name=cwww0p0_cw2p25_cb20
Do you want to edit a card (press enter to bypass editing)?
/------------------------------------------------------------\
|  [31m1[0m. param : [32mparam_card.dat[0m                                 |
|  [31m9[0m. plot  : [32mplot_card.dat[0m                                  |
\------------------------------------------------------------/
 you can also
   - enter the path to a valid card or banner.
   - use the 'set' command to modify a parameter directly.
     The set option works only for param_card and run_card.
     Type 'help set' for more information on this command.
   - call an external program (ASperGE/MadWidth/...).
     Type 'help' for the list of available command
 [[4m0[0m, done, 1, param, 9, plot, enter path]
>INFO: starts to compute weight for events with the following modification to the param_card: 
INFO: set param_card dim6 1 0.0 # orig: 3.6
KEEP:set param_card dim6 2 2.25 # orig: 4.5
KEEP: 
INFO: Event nb 0 current time: 01h08 
INFO: Event nb 10  0.021s  
INFO: Event nb 20  0.038s  
INFO: Event nb 30  0.067s  
INFO: Event nb 40  0.091s  
INFO: Event nb 50  0.11s  
INFO: Event nb 60  0.13s  
INFO: Event nb 70  0.15s  
INFO: Event nb 80  0.17s  
INFO: Event nb 90  0.19s  
INFO: All event done  (nb_event: 100)  0.2s  
INFO: Event /pool/condor/dir_11911/genproductions/bin/MadGraph5_aMCatNLO/WmWpToLpNujj_01j_aTGC_pTW-150toInf_mWV-800toInf_4f_NLO_FXFX/WmWpToLpNujj_01j_aTGC_pTW-150toInf_mWV-800toInf_4f_NLO_FXFX_gridpack/work/processtmp/Events/pilotrun/events.lhe.gz_0.lhe have now the additional weight 
launch --rwgt_name=cwww0p0_cw4p50_cbm20
Do you want to edit a card (press enter to bypass editing)?
/------------------------------------------------------------\
|  [31m1[0m. param : [32mparam_card.dat[0m                                 |
|  [31m9[0m. plot  : [32mplot_card.dat[0m                                  |
\------------------------------------------------------------/
 you can also
   - enter the path to a valid card or banner.
   - use the 'set' command to modify a parameter directly.
     The set option works only for param_card and run_card.
     Type 'help set' for more information on this command.
   - call an external program (ASperGE/MadWidth/...).
     Type 'help' for the list of available command
 [[4m0[0m, done, 1, param, 9, plot, enter path]
>INFO: starts to compute weight for events with the following modification to the param_card: 
INFO: set param_card dim6 1 0.0 # orig: 3.6
KEEP:set param_card dim6 3 -20.0 # orig: 20.0
KEEP: 
INFO: Event nb 0 current time: 01h08 
INFO: Event nb 10  0.021s  
INFO: Event nb 20  0.038s  
INFO: Event nb 30  0.068s  
INFO: Event nb 40  0.092s  
INFO: Event nb 50  0.11s  
INFO: Event nb 60  0.13s  
INFO: Event nb 70  0.15s  
INFO: Event nb 80  0.17s  
INFO: Event nb 90  0.19s  
INFO: All event done  (nb_event: 100)  0.21s  
INFO: Event /pool/condor/dir_11911/genproductions/bin/MadGraph5_aMCatNLO/WmWpToLpNujj_01j_aTGC_pTW-150toInf_mWV-800toInf_4f_NLO_FXFX/WmWpToLpNujj_01j_aTGC_pTW-150toInf_mWV-800toInf_4f_NLO_FXFX_gridpack/work/processtmp/Events/pilotrun/events.lhe.gz_0.lhe have now the additional weight 
launch --rwgt_name=cwww0p0_cw4p50_cbm10
Do you want to edit a card (press enter to bypass editing)?
/------------------------------------------------------------\
|  [31m1[0m. param : [32mparam_card.dat[0m                                 |
|  [31m9[0m. plot  : [32mplot_card.dat[0m                                  |
\------------------------------------------------------------/
 you can also
   - enter the path to a valid card or banner.
   - use the 'set' command to modify a parameter directly.
     The set option works only for param_card and run_card.
     Type 'help set' for more information on this command.
   - call an external program (ASperGE/MadWidth/...).
     Type 'help' for the list of available command
 [[4m0[0m, done, 1, param, 9, plot, enter path]
>INFO: starts to compute weight for events with the following modification to the param_card: 
INFO: set param_card dim6 1 0.0 # orig: 3.6
KEEP:set param_card dim6 3 -10.0 # orig: 20.0
KEEP: 
INFO: Event nb 0 current time: 01h08 
INFO: Event nb 10  0.021s  
INFO: Event nb 20  0.038s  
INFO: Event nb 30  0.068s  
INFO: Event nb 40  0.092s  
INFO: Event nb 50  0.11s  
INFO: Event nb 60  0.13s  
INFO: Event nb 70  0.15s  
INFO: Event nb 80  0.17s  
INFO: Event nb 90  0.19s  
INFO: All event done  (nb_event: 100)  0.21s  
INFO: Event /pool/condor/dir_11911/genproductions/bin/MadGraph5_aMCatNLO/WmWpToLpNujj_01j_aTGC_pTW-150toInf_mWV-800toInf_4f_NLO_FXFX/WmWpToLpNujj_01j_aTGC_pTW-150toInf_mWV-800toInf_4f_NLO_FXFX_gridpack/work/processtmp/Events/pilotrun/events.lhe.gz_0.lhe have now the additional weight 
launch --rwgt_name=cwww0p0_cw4p50_cb0
Do you want to edit a card (press enter to bypass editing)?
/------------------------------------------------------------\
|  [31m1[0m. param : [32mparam_card.dat[0m                                 |
|  [31m9[0m. plot  : [32mplot_card.dat[0m                                  |
\------------------------------------------------------------/
 you can also
   - enter the path to a valid card or banner.
   - use the 'set' command to modify a parameter directly.
     The set option works only for param_card and run_card.
     Type 'help set' for more information on this command.
   - call an external program (ASperGE/MadWidth/...).
     Type 'help' for the list of available command
 [[4m0[0m, done, 1, param, 9, plot, enter path]
>INFO: starts to compute weight for events with the following modification to the param_card: 
INFO: set param_card dim6 1 0.0 # orig: 3.6
KEEP:set param_card dim6 3 0.0 # orig: 20.0
KEEP: 
INFO: Event nb 0 current time: 01h08 
INFO: Event nb 10  0.021s  
INFO: Event nb 20  0.038s  
INFO: Event nb 30  0.068s  
INFO: Event nb 40  0.091s  
INFO: Event nb 50  0.11s  
INFO: Event nb 60  0.13s  
INFO: Event nb 70  0.15s  
INFO: Event nb 80  0.17s  
INFO: Event nb 90  0.19s  
INFO: All event done  (nb_event: 100)  0.21s  
INFO: Event /pool/condor/dir_11911/genproductions/bin/MadGraph5_aMCatNLO/WmWpToLpNujj_01j_aTGC_pTW-150toInf_mWV-800toInf_4f_NLO_FXFX/WmWpToLpNujj_01j_aTGC_pTW-150toInf_mWV-800toInf_4f_NLO_FXFX_gridpack/work/processtmp/Events/pilotrun/events.lhe.gz_0.lhe have now the additional weight 
launch --rwgt_name=cwww0p0_cw4p50_cb10
Do you want to edit a card (press enter to bypass editing)?
/------------------------------------------------------------\
|  [31m1[0m. param : [32mparam_card.dat[0m                                 |
|  [31m9[0m. plot  : [32mplot_card.dat[0m                                  |
\------------------------------------------------------------/
 you can also
   - enter the path to a valid card or banner.
   - use the 'set' command to modify a parameter directly.
     The set option works only for param_card and run_card.
     Type 'help set' for more information on this command.
   - call an external program (ASperGE/MadWidth/...).
     Type 'help' for the list of available command
 [[4m0[0m, done, 1, param, 9, plot, enter path]
>INFO: starts to compute weight for events with the following modification to the param_card: 
INFO: set param_card dim6 1 0.0 # orig: 3.6
KEEP:set param_card dim6 3 10.0 # orig: 20.0
KEEP: 
INFO: Event nb 0 current time: 01h08 
INFO: Event nb 10  0.021s  
INFO: Event nb 20  0.038s  
INFO: Event nb 30  0.068s  
INFO: Event nb 40  0.092s  
INFO: Event nb 50  0.11s  
INFO: Event nb 60  0.13s  
INFO: Event nb 70  0.15s  
INFO: Event nb 80  0.17s  
INFO: Event nb 90  0.19s  
INFO: All event done  (nb_event: 100)  0.21s  
INFO: Event /pool/condor/dir_11911/genproductions/bin/MadGraph5_aMCatNLO/WmWpToLpNujj_01j_aTGC_pTW-150toInf_mWV-800toInf_4f_NLO_FXFX/WmWpToLpNujj_01j_aTGC_pTW-150toInf_mWV-800toInf_4f_NLO_FXFX_gridpack/work/processtmp/Events/pilotrun/events.lhe.gz_0.lhe have now the additional weight 
launch --rwgt_name=cwww0p0_cw4p50_cb20
Do you want to edit a card (press enter to bypass editing)?
/------------------------------------------------------------\
|  [31m1[0m. param : [32mparam_card.dat[0m                                 |
|  [31m9[0m. plot  : [32mplot_card.dat[0m                                  |
\------------------------------------------------------------/
 you can also
   - enter the path to a valid card or banner.
   - use the 'set' command to modify a parameter directly.
     The set option works only for param_card and run_card.
     Type 'help set' for more information on this command.
   - call an external program (ASperGE/MadWidth/...).
     Type 'help' for the list of available command
 [[4m0[0m, done, 1, param, 9, plot, enter path]
>INFO: starts to compute weight for events with the following modification to the param_card: 
INFO: set param_card dim6 1 0.0 # orig: 3.6
KEEP: 
INFO: Event nb 0 current time: 01h08 
INFO: Event nb 10  0.021s  
INFO: Event nb 20  0.038s  
INFO: Event nb 30  0.068s  
INFO: Event nb 40  0.092s  
INFO: Event nb 50  0.11s  
INFO: Event nb 60  0.13s  
INFO: Event nb 70  0.15s  
INFO: Event nb 80  0.17s  
INFO: Event nb 90  0.19s  
INFO: All event done  (nb_event: 100)  0.21s  
INFO: Event /pool/condor/dir_11911/genproductions/bin/MadGraph5_aMCatNLO/WmWpToLpNujj_01j_aTGC_pTW-150toInf_mWV-800toInf_4f_NLO_FXFX/WmWpToLpNujj_01j_aTGC_pTW-150toInf_mWV-800toInf_4f_NLO_FXFX_gridpack/work/processtmp/Events/pilotrun/events.lhe.gz_0.lhe have now the additional weight 
launch --rwgt_name=cwww1p8_cwm4p50_cbm20
Do you want to edit a card (press enter to bypass editing)?
/------------------------------------------------------------\
|  [31m1[0m. param : [32mparam_card.dat[0m                                 |
|  [31m9[0m. plot  : [32mplot_card.dat[0m                                  |
\------------------------------------------------------------/
 you can also
   - enter the path to a valid card or banner.
   - use the 'set' command to modify a parameter directly.
     The set option works only for param_card and run_card.
     Type 'help set' for more information on this command.
   - call an external program (ASperGE/MadWidth/...).
     Type 'help' for the list of available command
 [[4m0[0m, done, 1, param, 9, plot, enter path]
>INFO: starts to compute weight for events with the following modification to the param_card: 
INFO: set param_card dim6 1 1.8 # orig: 3.6
KEEP:set param_card dim6 2 -4.5 # orig: 4.5
KEEP:set param_card dim6 3 -20.0 # orig: 20.0
KEEP: 
INFO: Event nb 0 current time: 01h08 
INFO: Event nb 10  0.021s  
INFO: Event nb 20  0.038s  
INFO: Event nb 30  0.068s  
INFO: Event nb 40  0.092s  
INFO: Event nb 50  0.11s  
INFO: Event nb 60  0.13s  
INFO: Event nb 70  0.15s  
INFO: Event nb 80  0.17s  
INFO: Event nb 90  0.19s  
INFO: All event done  (nb_event: 100)  0.21s  
INFO: Event /pool/condor/dir_11911/genproductions/bin/MadGraph5_aMCatNLO/WmWpToLpNujj_01j_aTGC_pTW-150toInf_mWV-800toInf_4f_NLO_FXFX/WmWpToLpNujj_01j_aTGC_pTW-150toInf_mWV-800toInf_4f_NLO_FXFX_gridpack/work/processtmp/Events/pilotrun/events.lhe.gz_0.lhe have now the additional weight 
launch --rwgt_name=cwww1p8_cwm4p50_cbm10
Do you want to edit a card (press enter to bypass editing)?
/------------------------------------------------------------\
|  [31m1[0m. param : [32mparam_card.dat[0m                                 |
|  [31m9[0m. plot  : [32mplot_card.dat[0m                                  |
\------------------------------------------------------------/
 you can also
   - enter the path to a valid card or banner.
   - use the 'set' command to modify a parameter directly.
     The set option works only for param_card and run_card.
     Type 'help set' for more information on this command.
   - call an external program (ASperGE/MadWidth/...).
     Type 'help' for the list of available command
 [[4m0[0m, done, 1, param, 9, plot, enter path]
>INFO: starts to compute weight for events with the following modification to the param_card: 
INFO: set param_card dim6 1 1.8 # orig: 3.6
KEEP:set param_card dim6 2 -4.5 # orig: 4.5
KEEP:set param_card dim6 3 -10.0 # orig: 20.0
KEEP: 
INFO: Event nb 0 current time: 01h08 
INFO: Event nb 10  0.021s  
INFO: Event nb 20  0.039s  
INFO: Event nb 30  0.069s  
INFO: Event nb 40  0.093s  
INFO: Event nb 50  0.11s  
INFO: Event nb 60  0.13s  
INFO: Event nb 70  0.15s  
INFO: Event nb 80  0.17s  
INFO: Event nb 90  0.19s  
INFO: All event done  (nb_event: 100)  0.21s  
INFO: Event /pool/condor/dir_11911/genproductions/bin/MadGraph5_aMCatNLO/WmWpToLpNujj_01j_aTGC_pTW-150toInf_mWV-800toInf_4f_NLO_FXFX/WmWpToLpNujj_01j_aTGC_pTW-150toInf_mWV-800toInf_4f_NLO_FXFX_gridpack/work/processtmp/Events/pilotrun/events.lhe.gz_0.lhe have now the additional weight 
launch --rwgt_name=cwww1p8_cwm4p50_cb0
Do you want to edit a card (press enter to bypass editing)?
/------------------------------------------------------------\
|  [31m1[0m. param : [32mparam_card.dat[0m                                 |
|  [31m9[0m. plot  : [32mplot_card.dat[0m                                  |
\------------------------------------------------------------/
 you can also
   - enter the path to a valid card or banner.
   - use the 'set' command to modify a parameter directly.
     The set option works only for param_card and run_card.
     Type 'help set' for more information on this command.
   - call an external program (ASperGE/MadWidth/...).
     Type 'help' for the list of available command
 [[4m0[0m, done, 1, param, 9, plot, enter path]
>INFO: starts to compute weight for events with the following modification to the param_card: 
INFO: set param_card dim6 1 1.8 # orig: 3.6
KEEP:set param_card dim6 2 -4.5 # orig: 4.5
KEEP:set param_card dim6 3 0.0 # orig: 20.0
KEEP: 
INFO: Event nb 0 current time: 01h08 
INFO: Event nb 10  0.021s  
INFO: Event nb 20  0.039s  
INFO: Event nb 30  0.069s  
INFO: Event nb 40  0.093s  
INFO: Event nb 50  0.11s  
INFO: Event nb 60  0.13s  
INFO: Event nb 70  0.15s  
INFO: Event nb 80  0.17s  
INFO: Event nb 90  0.19s  
INFO: All event done  (nb_event: 100)  0.21s  
INFO: Event /pool/condor/dir_11911/genproductions/bin/MadGraph5_aMCatNLO/WmWpToLpNujj_01j_aTGC_pTW-150toInf_mWV-800toInf_4f_NLO_FXFX/WmWpToLpNujj_01j_aTGC_pTW-150toInf_mWV-800toInf_4f_NLO_FXFX_gridpack/work/processtmp/Events/pilotrun/events.lhe.gz_0.lhe have now the additional weight 
launch --rwgt_name=cwww1p8_cwm4p50_cb10
Do you want to edit a card (press enter to bypass editing)?
/------------------------------------------------------------\
|  [31m1[0m. param : [32mparam_card.dat[0m                                 |
|  [31m9[0m. plot  : [32mplot_card.dat[0m                                  |
\------------------------------------------------------------/
 you can also
   - enter the path to a valid card or banner.
   - use the 'set' command to modify a parameter directly.
     The set option works only for param_card and run_card.
     Type 'help set' for more information on this command.
   - call an external program (ASperGE/MadWidth/...).
     Type 'help' for the list of available command
 [[4m0[0m, done, 1, param, 9, plot, enter path]
>INFO: starts to compute weight for events with the following modification to the param_card: 
INFO: set param_card dim6 1 1.8 # orig: 3.6
KEEP:set param_card dim6 2 -4.5 # orig: 4.5
KEEP:set param_card dim6 3 10.0 # orig: 20.0
KEEP: 
INFO: Event nb 0 current time: 01h08 
INFO: Event nb 10  0.022s  
INFO: Event nb 20  0.039s  
INFO: Event nb 30  0.07s  
INFO: Event nb 40  0.094s  
INFO: Event nb 50  0.11s  
INFO: Event nb 60  0.13s  
INFO: Event nb 70  0.16s  
INFO: Event nb 80  0.17s  
INFO: Event nb 90  0.19s  
INFO: All event done  (nb_event: 100)  0.21s  
INFO: Event /pool/condor/dir_11911/genproductions/bin/MadGraph5_aMCatNLO/WmWpToLpNujj_01j_aTGC_pTW-150toInf_mWV-800toInf_4f_NLO_FXFX/WmWpToLpNujj_01j_aTGC_pTW-150toInf_mWV-800toInf_4f_NLO_FXFX_gridpack/work/processtmp/Events/pilotrun/events.lhe.gz_0.lhe have now the additional weight 
launch --rwgt_name=cwww1p8_cwm4p50_cb20
Do you want to edit a card (press enter to bypass editing)?
/------------------------------------------------------------\
|  [31m1[0m. param : [32mparam_card.dat[0m                                 |
|  [31m9[0m. plot  : [32mplot_card.dat[0m                                  |
\------------------------------------------------------------/
 you can also
   - enter the path to a valid card or banner.
   - use the 'set' command to modify a parameter directly.
     The set option works only for param_card and run_card.
     Type 'help set' for more information on this command.
   - call an external program (ASperGE/MadWidth/...).
     Type 'help' for the list of available command
 [[4m0[0m, done, 1, param, 9, plot, enter path]
>INFO: starts to compute weight for events with the following modification to the param_card: 
INFO: set param_card dim6 1 1.8 # orig: 3.6
KEEP:set param_card dim6 2 -4.5 # orig: 4.5
KEEP: 
INFO: Event nb 0 current time: 01h08 
INFO: Event nb 10  0.021s  
INFO: Event nb 20  0.039s  
INFO: Event nb 30  0.069s  
INFO: Event nb 40  0.093s  
INFO: Event nb 50  0.11s  
INFO: Event nb 60  0.13s  
INFO: Event nb 70  0.16s  
INFO: Event nb 80  0.17s  
INFO: Event nb 90  0.19s  
INFO: All event done  (nb_event: 100)  0.21s  
INFO: Event /pool/condor/dir_11911/genproductions/bin/MadGraph5_aMCatNLO/WmWpToLpNujj_01j_aTGC_pTW-150toInf_mWV-800toInf_4f_NLO_FXFX/WmWpToLpNujj_01j_aTGC_pTW-150toInf_mWV-800toInf_4f_NLO_FXFX_gridpack/work/processtmp/Events/pilotrun/events.lhe.gz_0.lhe have now the additional weight 
launch --rwgt_name=cwww1p8_cwm2p25_cbm20
Do you want to edit a card (press enter to bypass editing)?
/------------------------------------------------------------\
|  [31m1[0m. param : [32mparam_card.dat[0m                                 |
|  [31m9[0m. plot  : [32mplot_card.dat[0m                                  |
\------------------------------------------------------------/
 you can also
   - enter the path to a valid card or banner.
   - use the 'set' command to modify a parameter directly.
     The set option works only for param_card and run_card.
     Type 'help set' for more information on this command.
   - call an external program (ASperGE/MadWidth/...).
     Type 'help' for the list of available command
 [[4m0[0m, done, 1, param, 9, plot, enter path]
>INFO: starts to compute weight for events with the following modification to the param_card: 
INFO: set param_card dim6 1 1.8 # orig: 3.6
KEEP:set param_card dim6 2 -2.25 # orig: 4.5
KEEP:set param_card dim6 3 -20.0 # orig: 20.0
KEEP: 
INFO: Event nb 0 current time: 01h08 
INFO: Event nb 10  0.021s  
INFO: Event nb 20  0.039s  
INFO: Event nb 30  0.072s  
INFO: Event nb 40  0.1s  
INFO: Event nb 50  0.12s  
INFO: Event nb 60  0.14s  
INFO: Event nb 70  0.17s  
INFO: Event nb 80  0.19s  
INFO: Event nb 90  0.21s  
INFO: All event done  (nb_event: 100)  0.23s  
INFO: Event /pool/condor/dir_11911/genproductions/bin/MadGraph5_aMCatNLO/WmWpToLpNujj_01j_aTGC_pTW-150toInf_mWV-800toInf_4f_NLO_FXFX/WmWpToLpNujj_01j_aTGC_pTW-150toInf_mWV-800toInf_4f_NLO_FXFX_gridpack/work/processtmp/Events/pilotrun/events.lhe.gz_0.lhe have now the additional weight 
launch --rwgt_name=cwww1p8_cwm2p25_cbm10
Do you want to edit a card (press enter to bypass editing)?
/------------------------------------------------------------\
|  [31m1[0m. param : [32mparam_card.dat[0m                                 |
|  [31m9[0m. plot  : [32mplot_card.dat[0m                                  |
\------------------------------------------------------------/
 you can also
   - enter the path to a valid card or banner.
   - use the 'set' command to modify a parameter directly.
     The set option works only for param_card and run_card.
     Type 'help set' for more information on this command.
   - call an external program (ASperGE/MadWidth/...).
     Type 'help' for the list of available command
 [[4m0[0m, done, 1, param, 9, plot, enter path]
>INFO: starts to compute weight for events with the following modification to the param_card: 
INFO: set param_card dim6 1 1.8 # orig: 3.6
KEEP:set param_card dim6 2 -2.25 # orig: 4.5
KEEP:set param_card dim6 3 -10.0 # orig: 20.0
KEEP: 
INFO: Event nb 0 current time: 01h08 
INFO: Event nb 10  0.022s  
INFO: Event nb 20  0.04s  
INFO: Event nb 30  0.073s  
INFO: Event nb 40  0.097s  
INFO: Event nb 50  0.11s  
INFO: Event nb 60  0.14s  
INFO: Event nb 70  0.16s  
INFO: Event nb 80  0.18s  
INFO: Event nb 90  0.2s  
INFO: All event done  (nb_event: 100)  0.22s  
INFO: Event /pool/condor/dir_11911/genproductions/bin/MadGraph5_aMCatNLO/WmWpToLpNujj_01j_aTGC_pTW-150toInf_mWV-800toInf_4f_NLO_FXFX/WmWpToLpNujj_01j_aTGC_pTW-150toInf_mWV-800toInf_4f_NLO_FXFX_gridpack/work/processtmp/Events/pilotrun/events.lhe.gz_0.lhe have now the additional weight 
launch --rwgt_name=cwww1p8_cwm2p25_cb0
Do you want to edit a card (press enter to bypass editing)?
/------------------------------------------------------------\
|  [31m1[0m. param : [32mparam_card.dat[0m                                 |
|  [31m9[0m. plot  : [32mplot_card.dat[0m                                  |
\------------------------------------------------------------/
 you can also
   - enter the path to a valid card or banner.
   - use the 'set' command to modify a parameter directly.
     The set option works only for param_card and run_card.
     Type 'help set' for more information on this command.
   - call an external program (ASperGE/MadWidth/...).
     Type 'help' for the list of available command
 [[4m0[0m, done, 1, param, 9, plot, enter path]
>INFO: starts to compute weight for events with the following modification to the param_card: 
INFO: set param_card dim6 1 1.8 # orig: 3.6
KEEP:set param_card dim6 2 -2.25 # orig: 4.5
KEEP:set param_card dim6 3 0.0 # orig: 20.0
KEEP: 
INFO: Event nb 0 current time: 01h08 
INFO: Event nb 10  0.022s  
INFO: Event nb 20  0.04s  
INFO: Event nb 30  0.07s  
INFO: Event nb 40  0.095s  
INFO: Event nb 50  0.11s  
INFO: Event nb 60  0.13s  
INFO: Event nb 70  0.16s  
INFO: Event nb 80  0.17s  
INFO: Event nb 90  0.19s  
INFO: All event done  (nb_event: 100)  0.21s  
INFO: Event /pool/condor/dir_11911/genproductions/bin/MadGraph5_aMCatNLO/WmWpToLpNujj_01j_aTGC_pTW-150toInf_mWV-800toInf_4f_NLO_FXFX/WmWpToLpNujj_01j_aTGC_pTW-150toInf_mWV-800toInf_4f_NLO_FXFX_gridpack/work/processtmp/Events/pilotrun/events.lhe.gz_0.lhe have now the additional weight 
launch --rwgt_name=cwww1p8_cwm2p25_cb10
Do you want to edit a card (press enter to bypass editing)?
/------------------------------------------------------------\
|  [31m1[0m. param : [32mparam_card.dat[0m                                 |
|  [31m9[0m. plot  : [32mplot_card.dat[0m                                  |
\------------------------------------------------------------/
 you can also
   - enter the path to a valid card or banner.
   - use the 'set' command to modify a parameter directly.
     The set option works only for param_card and run_card.
     Type 'help set' for more information on this command.
   - call an external program (ASperGE/MadWidth/...).
     Type 'help' for the list of available command
 [[4m0[0m, done, 1, param, 9, plot, enter path]
>INFO: starts to compute weight for events with the following modification to the param_card: 
INFO: set param_card dim6 1 1.8 # orig: 3.6
KEEP:set param_card dim6 2 -2.25 # orig: 4.5
KEEP:set param_card dim6 3 10.0 # orig: 20.0
KEEP: 
INFO: Event nb 0 current time: 01h08 
INFO: Event nb 10  0.022s  
INFO: Event nb 20  0.04s  
INFO: Event nb 30  0.07s  
INFO: Event nb 40  0.095s  
INFO: Event nb 50  0.11s  
INFO: Event nb 60  0.13s  
INFO: Event nb 70  0.16s  
INFO: Event nb 80  0.17s  
INFO: Event nb 90  0.2s  
INFO: All event done  (nb_event: 100)  0.21s  
INFO: Event /pool/condor/dir_11911/genproductions/bin/MadGraph5_aMCatNLO/WmWpToLpNujj_01j_aTGC_pTW-150toInf_mWV-800toInf_4f_NLO_FXFX/WmWpToLpNujj_01j_aTGC_pTW-150toInf_mWV-800toInf_4f_NLO_FXFX_gridpack/work/processtmp/Events/pilotrun/events.lhe.gz_0.lhe have now the additional weight 
launch --rwgt_name=cwww1p8_cwm2p25_cb20
Do you want to edit a card (press enter to bypass editing)?
/------------------------------------------------------------\
|  [31m1[0m. param : [32mparam_card.dat[0m                                 |
|  [31m9[0m. plot  : [32mplot_card.dat[0m                                  |
\------------------------------------------------------------/
 you can also
   - enter the path to a valid card or banner.
   - use the 'set' command to modify a parameter directly.
     The set option works only for param_card and run_card.
     Type 'help set' for more information on this command.
   - call an external program (ASperGE/MadWidth/...).
     Type 'help' for the list of available command
 [[4m0[0m, done, 1, param, 9, plot, enter path]
>INFO: starts to compute weight for events with the following modification to the param_card: 
INFO: set param_card dim6 1 1.8 # orig: 3.6
KEEP:set param_card dim6 2 -2.25 # orig: 4.5
KEEP: 
INFO: Event nb 0 current time: 01h08 
INFO: Event nb 10  0.022s  
INFO: Event nb 20  0.039s  
INFO: Event nb 30  0.07s  
INFO: Event nb 40  0.095s  
INFO: Event nb 50  0.11s  
INFO: Event nb 60  0.13s  
INFO: Event nb 70  0.16s  
INFO: Event nb 80  0.17s  
INFO: Event nb 90  0.19s  
INFO: All event done  (nb_event: 100)  0.21s  
INFO: Event /pool/condor/dir_11911/genproductions/bin/MadGraph5_aMCatNLO/WmWpToLpNujj_01j_aTGC_pTW-150toInf_mWV-800toInf_4f_NLO_FXFX/WmWpToLpNujj_01j_aTGC_pTW-150toInf_mWV-800toInf_4f_NLO_FXFX_gridpack/work/processtmp/Events/pilotrun/events.lhe.gz_0.lhe have now the additional weight 
launch --rwgt_name=cwww1p8_cw0p00_cbm20
Do you want to edit a card (press enter to bypass editing)?
/------------------------------------------------------------\
|  [31m1[0m. param : [32mparam_card.dat[0m                                 |
|  [31m9[0m. plot  : [32mplot_card.dat[0m                                  |
\------------------------------------------------------------/
 you can also
   - enter the path to a valid card or banner.
   - use the 'set' command to modify a parameter directly.
     The set option works only for param_card and run_card.
     Type 'help set' for more information on this command.
   - call an external program (ASperGE/MadWidth/...).
     Type 'help' for the list of available command
 [[4m0[0m, done, 1, param, 9, plot, enter path]
>INFO: starts to compute weight for events with the following modification to the param_card: 
INFO: set param_card dim6 1 1.8 # orig: 3.6
KEEP:set param_card dim6 2 0.0 # orig: 4.5
KEEP:set param_card dim6 3 -20.0 # orig: 20.0
KEEP: 
INFO: Event nb 0 current time: 01h08 
INFO: Event nb 10  0.031s  
INFO: Event nb 20  0.054s  
INFO: Event nb 30  0.09s  
INFO: Event nb 40  0.11s  
INFO: Event nb 50  0.13s  
INFO: Event nb 60  0.15s  
INFO: Event nb 70  0.18s  
INFO: Event nb 80  0.2s  
INFO: Event nb 90  0.22s  
INFO: All event done  (nb_event: 100)  0.24s  
INFO: Event /pool/condor/dir_11911/genproductions/bin/MadGraph5_aMCatNLO/WmWpToLpNujj_01j_aTGC_pTW-150toInf_mWV-800toInf_4f_NLO_FXFX/WmWpToLpNujj_01j_aTGC_pTW-150toInf_mWV-800toInf_4f_NLO_FXFX_gridpack/work/processtmp/Events/pilotrun/events.lhe.gz_0.lhe have now the additional weight 
launch --rwgt_name=cwww1p8_cw0p00_cbm10
Do you want to edit a card (press enter to bypass editing)?
/------------------------------------------------------------\
|  [31m1[0m. param : [32mparam_card.dat[0m                                 |
|  [31m9[0m. plot  : [32mplot_card.dat[0m                                  |
\------------------------------------------------------------/
 you can also
   - enter the path to a valid card or banner.
   - use the 'set' command to modify a parameter directly.
     The set option works only for param_card and run_card.
     Type 'help set' for more information on this command.
   - call an external program (ASperGE/MadWidth/...).
     Type 'help' for the list of available command
 [[4m0[0m, done, 1, param, 9, plot, enter path]
>INFO: starts to compute weight for events with the following modification to the param_card: 
INFO: set param_card dim6 1 1.8 # orig: 3.6
KEEP:set param_card dim6 2 0.0 # orig: 4.5
KEEP:set param_card dim6 3 -10.0 # orig: 20.0
KEEP: 
INFO: Event nb 0 current time: 01h08 
INFO: Event nb 10  0.022s  
INFO: Event nb 20  0.041s  
INFO: Event nb 30  0.072s  
INFO: Event nb 40  0.097s  
INFO: Event nb 50  0.11s  
INFO: Event nb 60  0.13s  
INFO: Event nb 70  0.16s  
INFO: Event nb 80  0.18s  
INFO: Event nb 90  0.2s  
INFO: All event done  (nb_event: 100)  0.22s  
INFO: Event /pool/condor/dir_11911/genproductions/bin/MadGraph5_aMCatNLO/WmWpToLpNujj_01j_aTGC_pTW-150toInf_mWV-800toInf_4f_NLO_FXFX/WmWpToLpNujj_01j_aTGC_pTW-150toInf_mWV-800toInf_4f_NLO_FXFX_gridpack/work/processtmp/Events/pilotrun/events.lhe.gz_0.lhe have now the additional weight 
launch --rwgt_name=cwww1p8_cw0p00_cb0
Do you want to edit a card (press enter to bypass editing)?
/------------------------------------------------------------\
|  [31m1[0m. param : [32mparam_card.dat[0m                                 |
|  [31m9[0m. plot  : [32mplot_card.dat[0m                                  |
\------------------------------------------------------------/
 you can also
   - enter the path to a valid card or banner.
   - use the 'set' command to modify a parameter directly.
     The set option works only for param_card and run_card.
     Type 'help set' for more information on this command.
   - call an external program (ASperGE/MadWidth/...).
     Type 'help' for the list of available command
 [[4m0[0m, done, 1, param, 9, plot, enter path]
>INFO: starts to compute weight for events with the following modification to the param_card: 
INFO: set param_card dim6 1 1.8 # orig: 3.6
KEEP:set param_card dim6 2 0.0 # orig: 4.5
KEEP:set param_card dim6 3 0.0 # orig: 20.0
KEEP: 
INFO: Event nb 0 current time: 01h08 
INFO: Event nb 10  0.022s  
INFO: Event nb 20  0.04s  
INFO: Event nb 30  0.071s  
INFO: Event nb 40  0.096s  
INFO: Event nb 50  0.11s  
INFO: Event nb 60  0.13s  
INFO: Event nb 70  0.16s  
INFO: Event nb 80  0.18s  
INFO: Event nb 90  0.2s  
INFO: All event done  (nb_event: 100)  0.22s  
INFO: Event /pool/condor/dir_11911/genproductions/bin/MadGraph5_aMCatNLO/WmWpToLpNujj_01j_aTGC_pTW-150toInf_mWV-800toInf_4f_NLO_FXFX/WmWpToLpNujj_01j_aTGC_pTW-150toInf_mWV-800toInf_4f_NLO_FXFX_gridpack/work/processtmp/Events/pilotrun/events.lhe.gz_0.lhe have now the additional weight 
launch --rwgt_name=cwww1p8_cw0p00_cb10
Do you want to edit a card (press enter to bypass editing)?
/------------------------------------------------------------\
|  [31m1[0m. param : [32mparam_card.dat[0m                                 |
|  [31m9[0m. plot  : [32mplot_card.dat[0m                                  |
\------------------------------------------------------------/
 you can also
   - enter the path to a valid card or banner.
   - use the 'set' command to modify a parameter directly.
     The set option works only for param_card and run_card.
     Type 'help set' for more information on this command.
   - call an external program (ASperGE/MadWidth/...).
     Type 'help' for the list of available command
 [[4m0[0m, done, 1, param, 9, plot, enter path]
>INFO: starts to compute weight for events with the following modification to the param_card: 
INFO: set param_card dim6 1 1.8 # orig: 3.6
KEEP:set param_card dim6 2 0.0 # orig: 4.5
KEEP:set param_card dim6 3 10.0 # orig: 20.0
KEEP: 
INFO: Event nb 0 current time: 01h08 
INFO: Event nb 10  0.022s  
INFO: Event nb 20  0.04s  
INFO: Event nb 30  0.071s  
INFO: Event nb 40  0.096s  
INFO: Event nb 50  0.11s  
INFO: Event nb 60  0.13s  
INFO: Event nb 70  0.16s  
INFO: Event nb 80  0.18s  
INFO: Event nb 90  0.2s  
INFO: All event done  (nb_event: 100)  0.22s  
INFO: Event /pool/condor/dir_11911/genproductions/bin/MadGraph5_aMCatNLO/WmWpToLpNujj_01j_aTGC_pTW-150toInf_mWV-800toInf_4f_NLO_FXFX/WmWpToLpNujj_01j_aTGC_pTW-150toInf_mWV-800toInf_4f_NLO_FXFX_gridpack/work/processtmp/Events/pilotrun/events.lhe.gz_0.lhe have now the additional weight 
launch --rwgt_name=cwww1p8_cw0p00_cb20
Do you want to edit a card (press enter to bypass editing)?
/------------------------------------------------------------\
|  [31m1[0m. param : [32mparam_card.dat[0m                                 |
|  [31m9[0m. plot  : [32mplot_card.dat[0m                                  |
\------------------------------------------------------------/
 you can also
   - enter the path to a valid card or banner.
   - use the 'set' command to modify a parameter directly.
     The set option works only for param_card and run_card.
     Type 'help set' for more information on this command.
   - call an external program (ASperGE/MadWidth/...).
     Type 'help' for the list of available command
 [[4m0[0m, done, 1, param, 9, plot, enter path]
>INFO: starts to compute weight for events with the following modification to the param_card: 
INFO: set param_card dim6 1 1.8 # orig: 3.6
KEEP:set param_card dim6 2 0.0 # orig: 4.5
KEEP: 
INFO: Event nb 0 current time: 01h08 
INFO: Event nb 10  0.022s  
INFO: Event nb 20  0.04s  
INFO: Event nb 30  0.071s  
INFO: Event nb 40  0.096s  
INFO: Event nb 50  0.11s  
INFO: Event nb 60  0.13s  
INFO: Event nb 70  0.16s  
INFO: Event nb 80  0.18s  
INFO: Event nb 90  0.2s  
INFO: All event done  (nb_event: 100)  0.22s  
INFO: Event /pool/condor/dir_11911/genproductions/bin/MadGraph5_aMCatNLO/WmWpToLpNujj_01j_aTGC_pTW-150toInf_mWV-800toInf_4f_NLO_FXFX/WmWpToLpNujj_01j_aTGC_pTW-150toInf_mWV-800toInf_4f_NLO_FXFX_gridpack/work/processtmp/Events/pilotrun/events.lhe.gz_0.lhe have now the additional weight 
launch --rwgt_name=cwww1p8_cw2p25_cbm20
Do you want to edit a card (press enter to bypass editing)?
/------------------------------------------------------------\
|  [31m1[0m. param : [32mparam_card.dat[0m                                 |
|  [31m9[0m. plot  : [32mplot_card.dat[0m                                  |
\------------------------------------------------------------/
 you can also
   - enter the path to a valid card or banner.
   - use the 'set' command to modify a parameter directly.
     The set option works only for param_card and run_card.
     Type 'help set' for more information on this command.
   - call an external program (ASperGE/MadWidth/...).
     Type 'help' for the list of available command
 [[4m0[0m, done, 1, param, 9, plot, enter path]
>INFO: starts to compute weight for events with the following modification to the param_card: 
INFO: set param_card dim6 1 1.8 # orig: 3.6
KEEP:set param_card dim6 2 2.25 # orig: 4.5
KEEP:set param_card dim6 3 -20.0 # orig: 20.0
KEEP: 
INFO: Event nb 0 current time: 01h08 
INFO: Event nb 10  0.022s  
INFO: Event nb 20  0.04s  
INFO: Event nb 30  0.071s  
INFO: Event nb 40  0.096s  
INFO: Event nb 50  0.11s  
INFO: Event nb 60  0.14s  
INFO: Event nb 70  0.16s  
INFO: Event nb 80  0.18s  
INFO: Event nb 90  0.2s  
INFO: All event done  (nb_event: 100)  0.22s  
INFO: Event /pool/condor/dir_11911/genproductions/bin/MadGraph5_aMCatNLO/WmWpToLpNujj_01j_aTGC_pTW-150toInf_mWV-800toInf_4f_NLO_FXFX/WmWpToLpNujj_01j_aTGC_pTW-150toInf_mWV-800toInf_4f_NLO_FXFX_gridpack/work/processtmp/Events/pilotrun/events.lhe.gz_0.lhe have now the additional weight 
launch --rwgt_name=cwww1p8_cw2p25_cbm10
Do you want to edit a card (press enter to bypass editing)?
/------------------------------------------------------------\
|  [31m1[0m. param : [32mparam_card.dat[0m                                 |
|  [31m9[0m. plot  : [32mplot_card.dat[0m                                  |
\------------------------------------------------------------/
 you can also
   - enter the path to a valid card or banner.
   - use the 'set' command to modify a parameter directly.
     The set option works only for param_card and run_card.
     Type 'help set' for more information on this command.
   - call an external program (ASperGE/MadWidth/...).
     Type 'help' for the list of available command
 [[4m0[0m, done, 1, param, 9, plot, enter path]
>INFO: starts to compute weight for events with the following modification to the param_card: 
INFO: set param_card dim6 1 1.8 # orig: 3.6
KEEP:set param_card dim6 2 2.25 # orig: 4.5
KEEP:set param_card dim6 3 -10.0 # orig: 20.0
KEEP: 
INFO: Event nb 0 current time: 01h08 
INFO: Event nb 10  0.022s  
INFO: Event nb 20  0.04s  
INFO: Event nb 30  0.071s  
INFO: Event nb 40  0.096s  
INFO: Event nb 50  0.11s  
INFO: Event nb 60  0.14s  
INFO: Event nb 70  0.16s  
INFO: Event nb 80  0.18s  
INFO: Event nb 90  0.2s  
INFO: All event done  (nb_event: 100)  0.22s  
INFO: Event /pool/condor/dir_11911/genproductions/bin/MadGraph5_aMCatNLO/WmWpToLpNujj_01j_aTGC_pTW-150toInf_mWV-800toInf_4f_NLO_FXFX/WmWpToLpNujj_01j_aTGC_pTW-150toInf_mWV-800toInf_4f_NLO_FXFX_gridpack/work/processtmp/Events/pilotrun/events.lhe.gz_0.lhe have now the additional weight 
launch --rwgt_name=cwww1p8_cw2p25_cb0
Do you want to edit a card (press enter to bypass editing)?
/------------------------------------------------------------\
|  [31m1[0m. param : [32mparam_card.dat[0m                                 |
|  [31m9[0m. plot  : [32mplot_card.dat[0m                                  |
\------------------------------------------------------------/
 you can also
   - enter the path to a valid card or banner.
   - use the 'set' command to modify a parameter directly.
     The set option works only for param_card and run_card.
     Type 'help set' for more information on this command.
   - call an external program (ASperGE/MadWidth/...).
     Type 'help' for the list of available command
 [[4m0[0m, done, 1, param, 9, plot, enter path]
>INFO: starts to compute weight for events with the following modification to the param_card: 
INFO: set param_card dim6 1 1.8 # orig: 3.6
KEEP:set param_card dim6 2 2.25 # orig: 4.5
KEEP:set param_card dim6 3 0.0 # orig: 20.0
KEEP: 
INFO: Event nb 0 current time: 01h08 
INFO: Event nb 10  0.022s  
INFO: Event nb 20  0.04s  
INFO: Event nb 30  0.071s  
INFO: Event nb 40  0.096s  
INFO: Event nb 50  0.11s  
INFO: Event nb 60  0.14s  
INFO: Event nb 70  0.16s  
INFO: Event nb 80  0.18s  
INFO: Event nb 90  0.2s  
INFO: All event done  (nb_event: 100)  0.22s  
INFO: Event /pool/condor/dir_11911/genproductions/bin/MadGraph5_aMCatNLO/WmWpToLpNujj_01j_aTGC_pTW-150toInf_mWV-800toInf_4f_NLO_FXFX/WmWpToLpNujj_01j_aTGC_pTW-150toInf_mWV-800toInf_4f_NLO_FXFX_gridpack/work/processtmp/Events/pilotrun/events.lhe.gz_0.lhe have now the additional weight 
launch --rwgt_name=cwww1p8_cw2p25_cb10
Do you want to edit a card (press enter to bypass editing)?
/------------------------------------------------------------\
|  [31m1[0m. param : [32mparam_card.dat[0m                                 |
|  [31m9[0m. plot  : [32mplot_card.dat[0m                                  |
\------------------------------------------------------------/
 you can also
   - enter the path to a valid card or banner.
   - use the 'set' command to modify a parameter directly.
     The set option works only for param_card and run_card.
     Type 'help set' for more information on this command.
   - call an external program (ASperGE/MadWidth/...).
     Type 'help' for the list of available command
 [[4m0[0m, done, 1, param, 9, plot, enter path]
>INFO: starts to compute weight for events with the following modification to the param_card: 
INFO: set param_card dim6 1 1.8 # orig: 3.6
KEEP:set param_card dim6 2 2.25 # orig: 4.5
KEEP:set param_card dim6 3 10.0 # orig: 20.0
KEEP: 
INFO: Event nb 0 current time: 01h08 
INFO: Event nb 10  0.022s  
INFO: Event nb 20  0.041s  
INFO: Event nb 30  0.072s  
INFO: Event nb 40  0.097s  
INFO: Event nb 50  0.11s  
INFO: Event nb 60  0.14s  
INFO: Event nb 70  0.16s  
INFO: Event nb 80  0.18s  
INFO: Event nb 90  0.2s  
INFO: All event done  (nb_event: 100)  0.22s  
INFO: Event /pool/condor/dir_11911/genproductions/bin/MadGraph5_aMCatNLO/WmWpToLpNujj_01j_aTGC_pTW-150toInf_mWV-800toInf_4f_NLO_FXFX/WmWpToLpNujj_01j_aTGC_pTW-150toInf_mWV-800toInf_4f_NLO_FXFX_gridpack/work/processtmp/Events/pilotrun/events.lhe.gz_0.lhe have now the additional weight 
launch --rwgt_name=cwww1p8_cw2p25_cb20
Do you want to edit a card (press enter to bypass editing)?
/------------------------------------------------------------\
|  [31m1[0m. param : [32mparam_card.dat[0m                                 |
|  [31m9[0m. plot  : [32mplot_card.dat[0m                                  |
\------------------------------------------------------------/
 you can also
   - enter the path to a valid card or banner.
   - use the 'set' command to modify a parameter directly.
     The set option works only for param_card and run_card.
     Type 'help set' for more information on this command.
   - call an external program (ASperGE/MadWidth/...).
     Type 'help' for the list of available command
 [[4m0[0m, done, 1, param, 9, plot, enter path]
>INFO: starts to compute weight for events with the following modification to the param_card: 
INFO: set param_card dim6 1 1.8 # orig: 3.6
KEEP:set param_card dim6 2 2.25 # orig: 4.5
KEEP: 
INFO: Event nb 0 current time: 01h08 
INFO: Event nb 10  0.023s  
INFO: Event nb 20  0.041s  
INFO: Event nb 30  0.072s  
INFO: Event nb 40  0.097s  
INFO: Event nb 50  0.12s  
INFO: Event nb 60  0.14s  
INFO: Event nb 70  0.16s  
INFO: Event nb 80  0.18s  
INFO: Event nb 90  0.2s  
INFO: All event done  (nb_event: 100)  0.22s  
INFO: Event /pool/condor/dir_11911/genproductions/bin/MadGraph5_aMCatNLO/WmWpToLpNujj_01j_aTGC_pTW-150toInf_mWV-800toInf_4f_NLO_FXFX/WmWpToLpNujj_01j_aTGC_pTW-150toInf_mWV-800toInf_4f_NLO_FXFX_gridpack/work/processtmp/Events/pilotrun/events.lhe.gz_0.lhe have now the additional weight 
launch --rwgt_name=cwww1p8_cw4p50_cbm20
Do you want to edit a card (press enter to bypass editing)?
/------------------------------------------------------------\
|  [31m1[0m. param : [32mparam_card.dat[0m                                 |
|  [31m9[0m. plot  : [32mplot_card.dat[0m                                  |
\------------------------------------------------------------/
 you can also
   - enter the path to a valid card or banner.
   - use the 'set' command to modify a parameter directly.
     The set option works only for param_card and run_card.
     Type 'help set' for more information on this command.
   - call an external program (ASperGE/MadWidth/...).
     Type 'help' for the list of available command
 [[4m0[0m, done, 1, param, 9, plot, enter path]
>INFO: starts to compute weight for events with the following modification to the param_card: 
INFO: set param_card dim6 1 1.8 # orig: 3.6
KEEP:set param_card dim6 3 -20.0 # orig: 20.0
KEEP: 
INFO: Event nb 0 current time: 01h08 
INFO: Event nb 10  0.022s  
INFO: Event nb 20  0.041s  
INFO: Event nb 30  0.072s  
INFO: Event nb 40  0.099s  
INFO: Event nb 50  0.12s  
INFO: Event nb 60  0.14s  
INFO: Event nb 70  0.16s  
INFO: Event nb 80  0.18s  
INFO: Event nb 90  0.2s  
INFO: All event done  (nb_event: 100)  0.22s  
INFO: Event /pool/condor/dir_11911/genproductions/bin/MadGraph5_aMCatNLO/WmWpToLpNujj_01j_aTGC_pTW-150toInf_mWV-800toInf_4f_NLO_FXFX/WmWpToLpNujj_01j_aTGC_pTW-150toInf_mWV-800toInf_4f_NLO_FXFX_gridpack/work/processtmp/Events/pilotrun/events.lhe.gz_0.lhe have now the additional weight 
launch --rwgt_name=cwww1p8_cw4p50_cbm10
Do you want to edit a card (press enter to bypass editing)?
/------------------------------------------------------------\
|  [31m1[0m. param : [32mparam_card.dat[0m                                 |
|  [31m9[0m. plot  : [32mplot_card.dat[0m                                  |
\------------------------------------------------------------/
 you can also
   - enter the path to a valid card or banner.
   - use the 'set' command to modify a parameter directly.
     The set option works only for param_card and run_card.
     Type 'help set' for more information on this command.
   - call an external program (ASperGE/MadWidth/...).
     Type 'help' for the list of available command
 [[4m0[0m, done, 1, param, 9, plot, enter path]
>INFO: starts to compute weight for events with the following modification to the param_card: 
INFO: set param_card dim6 1 1.8 # orig: 3.6
KEEP:set param_card dim6 3 -10.0 # orig: 20.0
KEEP: 
INFO: Event nb 0 current time: 01h08 
INFO: Event nb 10  0.023s  
INFO: Event nb 20  0.041s  
INFO: Event nb 30  0.072s  
INFO: Event nb 40  0.098s  
INFO: Event nb 50  0.12s  
INFO: Event nb 60  0.14s  
INFO: Event nb 70  0.16s  
INFO: Event nb 80  0.18s  
INFO: Event nb 90  0.2s  
INFO: All event done  (nb_event: 100)  0.22s  
INFO: Event /pool/condor/dir_11911/genproductions/bin/MadGraph5_aMCatNLO/WmWpToLpNujj_01j_aTGC_pTW-150toInf_mWV-800toInf_4f_NLO_FXFX/WmWpToLpNujj_01j_aTGC_pTW-150toInf_mWV-800toInf_4f_NLO_FXFX_gridpack/work/processtmp/Events/pilotrun/events.lhe.gz_0.lhe have now the additional weight 
launch --rwgt_name=cwww1p8_cw4p50_cb0
Do you want to edit a card (press enter to bypass editing)?
/------------------------------------------------------------\
|  [31m1[0m. param : [32mparam_card.dat[0m                                 |
|  [31m9[0m. plot  : [32mplot_card.dat[0m                                  |
\------------------------------------------------------------/
 you can also
   - enter the path to a valid card or banner.
   - use the 'set' command to modify a parameter directly.
     The set option works only for param_card and run_card.
     Type 'help set' for more information on this command.
   - call an external program (ASperGE/MadWidth/...).
     Type 'help' for the list of available command
 [[4m0[0m, done, 1, param, 9, plot, enter path]
>INFO: starts to compute weight for events with the following modification to the param_card: 
INFO: set param_card dim6 1 1.8 # orig: 3.6
KEEP:set param_card dim6 3 0.0 # orig: 20.0
KEEP: 
INFO: Event nb 0 current time: 01h08 
INFO: Event nb 10  0.023s  
INFO: Event nb 20  0.041s  
INFO: Event nb 30  0.073s  
INFO: Event nb 40  0.098s  
INFO: Event nb 50  0.12s  
INFO: Event nb 60  0.14s  
INFO: Event nb 70  0.16s  
INFO: Event nb 80  0.18s  
INFO: Event nb 90  0.2s  
INFO: All event done  (nb_event: 100)  0.22s  
INFO: Event /pool/condor/dir_11911/genproductions/bin/MadGraph5_aMCatNLO/WmWpToLpNujj_01j_aTGC_pTW-150toInf_mWV-800toInf_4f_NLO_FXFX/WmWpToLpNujj_01j_aTGC_pTW-150toInf_mWV-800toInf_4f_NLO_FXFX_gridpack/work/processtmp/Events/pilotrun/events.lhe.gz_0.lhe have now the additional weight 
launch --rwgt_name=cwww1p8_cw4p50_cb10
Do you want to edit a card (press enter to bypass editing)?
/------------------------------------------------------------\
|  [31m1[0m. param : [32mparam_card.dat[0m                                 |
|  [31m9[0m. plot  : [32mplot_card.dat[0m                                  |
\------------------------------------------------------------/
 you can also
   - enter the path to a valid card or banner.
   - use the 'set' command to modify a parameter directly.
     The set option works only for param_card and run_card.
     Type 'help set' for more information on this command.
   - call an external program (ASperGE/MadWidth/...).
     Type 'help' for the list of available command
 [[4m0[0m, done, 1, param, 9, plot, enter path]
>INFO: starts to compute weight for events with the following modification to the param_card: 
INFO: set param_card dim6 1 1.8 # orig: 3.6
KEEP:set param_card dim6 3 10.0 # orig: 20.0
KEEP: 
INFO: Event nb 0 current time: 01h08 
INFO: Event nb 10  0.023s  
INFO: Event nb 20  0.041s  
INFO: Event nb 30  0.073s  
INFO: Event nb 40  0.098s  
INFO: Event nb 50  0.12s  
INFO: Event nb 60  0.14s  
INFO: Event nb 70  0.16s  
INFO: Event nb 80  0.18s  
INFO: Event nb 90  0.2s  
INFO: All event done  (nb_event: 100)  0.22s  
INFO: Event /pool/condor/dir_11911/genproductions/bin/MadGraph5_aMCatNLO/WmWpToLpNujj_01j_aTGC_pTW-150toInf_mWV-800toInf_4f_NLO_FXFX/WmWpToLpNujj_01j_aTGC_pTW-150toInf_mWV-800toInf_4f_NLO_FXFX_gridpack/work/processtmp/Events/pilotrun/events.lhe.gz_0.lhe have now the additional weight 
launch --rwgt_name=cwww1p8_cw4p50_cb20
Do you want to edit a card (press enter to bypass editing)?
/------------------------------------------------------------\
|  [31m1[0m. param : [32mparam_card.dat[0m                                 |
|  [31m9[0m. plot  : [32mplot_card.dat[0m                                  |
\------------------------------------------------------------/
 you can also
   - enter the path to a valid card or banner.
   - use the 'set' command to modify a parameter directly.
     The set option works only for param_card and run_card.
     Type 'help set' for more information on this command.
   - call an external program (ASperGE/MadWidth/...).
     Type 'help' for the list of available command
 [[4m0[0m, done, 1, param, 9, plot, enter path]
>INFO: starts to compute weight for events with the following modification to the param_card: 
INFO: set param_card dim6 1 1.8 # orig: 3.6
KEEP: 
INFO: Event nb 0 current time: 01h08 
INFO: Event nb 10  0.023s  
INFO: Event nb 20  0.041s  
INFO: Event nb 30  0.073s  
INFO: Event nb 40  0.098s  
INFO: Event nb 50  0.12s  
INFO: Event nb 60  0.14s  
INFO: Event nb 70  0.16s  
INFO: Event nb 80  0.18s  
INFO: Event nb 90  0.2s  
INFO: All event done  (nb_event: 100)  0.22s  
INFO: Event /pool/condor/dir_11911/genproductions/bin/MadGraph5_aMCatNLO/WmWpToLpNujj_01j_aTGC_pTW-150toInf_mWV-800toInf_4f_NLO_FXFX/WmWpToLpNujj_01j_aTGC_pTW-150toInf_mWV-800toInf_4f_NLO_FXFX_gridpack/work/processtmp/Events/pilotrun/events.lhe.gz_0.lhe have now the additional weight 
launch --rwgt_name=cwww3p6_cwm4p50_cbm20
Do you want to edit a card (press enter to bypass editing)?
/------------------------------------------------------------\
|  [31m1[0m. param : [32mparam_card.dat[0m                                 |
|  [31m9[0m. plot  : [32mplot_card.dat[0m                                  |
\------------------------------------------------------------/
 you can also
   - enter the path to a valid card or banner.
   - use the 'set' command to modify a parameter directly.
     The set option works only for param_card and run_card.
     Type 'help set' for more information on this command.
   - call an external program (ASperGE/MadWidth/...).
     Type 'help' for the list of available command
 [[4m0[0m, done, 1, param, 9, plot, enter path]
>INFO: starts to compute weight for events with the following modification to the param_card: 
INFO: set param_card dim6 2 -4.5 # orig: 4.5
KEEP:set param_card dim6 3 -20.0 # orig: 20.0
KEEP: 
INFO: Event nb 0 current time: 01h09 
INFO: Event nb 10  0.023s  
INFO: Event nb 20  0.042s  
INFO: Event nb 30  0.073s  
INFO: Event nb 40  0.099s  
INFO: Event nb 50  0.12s  
INFO: Event nb 60  0.14s  
INFO: Event nb 70  0.16s  
INFO: Event nb 80  0.18s  
INFO: Event nb 90  0.2s  
INFO: All event done  (nb_event: 100)  0.22s  
INFO: Event /pool/condor/dir_11911/genproductions/bin/MadGraph5_aMCatNLO/WmWpToLpNujj_01j_aTGC_pTW-150toInf_mWV-800toInf_4f_NLO_FXFX/WmWpToLpNujj_01j_aTGC_pTW-150toInf_mWV-800toInf_4f_NLO_FXFX_gridpack/work/processtmp/Events/pilotrun/events.lhe.gz_0.lhe have now the additional weight 
launch --rwgt_name=cwww3p6_cwm4p50_cbm10
Do you want to edit a card (press enter to bypass editing)?
/------------------------------------------------------------\
|  [31m1[0m. param : [32mparam_card.dat[0m                                 |
|  [31m9[0m. plot  : [32mplot_card.dat[0m                                  |
\------------------------------------------------------------/
 you can also
   - enter the path to a valid card or banner.
   - use the 'set' command to modify a parameter directly.
     The set option works only for param_card and run_card.
     Type 'help set' for more information on this command.
   - call an external program (ASperGE/MadWidth/...).
     Type 'help' for the list of available command
 [[4m0[0m, done, 1, param, 9, plot, enter path]
>INFO: starts to compute weight for events with the following modification to the param_card: 
INFO: set param_card dim6 2 -4.5 # orig: 4.5
KEEP:set param_card dim6 3 -10.0 # orig: 20.0
KEEP: 
INFO: Event nb 0 current time: 01h09 
INFO: Event nb 10  0.024s  
INFO: Event nb 20  0.043s  
INFO: Event nb 30  0.075s  
INFO: Event nb 40  0.1s  
INFO: Event nb 50  0.12s  
INFO: Event nb 60  0.14s  
INFO: Event nb 70  0.17s  
INFO: Event nb 80  0.19s  
INFO: Event nb 90  0.21s  
INFO: All event done  (nb_event: 100)  0.23s  
INFO: Event /pool/condor/dir_11911/genproductions/bin/MadGraph5_aMCatNLO/WmWpToLpNujj_01j_aTGC_pTW-150toInf_mWV-800toInf_4f_NLO_FXFX/WmWpToLpNujj_01j_aTGC_pTW-150toInf_mWV-800toInf_4f_NLO_FXFX_gridpack/work/processtmp/Events/pilotrun/events.lhe.gz_0.lhe have now the additional weight 
launch --rwgt_name=cwww3p6_cwm4p50_cb0
Do you want to edit a card (press enter to bypass editing)?
/------------------------------------------------------------\
|  [31m1[0m. param : [32mparam_card.dat[0m                                 |
|  [31m9[0m. plot  : [32mplot_card.dat[0m                                  |
\------------------------------------------------------------/
 you can also
   - enter the path to a valid card or banner.
   - use the 'set' command to modify a parameter directly.
     The set option works only for param_card and run_card.
     Type 'help set' for more information on this command.
   - call an external program (ASperGE/MadWidth/...).
     Type 'help' for the list of available command
 [[4m0[0m, done, 1, param, 9, plot, enter path]
>INFO: starts to compute weight for events with the following modification to the param_card: 
INFO: set param_card dim6 2 -4.5 # orig: 4.5
KEEP:set param_card dim6 3 0.0 # orig: 20.0
KEEP: 
INFO: Event nb 0 current time: 01h09 
INFO: Event nb 10  0.023s  
INFO: Event nb 20  0.042s  
INFO: Event nb 30  0.073s  
INFO: Event nb 40  0.099s  
INFO: Event nb 50  0.12s  
INFO: Event nb 60  0.14s  
INFO: Event nb 70  0.17s  
INFO: Event nb 80  0.18s  
INFO: Event nb 90  0.21s  
INFO: All event done  (nb_event: 100)  0.22s  
INFO: Event /pool/condor/dir_11911/genproductions/bin/MadGraph5_aMCatNLO/WmWpToLpNujj_01j_aTGC_pTW-150toInf_mWV-800toInf_4f_NLO_FXFX/WmWpToLpNujj_01j_aTGC_pTW-150toInf_mWV-800toInf_4f_NLO_FXFX_gridpack/work/processtmp/Events/pilotrun/events.lhe.gz_0.lhe have now the additional weight 
launch --rwgt_name=cwww3p6_cwm4p50_cb10
Do you want to edit a card (press enter to bypass editing)?
/------------------------------------------------------------\
|  [31m1[0m. param : [32mparam_card.dat[0m                                 |
|  [31m9[0m. plot  : [32mplot_card.dat[0m                                  |
\------------------------------------------------------------/
 you can also
   - enter the path to a valid card or banner.
   - use the 'set' command to modify a parameter directly.
     The set option works only for param_card and run_card.
     Type 'help set' for more information on this command.
   - call an external program (ASperGE/MadWidth/...).
     Type 'help' for the list of available command
 [[4m0[0m, done, 1, param, 9, plot, enter path]
>INFO: starts to compute weight for events with the following modification to the param_card: 
INFO: set param_card dim6 2 -4.5 # orig: 4.5
KEEP:set param_card dim6 3 10.0 # orig: 20.0
KEEP: 
INFO: Event nb 0 current time: 01h09 
INFO: Event nb 10  0.023s  
INFO: Event nb 20  0.042s  
INFO: Event nb 30  0.074s  
INFO: Event nb 40  0.1s  
INFO: Event nb 50  0.12s  
INFO: Event nb 60  0.14s  
INFO: Event nb 70  0.17s  
INFO: Event nb 80  0.18s  
INFO: Event nb 90  0.21s  
INFO: All event done  (nb_event: 100)  0.22s  
INFO: Event /pool/condor/dir_11911/genproductions/bin/MadGraph5_aMCatNLO/WmWpToLpNujj_01j_aTGC_pTW-150toInf_mWV-800toInf_4f_NLO_FXFX/WmWpToLpNujj_01j_aTGC_pTW-150toInf_mWV-800toInf_4f_NLO_FXFX_gridpack/work/processtmp/Events/pilotrun/events.lhe.gz_0.lhe have now the additional weight 
launch --rwgt_name=cwww3p6_cwm4p50_cb20
Do you want to edit a card (press enter to bypass editing)?
/------------------------------------------------------------\
|  [31m1[0m. param : [32mparam_card.dat[0m                                 |
|  [31m9[0m. plot  : [32mplot_card.dat[0m                                  |
\------------------------------------------------------------/
 you can also
   - enter the path to a valid card or banner.
   - use the 'set' command to modify a parameter directly.
     The set option works only for param_card and run_card.
     Type 'help set' for more information on this command.
   - call an external program (ASperGE/MadWidth/...).
     Type 'help' for the list of available command
 [[4m0[0m, done, 1, param, 9, plot, enter path]
>INFO: starts to compute weight for events with the following modification to the param_card: 
INFO: set param_card dim6 2 -4.5 # orig: 4.5
KEEP: 
INFO: Event nb 0 current time: 01h09 
INFO: Event nb 10  0.026s  
INFO: Event nb 20  0.045s  
INFO: Event nb 30  0.077s  
INFO: Event nb 40  0.1s  
INFO: Event nb 50  0.12s  
INFO: Event nb 60  0.14s  
INFO: Event nb 70  0.17s  
INFO: Event nb 80  0.19s  
INFO: Event nb 90  0.21s  
INFO: All event done  (nb_event: 100)  0.23s  
INFO: Event /pool/condor/dir_11911/genproductions/bin/MadGraph5_aMCatNLO/WmWpToLpNujj_01j_aTGC_pTW-150toInf_mWV-800toInf_4f_NLO_FXFX/WmWpToLpNujj_01j_aTGC_pTW-150toInf_mWV-800toInf_4f_NLO_FXFX_gridpack/work/processtmp/Events/pilotrun/events.lhe.gz_0.lhe have now the additional weight 
launch --rwgt_name=cwww3p6_cwm2p25_cbm20
Do you want to edit a card (press enter to bypass editing)?
/------------------------------------------------------------\
|  [31m1[0m. param : [32mparam_card.dat[0m                                 |
|  [31m9[0m. plot  : [32mplot_card.dat[0m                                  |
\------------------------------------------------------------/
 you can also
   - enter the path to a valid card or banner.
   - use the 'set' command to modify a parameter directly.
     The set option works only for param_card and run_card.
     Type 'help set' for more information on this command.
   - call an external program (ASperGE/MadWidth/...).
     Type 'help' for the list of available command
 [[4m0[0m, done, 1, param, 9, plot, enter path]
>INFO: starts to compute weight for events with the following modification to the param_card: 
INFO: set param_card dim6 2 -2.25 # orig: 4.5
KEEP:set param_card dim6 3 -20.0 # orig: 20.0
KEEP: 
INFO: Event nb 0 current time: 01h09 
INFO: Event nb 10  0.024s  
INFO: Event nb 20  0.044s  
INFO: Event nb 30  0.076s  
INFO: Event nb 40  0.1s  
INFO: Event nb 50  0.12s  
INFO: Event nb 60  0.14s  
INFO: Event nb 70  0.17s  
INFO: Event nb 80  0.19s  
INFO: Event nb 90  0.21s  
INFO: All event done  (nb_event: 100)  0.23s  
INFO: Event /pool/condor/dir_11911/genproductions/bin/MadGraph5_aMCatNLO/WmWpToLpNujj_01j_aTGC_pTW-150toInf_mWV-800toInf_4f_NLO_FXFX/WmWpToLpNujj_01j_aTGC_pTW-150toInf_mWV-800toInf_4f_NLO_FXFX_gridpack/work/processtmp/Events/pilotrun/events.lhe.gz_0.lhe have now the additional weight 
launch --rwgt_name=cwww3p6_cwm2p25_cbm10
Do you want to edit a card (press enter to bypass editing)?
/------------------------------------------------------------\
|  [31m1[0m. param : [32mparam_card.dat[0m                                 |
|  [31m9[0m. plot  : [32mplot_card.dat[0m                                  |
\------------------------------------------------------------/
 you can also
   - enter the path to a valid card or banner.
   - use the 'set' command to modify a parameter directly.
     The set option works only for param_card and run_card.
     Type 'help set' for more information on this command.
   - call an external program (ASperGE/MadWidth/...).
     Type 'help' for the list of available command
 [[4m0[0m, done, 1, param, 9, plot, enter path]
>INFO: starts to compute weight for events with the following modification to the param_card: 
INFO: set param_card dim6 2 -2.25 # orig: 4.5
KEEP:set param_card dim6 3 -10.0 # orig: 20.0
KEEP: 
INFO: Event nb 0 current time: 01h09 
INFO: Event nb 10  0.023s  
INFO: Event nb 20  0.042s  
INFO: Event nb 30  0.075s  
INFO: Event nb 40  0.1s  
INFO: Event nb 50  0.12s  
INFO: Event nb 60  0.14s  
INFO: Event nb 70  0.17s  
INFO: Event nb 80  0.19s  
INFO: Event nb 90  0.21s  
INFO: All event done  (nb_event: 100)  0.23s  
INFO: Event /pool/condor/dir_11911/genproductions/bin/MadGraph5_aMCatNLO/WmWpToLpNujj_01j_aTGC_pTW-150toInf_mWV-800toInf_4f_NLO_FXFX/WmWpToLpNujj_01j_aTGC_pTW-150toInf_mWV-800toInf_4f_NLO_FXFX_gridpack/work/processtmp/Events/pilotrun/events.lhe.gz_0.lhe have now the additional weight 
launch --rwgt_name=cwww3p6_cwm2p25_cb0
Do you want to edit a card (press enter to bypass editing)?
/------------------------------------------------------------\
|  [31m1[0m. param : [32mparam_card.dat[0m                                 |
|  [31m9[0m. plot  : [32mplot_card.dat[0m                                  |
\------------------------------------------------------------/
 you can also
   - enter the path to a valid card or banner.
   - use the 'set' command to modify a parameter directly.
     The set option works only for param_card and run_card.
     Type 'help set' for more information on this command.
   - call an external program (ASperGE/MadWidth/...).
     Type 'help' for the list of available command
 [[4m0[0m, done, 1, param, 9, plot, enter path]
>INFO: starts to compute weight for events with the following modification to the param_card: 
INFO: set param_card dim6 2 -2.25 # orig: 4.5
KEEP:set param_card dim6 3 0.0 # orig: 20.0
KEEP: 
INFO: Event nb 0 current time: 01h09 
INFO: Event nb 10  0.023s  
INFO: Event nb 20  0.042s  
INFO: Event nb 30  0.074s  
INFO: Event nb 40  0.1s  
INFO: Event nb 50  0.12s  
INFO: Event nb 60  0.14s  
INFO: Event nb 70  0.17s  
INFO: Event nb 80  0.19s  
INFO: Event nb 90  0.21s  
INFO: All event done  (nb_event: 100)  0.23s  
INFO: Event /pool/condor/dir_11911/genproductions/bin/MadGraph5_aMCatNLO/WmWpToLpNujj_01j_aTGC_pTW-150toInf_mWV-800toInf_4f_NLO_FXFX/WmWpToLpNujj_01j_aTGC_pTW-150toInf_mWV-800toInf_4f_NLO_FXFX_gridpack/work/processtmp/Events/pilotrun/events.lhe.gz_0.lhe have now the additional weight 
launch --rwgt_name=cwww3p6_cwm2p25_cb10
Do you want to edit a card (press enter to bypass editing)?
/------------------------------------------------------------\
|  [31m1[0m. param : [32mparam_card.dat[0m                                 |
|  [31m9[0m. plot  : [32mplot_card.dat[0m                                  |
\------------------------------------------------------------/
 you can also
   - enter the path to a valid card or banner.
   - use the 'set' command to modify a parameter directly.
     The set option works only for param_card and run_card.
     Type 'help set' for more information on this command.
   - call an external program (ASperGE/MadWidth/...).
     Type 'help' for the list of available command
 [[4m0[0m, done, 1, param, 9, plot, enter path]
>INFO: starts to compute weight for events with the following modification to the param_card: 
INFO: set param_card dim6 2 -2.25 # orig: 4.5
KEEP:set param_card dim6 3 10.0 # orig: 20.0
KEEP: 
INFO: Event nb 0 current time: 01h09 
INFO: Event nb 10  0.024s  
INFO: Event nb 20  0.043s  
INFO: Event nb 30  0.076s  
INFO: Event nb 40  0.1s  
INFO: Event nb 50  0.12s  
INFO: Event nb 60  0.14s  
INFO: Event nb 70  0.17s  
INFO: Event nb 80  0.19s  
INFO: Event nb 90  0.21s  
INFO: All event done  (nb_event: 100)  0.23s  
INFO: Event /pool/condor/dir_11911/genproductions/bin/MadGraph5_aMCatNLO/WmWpToLpNujj_01j_aTGC_pTW-150toInf_mWV-800toInf_4f_NLO_FXFX/WmWpToLpNujj_01j_aTGC_pTW-150toInf_mWV-800toInf_4f_NLO_FXFX_gridpack/work/processtmp/Events/pilotrun/events.lhe.gz_0.lhe have now the additional weight 
launch --rwgt_name=cwww3p6_cwm2p25_cb20
Do you want to edit a card (press enter to bypass editing)?
/------------------------------------------------------------\
|  [31m1[0m. param : [32mparam_card.dat[0m                                 |
|  [31m9[0m. plot  : [32mplot_card.dat[0m                                  |
\------------------------------------------------------------/
 you can also
   - enter the path to a valid card or banner.
   - use the 'set' command to modify a parameter directly.
     The set option works only for param_card and run_card.
     Type 'help set' for more information on this command.
   - call an external program (ASperGE/MadWidth/...).
     Type 'help' for the list of available command
 [[4m0[0m, done, 1, param, 9, plot, enter path]
>INFO: starts to compute weight for events with the following modification to the param_card: 
INFO: set param_card dim6 2 -2.25 # orig: 4.5
KEEP: 
INFO: Event nb 0 current time: 01h09 
INFO: Event nb 10  0.024s  
INFO: Event nb 20  0.043s  
INFO: Event nb 30  0.079s  
INFO: Event nb 40  0.11s  
INFO: Event nb 50  0.12s  
INFO: Event nb 60  0.15s  
INFO: Event nb 70  0.17s  
INFO: Event nb 80  0.19s  
INFO: Event nb 90  0.21s  
INFO: All event done  (nb_event: 100)  0.23s  
INFO: Event /pool/condor/dir_11911/genproductions/bin/MadGraph5_aMCatNLO/WmWpToLpNujj_01j_aTGC_pTW-150toInf_mWV-800toInf_4f_NLO_FXFX/WmWpToLpNujj_01j_aTGC_pTW-150toInf_mWV-800toInf_4f_NLO_FXFX_gridpack/work/processtmp/Events/pilotrun/events.lhe.gz_0.lhe have now the additional weight 
launch --rwgt_name=cwww3p6_cw0p00_cbm20
Do you want to edit a card (press enter to bypass editing)?
/------------------------------------------------------------\
|  [31m1[0m. param : [32mparam_card.dat[0m                                 |
|  [31m9[0m. plot  : [32mplot_card.dat[0m                                  |
\------------------------------------------------------------/
 you can also
   - enter the path to a valid card or banner.
   - use the 'set' command to modify a parameter directly.
     The set option works only for param_card and run_card.
     Type 'help set' for more information on this command.
   - call an external program (ASperGE/MadWidth/...).
     Type 'help' for the list of available command
 [[4m0[0m, done, 1, param, 9, plot, enter path]
>INFO: starts to compute weight for events with the following modification to the param_card: 
INFO: set param_card dim6 2 0.0 # orig: 4.5
KEEP:set param_card dim6 3 -20.0 # orig: 20.0
KEEP: 
INFO: Event nb 0 current time: 01h09 
INFO: Event nb 10  0.023s  
INFO: Event nb 20  0.043s  
INFO: Event nb 30  0.075s  
INFO: Event nb 40  0.1s  
INFO: Event nb 50  0.12s  
INFO: Event nb 60  0.14s  
INFO: Event nb 70  0.17s  
INFO: Event nb 80  0.19s  
INFO: Event nb 90  0.21s  
INFO: All event done  (nb_event: 100)  0.23s  
INFO: Event /pool/condor/dir_11911/genproductions/bin/MadGraph5_aMCatNLO/WmWpToLpNujj_01j_aTGC_pTW-150toInf_mWV-800toInf_4f_NLO_FXFX/WmWpToLpNujj_01j_aTGC_pTW-150toInf_mWV-800toInf_4f_NLO_FXFX_gridpack/work/processtmp/Events/pilotrun/events.lhe.gz_0.lhe have now the additional weight 
launch --rwgt_name=cwww3p6_cw0p00_cbm10
Do you want to edit a card (press enter to bypass editing)?
/------------------------------------------------------------\
|  [31m1[0m. param : [32mparam_card.dat[0m                                 |
|  [31m9[0m. plot  : [32mplot_card.dat[0m                                  |
\------------------------------------------------------------/
 you can also
   - enter the path to a valid card or banner.
   - use the 'set' command to modify a parameter directly.
     The set option works only for param_card and run_card.
     Type 'help set' for more information on this command.
   - call an external program (ASperGE/MadWidth/...).
     Type 'help' for the list of available command
 [[4m0[0m, done, 1, param, 9, plot, enter path]
>INFO: starts to compute weight for events with the following modification to the param_card: 
INFO: set param_card dim6 2 0.0 # orig: 4.5
KEEP:set param_card dim6 3 -10.0 # orig: 20.0
KEEP: 
INFO: Event nb 0 current time: 01h09 
INFO: Event nb 10  0.023s  
INFO: Event nb 20  0.043s  
INFO: Event nb 30  0.075s  
INFO: Event nb 40  0.1s  
INFO: Event nb 50  0.12s  
INFO: Event nb 60  0.14s  
INFO: Event nb 70  0.17s  
INFO: Event nb 80  0.19s  
INFO: Event nb 90  0.21s  
INFO: All event done  (nb_event: 100)  0.23s  
INFO: Event /pool/condor/dir_11911/genproductions/bin/MadGraph5_aMCatNLO/WmWpToLpNujj_01j_aTGC_pTW-150toInf_mWV-800toInf_4f_NLO_FXFX/WmWpToLpNujj_01j_aTGC_pTW-150toInf_mWV-800toInf_4f_NLO_FXFX_gridpack/work/processtmp/Events/pilotrun/events.lhe.gz_0.lhe have now the additional weight 
launch --rwgt_name=cwww3p6_cw0p00_cb0
Do you want to edit a card (press enter to bypass editing)?
/------------------------------------------------------------\
|  [31m1[0m. param : [32mparam_card.dat[0m                                 |
|  [31m9[0m. plot  : [32mplot_card.dat[0m                                  |
\------------------------------------------------------------/
 you can also
   - enter the path to a valid card or banner.
   - use the 'set' command to modify a parameter directly.
     The set option works only for param_card and run_card.
     Type 'help set' for more information on this command.
   - call an external program (ASperGE/MadWidth/...).
     Type 'help' for the list of available command
 [[4m0[0m, done, 1, param, 9, plot, enter path]
>INFO: starts to compute weight for events with the following modification to the param_card: 
INFO: set param_card dim6 2 0.0 # orig: 4.5
KEEP:set param_card dim6 3 0.0 # orig: 20.0
KEEP: 
INFO: Event nb 0 current time: 01h09 
INFO: Event nb 10  0.023s  
INFO: Event nb 20  0.043s  
INFO: Event nb 30  0.076s  
INFO: Event nb 40  0.1s  
INFO: Event nb 50  0.12s  
INFO: Event nb 60  0.14s  
INFO: Event nb 70  0.17s  
INFO: Event nb 80  0.19s  
INFO: Event nb 90  0.21s  
INFO: All event done  (nb_event: 100)  0.23s  
INFO: Event /pool/condor/dir_11911/genproductions/bin/MadGraph5_aMCatNLO/WmWpToLpNujj_01j_aTGC_pTW-150toInf_mWV-800toInf_4f_NLO_FXFX/WmWpToLpNujj_01j_aTGC_pTW-150toInf_mWV-800toInf_4f_NLO_FXFX_gridpack/work/processtmp/Events/pilotrun/events.lhe.gz_0.lhe have now the additional weight 
launch --rwgt_name=cwww3p6_cw0p00_cb10
Do you want to edit a card (press enter to bypass editing)?
/------------------------------------------------------------\
|  [31m1[0m. param : [32mparam_card.dat[0m                                 |
|  [31m9[0m. plot  : [32mplot_card.dat[0m                                  |
\------------------------------------------------------------/
 you can also
   - enter the path to a valid card or banner.
   - use the 'set' command to modify a parameter directly.
     The set option works only for param_card and run_card.
     Type 'help set' for more information on this command.
   - call an external program (ASperGE/MadWidth/...).
     Type 'help' for the list of available command
 [[4m0[0m, done, 1, param, 9, plot, enter path]
>INFO: starts to compute weight for events with the following modification to the param_card: 
INFO: set param_card dim6 2 0.0 # orig: 4.5
KEEP:set param_card dim6 3 10.0 # orig: 20.0
KEEP: 
INFO: Event nb 0 current time: 01h09 
INFO: Event nb 10  0.024s  
INFO: Event nb 20  0.043s  
INFO: Event nb 30  0.075s  
INFO: Event nb 40  0.1s  
INFO: Event nb 50  0.12s  
INFO: Event nb 60  0.14s  
INFO: Event nb 70  0.17s  
INFO: Event nb 80  0.19s  
INFO: Event nb 90  0.21s  
INFO: All event done  (nb_event: 100)  0.23s  
INFO: Event /pool/condor/dir_11911/genproductions/bin/MadGraph5_aMCatNLO/WmWpToLpNujj_01j_aTGC_pTW-150toInf_mWV-800toInf_4f_NLO_FXFX/WmWpToLpNujj_01j_aTGC_pTW-150toInf_mWV-800toInf_4f_NLO_FXFX_gridpack/work/processtmp/Events/pilotrun/events.lhe.gz_0.lhe have now the additional weight 
launch --rwgt_name=cwww3p6_cw0p00_cb20
Do you want to edit a card (press enter to bypass editing)?
/------------------------------------------------------------\
|  [31m1[0m. param : [32mparam_card.dat[0m                                 |
|  [31m9[0m. plot  : [32mplot_card.dat[0m                                  |
\------------------------------------------------------------/
 you can also
   - enter the path to a valid card or banner.
   - use the 'set' command to modify a parameter directly.
     The set option works only for param_card and run_card.
     Type 'help set' for more information on this command.
   - call an external program (ASperGE/MadWidth/...).
     Type 'help' for the list of available command
 [[4m0[0m, done, 1, param, 9, plot, enter path]
>INFO: starts to compute weight for events with the following modification to the param_card: 
INFO: set param_card dim6 2 0.0 # orig: 4.5
KEEP: 
INFO: Event nb 0 current time: 01h09 
INFO: Event nb 10  0.023s  
INFO: Event nb 20  0.043s  
INFO: Event nb 30  0.075s  
INFO: Event nb 40  0.1s  
INFO: Event nb 50  0.12s  
INFO: Event nb 60  0.14s  
INFO: Event nb 70  0.17s  
INFO: Event nb 80  0.19s  
INFO: Event nb 90  0.21s  
INFO: All event done  (nb_event: 100)  0.23s  
INFO: Event /pool/condor/dir_11911/genproductions/bin/MadGraph5_aMCatNLO/WmWpToLpNujj_01j_aTGC_pTW-150toInf_mWV-800toInf_4f_NLO_FXFX/WmWpToLpNujj_01j_aTGC_pTW-150toInf_mWV-800toInf_4f_NLO_FXFX_gridpack/work/processtmp/Events/pilotrun/events.lhe.gz_0.lhe have now the additional weight 
launch --rwgt_name=cwww3p6_cw2p25_cbm20
Do you want to edit a card (press enter to bypass editing)?
/------------------------------------------------------------\
|  [31m1[0m. param : [32mparam_card.dat[0m                                 |
|  [31m9[0m. plot  : [32mplot_card.dat[0m                                  |
\------------------------------------------------------------/
 you can also
   - enter the path to a valid card or banner.
   - use the 'set' command to modify a parameter directly.
     The set option works only for param_card and run_card.
     Type 'help set' for more information on this command.
   - call an external program (ASperGE/MadWidth/...).
     Type 'help' for the list of available command
 [[4m0[0m, done, 1, param, 9, plot, enter path]
>INFO: starts to compute weight for events with the following modification to the param_card: 
INFO: set param_card dim6 2 2.25 # orig: 4.5
KEEP:set param_card dim6 3 -20.0 # orig: 20.0
KEEP: 
INFO: Event nb 0 current time: 01h09 
INFO: Event nb 10  0.024s  
INFO: Event nb 20  0.044s  
INFO: Event nb 30  0.076s  
INFO: Event nb 40  0.1s  
INFO: Event nb 50  0.12s  
INFO: Event nb 60  0.14s  
INFO: Event nb 70  0.17s  
INFO: Event nb 80  0.19s  
INFO: Event nb 90  0.21s  
INFO: All event done  (nb_event: 100)  0.23s  
INFO: Event /pool/condor/dir_11911/genproductions/bin/MadGraph5_aMCatNLO/WmWpToLpNujj_01j_aTGC_pTW-150toInf_mWV-800toInf_4f_NLO_FXFX/WmWpToLpNujj_01j_aTGC_pTW-150toInf_mWV-800toInf_4f_NLO_FXFX_gridpack/work/processtmp/Events/pilotrun/events.lhe.gz_0.lhe have now the additional weight 
launch --rwgt_name=cwww3p6_cw2p25_cbm10
Do you want to edit a card (press enter to bypass editing)?
/------------------------------------------------------------\
|  [31m1[0m. param : [32mparam_card.dat[0m                                 |
|  [31m9[0m. plot  : [32mplot_card.dat[0m                                  |
\------------------------------------------------------------/
 you can also
   - enter the path to a valid card or banner.
   - use the 'set' command to modify a parameter directly.
     The set option works only for param_card and run_card.
     Type 'help set' for more information on this command.
   - call an external program (ASperGE/MadWidth/...).
     Type 'help' for the list of available command
 [[4m0[0m, done, 1, param, 9, plot, enter path]
>INFO: starts to compute weight for events with the following modification to the param_card: 
INFO: set param_card dim6 2 2.25 # orig: 4.5
KEEP:set param_card dim6 3 -10.0 # orig: 20.0
KEEP: 
INFO: Event nb 0 current time: 01h09 
INFO: Event nb 10  0.024s  
INFO: Event nb 20  0.043s  
INFO: Event nb 30  0.076s  
INFO: Event nb 40  0.1s  
INFO: Event nb 50  0.12s  
INFO: Event nb 60  0.15s  
INFO: Event nb 70  0.17s  
INFO: Event nb 80  0.19s  
INFO: Event nb 90  0.21s  
INFO: All event done  (nb_event: 100)  0.23s  
INFO: Event /pool/condor/dir_11911/genproductions/bin/MadGraph5_aMCatNLO/WmWpToLpNujj_01j_aTGC_pTW-150toInf_mWV-800toInf_4f_NLO_FXFX/WmWpToLpNujj_01j_aTGC_pTW-150toInf_mWV-800toInf_4f_NLO_FXFX_gridpack/work/processtmp/Events/pilotrun/events.lhe.gz_0.lhe have now the additional weight 
launch --rwgt_name=cwww3p6_cw2p25_cb0
Do you want to edit a card (press enter to bypass editing)?
/------------------------------------------------------------\
|  [31m1[0m. param : [32mparam_card.dat[0m                                 |
|  [31m9[0m. plot  : [32mplot_card.dat[0m                                  |
\------------------------------------------------------------/
 you can also
   - enter the path to a valid card or banner.
   - use the 'set' command to modify a parameter directly.
     The set option works only for param_card and run_card.
     Type 'help set' for more information on this command.
   - call an external program (ASperGE/MadWidth/...).
     Type 'help' for the list of available command
 [[4m0[0m, done, 1, param, 9, plot, enter path]
>INFO: starts to compute weight for events with the following modification to the param_card: 
INFO: set param_card dim6 2 2.25 # orig: 4.5
KEEP:set param_card dim6 3 0.0 # orig: 20.0
KEEP: 
INFO: Event nb 0 current time: 01h09 
INFO: Event nb 10  0.024s  
INFO: Event nb 20  0.043s  
INFO: Event nb 30  0.076s  
INFO: Event nb 40  0.1s  
INFO: Event nb 50  0.12s  
INFO: Event nb 60  0.14s  
INFO: Event nb 70  0.17s  
INFO: Event nb 80  0.19s  
INFO: Event nb 90  0.21s  
INFO: All event done  (nb_event: 100)  0.23s  
INFO: Event /pool/condor/dir_11911/genproductions/bin/MadGraph5_aMCatNLO/WmWpToLpNujj_01j_aTGC_pTW-150toInf_mWV-800toInf_4f_NLO_FXFX/WmWpToLpNujj_01j_aTGC_pTW-150toInf_mWV-800toInf_4f_NLO_FXFX_gridpack/work/processtmp/Events/pilotrun/events.lhe.gz_0.lhe have now the additional weight 
launch --rwgt_name=cwww3p6_cw2p25_cb10
Do you want to edit a card (press enter to bypass editing)?
/------------------------------------------------------------\
|  [31m1[0m. param : [32mparam_card.dat[0m                                 |
|  [31m9[0m. plot  : [32mplot_card.dat[0m                                  |
\------------------------------------------------------------/
 you can also
   - enter the path to a valid card or banner.
   - use the 'set' command to modify a parameter directly.
     The set option works only for param_card and run_card.
     Type 'help set' for more information on this command.
   - call an external program (ASperGE/MadWidth/...).
     Type 'help' for the list of available command
 [[4m0[0m, done, 1, param, 9, plot, enter path]
>INFO: starts to compute weight for events with the following modification to the param_card: 
INFO: set param_card dim6 2 2.25 # orig: 4.5
KEEP:set param_card dim6 3 10.0 # orig: 20.0
KEEP: 
INFO: Event nb 0 current time: 01h09 
INFO: Event nb 10  0.024s  
INFO: Event nb 20  0.044s  
INFO: Event nb 30  0.077s  
INFO: Event nb 40  0.1s  
INFO: Event nb 50  0.12s  
INFO: Event nb 60  0.15s  
INFO: Event nb 70  0.17s  
INFO: Event nb 80  0.19s  
INFO: Event nb 90  0.21s  
INFO: All event done  (nb_event: 100)  0.23s  
INFO: Event /pool/condor/dir_11911/genproductions/bin/MadGraph5_aMCatNLO/WmWpToLpNujj_01j_aTGC_pTW-150toInf_mWV-800toInf_4f_NLO_FXFX/WmWpToLpNujj_01j_aTGC_pTW-150toInf_mWV-800toInf_4f_NLO_FXFX_gridpack/work/processtmp/Events/pilotrun/events.lhe.gz_0.lhe have now the additional weight 
launch --rwgt_name=cwww3p6_cw2p25_cb20
Do you want to edit a card (press enter to bypass editing)?
/------------------------------------------------------------\
|  [31m1[0m. param : [32mparam_card.dat[0m                                 |
|  [31m9[0m. plot  : [32mplot_card.dat[0m                                  |
\------------------------------------------------------------/
 you can also
   - enter the path to a valid card or banner.
   - use the 'set' command to modify a parameter directly.
     The set option works only for param_card and run_card.
     Type 'help set' for more information on this command.
   - call an external program (ASperGE/MadWidth/...).
     Type 'help' for the list of available command
 [[4m0[0m, done, 1, param, 9, plot, enter path]
>INFO: starts to compute weight for events with the following modification to the param_card: 
INFO: set param_card dim6 2 2.25 # orig: 4.5
KEEP: 
INFO: Event nb 0 current time: 01h09 
INFO: Event nb 10  0.024s  
INFO: Event nb 20  0.043s  
INFO: Event nb 30  0.076s  
INFO: Event nb 40  0.1s  
INFO: Event nb 50  0.12s  
INFO: Event nb 60  0.15s  
INFO: Event nb 70  0.18s  
INFO: Event nb 80  0.19s  
INFO: Event nb 90  0.22s  
INFO: All event done  (nb_event: 100)  0.24s  
INFO: Event /pool/condor/dir_11911/genproductions/bin/MadGraph5_aMCatNLO/WmWpToLpNujj_01j_aTGC_pTW-150toInf_mWV-800toInf_4f_NLO_FXFX/WmWpToLpNujj_01j_aTGC_pTW-150toInf_mWV-800toInf_4f_NLO_FXFX_gridpack/work/processtmp/Events/pilotrun/events.lhe.gz_0.lhe have now the additional weight 
launch --rwgt_name=cwww3p6_cw4p50_cbm20
Do you want to edit a card (press enter to bypass editing)?
/------------------------------------------------------------\
|  [31m1[0m. param : [32mparam_card.dat[0m                                 |
|  [31m9[0m. plot  : [32mplot_card.dat[0m                                  |
\------------------------------------------------------------/
 you can also
   - enter the path to a valid card or banner.
   - use the 'set' command to modify a parameter directly.
     The set option works only for param_card and run_card.
     Type 'help set' for more information on this command.
   - call an external program (ASperGE/MadWidth/...).
     Type 'help' for the list of available command
 [[4m0[0m, done, 1, param, 9, plot, enter path]
>INFO: starts to compute weight for events with the following modification to the param_card: 
INFO: set param_card dim6 3 -20.0 # orig: 20.0
KEEP: 
INFO: Event nb 0 current time: 01h09 
INFO: Event nb 10  0.024s  
INFO: Event nb 20  0.044s  
INFO: Event nb 30  0.076s  
INFO: Event nb 40  0.1s  
INFO: Event nb 50  0.12s  
INFO: Event nb 60  0.14s  
INFO: Event nb 70  0.17s  
INFO: Event nb 80  0.19s  
INFO: Event nb 90  0.21s  
INFO: All event done  (nb_event: 100)  0.23s  
INFO: Event /pool/condor/dir_11911/genproductions/bin/MadGraph5_aMCatNLO/WmWpToLpNujj_01j_aTGC_pTW-150toInf_mWV-800toInf_4f_NLO_FXFX/WmWpToLpNujj_01j_aTGC_pTW-150toInf_mWV-800toInf_4f_NLO_FXFX_gridpack/work/processtmp/Events/pilotrun/events.lhe.gz_0.lhe have now the additional weight 
launch --rwgt_name=cwww3p6_cw4p50_cbm10
Do you want to edit a card (press enter to bypass editing)?
/------------------------------------------------------------\
|  [31m1[0m. param : [32mparam_card.dat[0m                                 |
|  [31m9[0m. plot  : [32mplot_card.dat[0m                                  |
\------------------------------------------------------------/
 you can also
   - enter the path to a valid card or banner.
   - use the 'set' command to modify a parameter directly.
     The set option works only for param_card and run_card.
     Type 'help set' for more information on this command.
   - call an external program (ASperGE/MadWidth/...).
     Type 'help' for the list of available command
 [[4m0[0m, done, 1, param, 9, plot, enter path]
>INFO: starts to compute weight for events with the following modification to the param_card: 
INFO: set param_card dim6 3 -10.0 # orig: 20.0
KEEP: 
INFO: Event nb 0 current time: 01h09 
INFO: Event nb 10  0.025s  
INFO: Event nb 20  0.045s  
INFO: Event nb 30  0.078s  
INFO: Event nb 40  0.1s  
INFO: Event nb 50  0.12s  
INFO: Event nb 60  0.15s  
INFO: Event nb 70  0.17s  
INFO: Event nb 80  0.19s  
INFO: Event nb 90  0.22s  
INFO: All event done  (nb_event: 100)  0.24s  
INFO: Event /pool/condor/dir_11911/genproductions/bin/MadGraph5_aMCatNLO/WmWpToLpNujj_01j_aTGC_pTW-150toInf_mWV-800toInf_4f_NLO_FXFX/WmWpToLpNujj_01j_aTGC_pTW-150toInf_mWV-800toInf_4f_NLO_FXFX_gridpack/work/processtmp/Events/pilotrun/events.lhe.gz_0.lhe have now the additional weight 
launch --rwgt_name=cwww3p6_cw4p50_cb0
Do you want to edit a card (press enter to bypass editing)?
/------------------------------------------------------------\
|  [31m1[0m. param : [32mparam_card.dat[0m                                 |
|  [31m9[0m. plot  : [32mplot_card.dat[0m                                  |
\------------------------------------------------------------/
 you can also
   - enter the path to a valid card or banner.
   - use the 'set' command to modify a parameter directly.
     The set option works only for param_card and run_card.
     Type 'help set' for more information on this command.
   - call an external program (ASperGE/MadWidth/...).
     Type 'help' for the list of available command
 [[4m0[0m, done, 1, param, 9, plot, enter path]
>INFO: starts to compute weight for events with the following modification to the param_card: 
INFO: set param_card dim6 3 0.0 # orig: 20.0
KEEP: 
INFO: Event nb 0 current time: 01h09 
INFO: Event nb 10  0.028s  
INFO: Event nb 20  0.052s  
INFO: Event nb 30  0.091s  
INFO: Event nb 40  0.12s  
INFO: Event nb 50  0.14s  
INFO: Event nb 60  0.17s  
INFO: Event nb 70  0.2s  
INFO: Event nb 80  0.22s  
INFO: Event nb 90  0.25s  
INFO: All event done  (nb_event: 100)  0.27s  
INFO: Event /pool/condor/dir_11911/genproductions/bin/MadGraph5_aMCatNLO/WmWpToLpNujj_01j_aTGC_pTW-150toInf_mWV-800toInf_4f_NLO_FXFX/WmWpToLpNujj_01j_aTGC_pTW-150toInf_mWV-800toInf_4f_NLO_FXFX_gridpack/work/processtmp/Events/pilotrun/events.lhe.gz_0.lhe have now the additional weight 
launch --rwgt_name=cwww3p6_cw4p50_cb10
Do you want to edit a card (press enter to bypass editing)?
/------------------------------------------------------------\
|  [31m1[0m. param : [32mparam_card.dat[0m                                 |
|  [31m9[0m. plot  : [32mplot_card.dat[0m                                  |
\------------------------------------------------------------/
 you can also
   - enter the path to a valid card or banner.
   - use the 'set' command to modify a parameter directly.
     The set option works only for param_card and run_card.
     Type 'help set' for more information on this command.
   - call an external program (ASperGE/MadWidth/...).
     Type 'help' for the list of available command
 [[4m0[0m, done, 1, param, 9, plot, enter path]
>INFO: starts to compute weight for events with the following modification to the param_card: 
INFO: set param_card dim6 3 10.0 # orig: 20.0
KEEP: 
INFO: Event nb 0 current time: 01h09 
INFO: Event nb 10  0.028s  
INFO: Event nb 20  0.052s  
INFO: Event nb 30  0.088s  
INFO: Event nb 40  0.12s  
INFO: Event nb 50  0.14s  
INFO: Event nb 60  0.16s  
INFO: Event nb 70  0.19s  
INFO: Event nb 80  0.21s  
INFO: Event nb 90  0.23s  
INFO: All event done  (nb_event: 100)  0.26s  
INFO: Event /pool/condor/dir_11911/genproductions/bin/MadGraph5_aMCatNLO/WmWpToLpNujj_01j_aTGC_pTW-150toInf_mWV-800toInf_4f_NLO_FXFX/WmWpToLpNujj_01j_aTGC_pTW-150toInf_mWV-800toInf_4f_NLO_FXFX_gridpack/work/processtmp/Events/pilotrun/events.lhe.gz_0.lhe have now the additional weight 
launch --rwgt_name=cwww3p6_cw4p50_cb20
Do you want to edit a card (press enter to bypass editing)?
/------------------------------------------------------------\
|  [31m1[0m. param : [32mparam_card.dat[0m                                 |
|  [31m9[0m. plot  : [32mplot_card.dat[0m                                  |
\------------------------------------------------------------/
 you can also
   - enter the path to a valid card or banner.
   - use the 'set' command to modify a parameter directly.
     The set option works only for param_card and run_card.
     Type 'help set' for more information on this command.
   - call an external program (ASperGE/MadWidth/...).
     Type 'help' for the list of available command
 [[4m0[0m, done, 1, param, 9, plot, enter path]
>[1;34mWARNING:  REWEIGHTING: original card and new card are identical. [0m
INFO: starts to compute weight for events with the following modification to the param_card: 
INFO:  
INFO: Event nb 0 current time: 01h09 
INFO: Event nb 10  0.025s  
INFO: Event nb 20  0.045s  
INFO: Event nb 30  0.078s  
INFO: Event nb 40  0.11s  
INFO: Event nb 50  0.13s  
INFO: Event nb 60  0.15s  
INFO: Event nb 70  0.18s  
INFO: Event nb 80  0.2s  
INFO: Event nb 90  0.22s  
INFO: All event done  (nb_event: 100)  0.24s  
INFO: Event /pool/condor/dir_11911/genproductions/bin/MadGraph5_aMCatNLO/WmWpToLpNujj_01j_aTGC_pTW-150toInf_mWV-800toInf_4f_NLO_FXFX/WmWpToLpNujj_01j_aTGC_pTW-150toInf_mWV-800toInf_4f_NLO_FXFX_gridpack/work/processtmp/Events/pilotrun/events.lhe.gz_0.lhe have now the additional weight 
launch --rwgt_name=cwww5p4_cwm4p50_cbm20
Do you want to edit a card (press enter to bypass editing)?
/------------------------------------------------------------\
|  [31m1[0m. param : [32mparam_card.dat[0m                                 |
|  [31m9[0m. plot  : [32mplot_card.dat[0m                                  |
\------------------------------------------------------------/
 you can also
   - enter the path to a valid card or banner.
   - use the 'set' command to modify a parameter directly.
     The set option works only for param_card and run_card.
     Type 'help set' for more information on this command.
   - call an external program (ASperGE/MadWidth/...).
     Type 'help' for the list of available command
 [[4m0[0m, done, 1, param, 9, plot, enter path]
>INFO: starts to compute weight for events with the following modification to the param_card: 
INFO: set param_card dim6 1 5.4 # orig: 3.6
KEEP:set param_card dim6 2 -4.5 # orig: 4.5
KEEP:set param_card dim6 3 -20.0 # orig: 20.0
KEEP: 
INFO: Event nb 0 current time: 01h09 
INFO: Event nb 10  0.024s  
INFO: Event nb 20  0.044s  
INFO: Event nb 30  0.077s  
INFO: Event nb 40  0.1s  
INFO: Event nb 50  0.12s  
INFO: Event nb 60  0.15s  
INFO: Event nb 70  0.17s  
INFO: Event nb 80  0.19s  
INFO: Event nb 90  0.22s  
INFO: All event done  (nb_event: 100)  0.24s  
INFO: Event /pool/condor/dir_11911/genproductions/bin/MadGraph5_aMCatNLO/WmWpToLpNujj_01j_aTGC_pTW-150toInf_mWV-800toInf_4f_NLO_FXFX/WmWpToLpNujj_01j_aTGC_pTW-150toInf_mWV-800toInf_4f_NLO_FXFX_gridpack/work/processtmp/Events/pilotrun/events.lhe.gz_0.lhe have now the additional weight 
launch --rwgt_name=cwww5p4_cwm4p50_cbm10
Do you want to edit a card (press enter to bypass editing)?
/------------------------------------------------------------\
|  [31m1[0m. param : [32mparam_card.dat[0m                                 |
|  [31m9[0m. plot  : [32mplot_card.dat[0m                                  |
\------------------------------------------------------------/
 you can also
   - enter the path to a valid card or banner.
   - use the 'set' command to modify a parameter directly.
     The set option works only for param_card and run_card.
     Type 'help set' for more information on this command.
   - call an external program (ASperGE/MadWidth/...).
     Type 'help' for the list of available command
 [[4m0[0m, done, 1, param, 9, plot, enter path]
>INFO: starts to compute weight for events with the following modification to the param_card: 
INFO: set param_card dim6 1 5.4 # orig: 3.6
KEEP:set param_card dim6 2 -4.5 # orig: 4.5
KEEP:set param_card dim6 3 -10.0 # orig: 20.0
KEEP: 
INFO: Event nb 0 current time: 01h09 
INFO: Event nb 10  0.025s  
INFO: Event nb 20  0.045s  
INFO: Event nb 30  0.078s  
INFO: Event nb 40  0.11s  
INFO: Event nb 50  0.13s  
INFO: Event nb 60  0.15s  
INFO: Event nb 70  0.18s  
INFO: Event nb 80  0.2s  
INFO: Event nb 90  0.22s  
INFO: All event done  (nb_event: 100)  0.24s  
INFO: Event /pool/condor/dir_11911/genproductions/bin/MadGraph5_aMCatNLO/WmWpToLpNujj_01j_aTGC_pTW-150toInf_mWV-800toInf_4f_NLO_FXFX/WmWpToLpNujj_01j_aTGC_pTW-150toInf_mWV-800toInf_4f_NLO_FXFX_gridpack/work/processtmp/Events/pilotrun/events.lhe.gz_0.lhe have now the additional weight 
launch --rwgt_name=cwww5p4_cwm4p50_cb0
Do you want to edit a card (press enter to bypass editing)?
/------------------------------------------------------------\
|  [31m1[0m. param : [32mparam_card.dat[0m                                 |
|  [31m9[0m. plot  : [32mplot_card.dat[0m                                  |
\------------------------------------------------------------/
 you can also
   - enter the path to a valid card or banner.
   - use the 'set' command to modify a parameter directly.
     The set option works only for param_card and run_card.
     Type 'help set' for more information on this command.
   - call an external program (ASperGE/MadWidth/...).
     Type 'help' for the list of available command
 [[4m0[0m, done, 1, param, 9, plot, enter path]
>INFO: starts to compute weight for events with the following modification to the param_card: 
INFO: set param_card dim6 1 5.4 # orig: 3.6
KEEP:set param_card dim6 2 -4.5 # orig: 4.5
KEEP:set param_card dim6 3 0.0 # orig: 20.0
KEEP: 
INFO: Event nb 0 current time: 01h09 
INFO: Event nb 10  0.024s  
INFO: Event nb 20  0.044s  
INFO: Event nb 30  0.078s  
INFO: Event nb 40  0.1s  
INFO: Event nb 50  0.12s  
INFO: Event nb 60  0.15s  
INFO: Event nb 70  0.17s  
INFO: Event nb 80  0.19s  
INFO: Event nb 90  0.22s  
INFO: All event done  (nb_event: 100)  0.24s  
INFO: Event /pool/condor/dir_11911/genproductions/bin/MadGraph5_aMCatNLO/WmWpToLpNujj_01j_aTGC_pTW-150toInf_mWV-800toInf_4f_NLO_FXFX/WmWpToLpNujj_01j_aTGC_pTW-150toInf_mWV-800toInf_4f_NLO_FXFX_gridpack/work/processtmp/Events/pilotrun/events.lhe.gz_0.lhe have now the additional weight 
launch --rwgt_name=cwww5p4_cwm4p50_cb10
Do you want to edit a card (press enter to bypass editing)?
/------------------------------------------------------------\
|  [31m1[0m. param : [32mparam_card.dat[0m                                 |
|  [31m9[0m. plot  : [32mplot_card.dat[0m                                  |
\------------------------------------------------------------/
 you can also
   - enter the path to a valid card or banner.
   - use the 'set' command to modify a parameter directly.
     The set option works only for param_card and run_card.
     Type 'help set' for more information on this command.
   - call an external program (ASperGE/MadWidth/...).
     Type 'help' for the list of available command
 [[4m0[0m, done, 1, param, 9, plot, enter path]
>INFO: starts to compute weight for events with the following modification to the param_card: 
INFO: set param_card dim6 1 5.4 # orig: 3.6
KEEP:set param_card dim6 2 -4.5 # orig: 4.5
KEEP:set param_card dim6 3 10.0 # orig: 20.0
KEEP: 
INFO: Event nb 0 current time: 01h09 
INFO: Event nb 10  0.024s  
INFO: Event nb 20  0.045s  
INFO: Event nb 30  0.081s  
INFO: Event nb 40  0.11s  
INFO: Event nb 50  0.13s  
INFO: Event nb 60  0.16s  
INFO: Event nb 70  0.18s  
INFO: Event nb 80  0.21s  
INFO: Event nb 90  0.23s  
INFO: All event done  (nb_event: 100)  0.25s  
INFO: Event /pool/condor/dir_11911/genproductions/bin/MadGraph5_aMCatNLO/WmWpToLpNujj_01j_aTGC_pTW-150toInf_mWV-800toInf_4f_NLO_FXFX/WmWpToLpNujj_01j_aTGC_pTW-150toInf_mWV-800toInf_4f_NLO_FXFX_gridpack/work/processtmp/Events/pilotrun/events.lhe.gz_0.lhe have now the additional weight 
launch --rwgt_name=cwww5p4_cwm4p50_cb20
Do you want to edit a card (press enter to bypass editing)?
/------------------------------------------------------------\
|  [31m1[0m. param : [32mparam_card.dat[0m                                 |
|  [31m9[0m. plot  : [32mplot_card.dat[0m                                  |
\------------------------------------------------------------/
 you can also
   - enter the path to a valid card or banner.
   - use the 'set' command to modify a parameter directly.
     The set option works only for param_card and run_card.
     Type 'help set' for more information on this command.
   - call an external program (ASperGE/MadWidth/...).
     Type 'help' for the list of available command
 [[4m0[0m, done, 1, param, 9, plot, enter path]
>INFO: starts to compute weight for events with the following modification to the param_card: 
INFO: set param_card dim6 1 5.4 # orig: 3.6
KEEP:set param_card dim6 2 -4.5 # orig: 4.5
KEEP: 
INFO: Event nb 0 current time: 01h09 
INFO: Event nb 10  0.026s  
INFO: Event nb 20  0.048s  
INFO: Event nb 30  0.083s  
INFO: Event nb 40  0.11s  
INFO: Event nb 50  0.13s  
INFO: Event nb 60  0.16s  
INFO: Event nb 70  0.19s  
INFO: Event nb 80  0.21s  
INFO: Event nb 90  0.23s  
INFO: All event done  (nb_event: 100)  0.25s  
INFO: Event /pool/condor/dir_11911/genproductions/bin/MadGraph5_aMCatNLO/WmWpToLpNujj_01j_aTGC_pTW-150toInf_mWV-800toInf_4f_NLO_FXFX/WmWpToLpNujj_01j_aTGC_pTW-150toInf_mWV-800toInf_4f_NLO_FXFX_gridpack/work/processtmp/Events/pilotrun/events.lhe.gz_0.lhe have now the additional weight 
launch --rwgt_name=cwww5p4_cwm2p25_cbm20
Do you want to edit a card (press enter to bypass editing)?
/------------------------------------------------------------\
|  [31m1[0m. param : [32mparam_card.dat[0m                                 |
|  [31m9[0m. plot  : [32mplot_card.dat[0m                                  |
\------------------------------------------------------------/
 you can also
   - enter the path to a valid card or banner.
   - use the 'set' command to modify a parameter directly.
     The set option works only for param_card and run_card.
     Type 'help set' for more information on this command.
   - call an external program (ASperGE/MadWidth/...).
     Type 'help' for the list of available command
 [[4m0[0m, done, 1, param, 9, plot, enter path]
>INFO: starts to compute weight for events with the following modification to the param_card: 
INFO: set param_card dim6 1 5.4 # orig: 3.6
KEEP:set param_card dim6 2 -2.25 # orig: 4.5
KEEP:set param_card dim6 3 -20.0 # orig: 20.0
KEEP: 
INFO: Event nb 0 current time: 01h09 
INFO: Event nb 10  0.029s  
INFO: Event nb 20  0.05s  
INFO: Event nb 30  0.083s  
INFO: Event nb 40  0.11s  
INFO: Event nb 50  0.13s  
INFO: Event nb 60  0.15s  
INFO: Event nb 70  0.18s  
INFO: Event nb 80  0.2s  
INFO: Event nb 90  0.22s  
INFO: All event done  (nb_event: 100)  0.25s  
INFO: Event /pool/condor/dir_11911/genproductions/bin/MadGraph5_aMCatNLO/WmWpToLpNujj_01j_aTGC_pTW-150toInf_mWV-800toInf_4f_NLO_FXFX/WmWpToLpNujj_01j_aTGC_pTW-150toInf_mWV-800toInf_4f_NLO_FXFX_gridpack/work/processtmp/Events/pilotrun/events.lhe.gz_0.lhe have now the additional weight 
launch --rwgt_name=cwww5p4_cwm2p25_cbm10
Do you want to edit a card (press enter to bypass editing)?
/------------------------------------------------------------\
|  [31m1[0m. param : [32mparam_card.dat[0m                                 |
|  [31m9[0m. plot  : [32mplot_card.dat[0m                                  |
\------------------------------------------------------------/
 you can also
   - enter the path to a valid card or banner.
   - use the 'set' command to modify a parameter directly.
     The set option works only for param_card and run_card.
     Type 'help set' for more information on this command.
   - call an external program (ASperGE/MadWidth/...).
     Type 'help' for the list of available command
 [[4m0[0m, done, 1, param, 9, plot, enter path]
>INFO: starts to compute weight for events with the following modification to the param_card: 
INFO: set param_card dim6 1 5.4 # orig: 3.6
KEEP:set param_card dim6 2 -2.25 # orig: 4.5
KEEP:set param_card dim6 3 -10.0 # orig: 20.0
KEEP: 
INFO: Event nb 0 current time: 01h09 
INFO: Event nb 10  0.025s  
INFO: Event nb 20  0.045s  
INFO: Event nb 30  0.078s  
INFO: Event nb 40  0.11s  
INFO: Event nb 50  0.13s  
INFO: Event nb 60  0.15s  
INFO: Event nb 70  0.18s  
INFO: Event nb 80  0.19s  
INFO: Event nb 90  0.22s  
INFO: All event done  (nb_event: 100)  0.24s  
INFO: Event /pool/condor/dir_11911/genproductions/bin/MadGraph5_aMCatNLO/WmWpToLpNujj_01j_aTGC_pTW-150toInf_mWV-800toInf_4f_NLO_FXFX/WmWpToLpNujj_01j_aTGC_pTW-150toInf_mWV-800toInf_4f_NLO_FXFX_gridpack/work/processtmp/Events/pilotrun/events.lhe.gz_0.lhe have now the additional weight 
launch --rwgt_name=cwww5p4_cwm2p25_cb0
Do you want to edit a card (press enter to bypass editing)?
/------------------------------------------------------------\
|  [31m1[0m. param : [32mparam_card.dat[0m                                 |
|  [31m9[0m. plot  : [32mplot_card.dat[0m                                  |
\------------------------------------------------------------/
 you can also
   - enter the path to a valid card or banner.
   - use the 'set' command to modify a parameter directly.
     The set option works only for param_card and run_card.
     Type 'help set' for more information on this command.
   - call an external program (ASperGE/MadWidth/...).
     Type 'help' for the list of available command
 [[4m0[0m, done, 1, param, 9, plot, enter path]
>INFO: starts to compute weight for events with the following modification to the param_card: 
INFO: set param_card dim6 1 5.4 # orig: 3.6
KEEP:set param_card dim6 2 -2.25 # orig: 4.5
KEEP:set param_card dim6 3 0.0 # orig: 20.0
KEEP: 
INFO: Event nb 0 current time: 01h09 
INFO: Event nb 10  0.027s  
INFO: Event nb 20  0.048s  
INFO: Event nb 30  0.083s  
INFO: Event nb 40  0.11s  
INFO: Event nb 50  0.13s  
INFO: Event nb 60  0.16s  
INFO: Event nb 70  0.18s  
INFO: Event nb 80  0.2s  
INFO: Event nb 90  0.23s  
INFO: All event done  (nb_event: 100)  0.25s  
INFO: Event /pool/condor/dir_11911/genproductions/bin/MadGraph5_aMCatNLO/WmWpToLpNujj_01j_aTGC_pTW-150toInf_mWV-800toInf_4f_NLO_FXFX/WmWpToLpNujj_01j_aTGC_pTW-150toInf_mWV-800toInf_4f_NLO_FXFX_gridpack/work/processtmp/Events/pilotrun/events.lhe.gz_0.lhe have now the additional weight 
launch --rwgt_name=cwww5p4_cwm2p25_cb10
Do you want to edit a card (press enter to bypass editing)?
/------------------------------------------------------------\
|  [31m1[0m. param : [32mparam_card.dat[0m                                 |
|  [31m9[0m. plot  : [32mplot_card.dat[0m                                  |
\------------------------------------------------------------/
 you can also
   - enter the path to a valid card or banner.
   - use the 'set' command to modify a parameter directly.
     The set option works only for param_card and run_card.
     Type 'help set' for more information on this command.
   - call an external program (ASperGE/MadWidth/...).
     Type 'help' for the list of available command
 [[4m0[0m, done, 1, param, 9, plot, enter path]
>INFO: starts to compute weight for events with the following modification to the param_card: 
INFO: set param_card dim6 1 5.4 # orig: 3.6
KEEP:set param_card dim6 2 -2.25 # orig: 4.5
KEEP:set param_card dim6 3 10.0 # orig: 20.0
KEEP: 
INFO: Event nb 0 current time: 01h09 
INFO: Event nb 10  0.025s  
INFO: Event nb 20  0.046s  
INFO: Event nb 30  0.079s  
INFO: Event nb 40  0.11s  
INFO: Event nb 50  0.13s  
INFO: Event nb 60  0.15s  
INFO: Event nb 70  0.18s  
INFO: Event nb 80  0.2s  
INFO: Event nb 90  0.22s  
INFO: All event done  (nb_event: 100)  0.24s  
INFO: Event /pool/condor/dir_11911/genproductions/bin/MadGraph5_aMCatNLO/WmWpToLpNujj_01j_aTGC_pTW-150toInf_mWV-800toInf_4f_NLO_FXFX/WmWpToLpNujj_01j_aTGC_pTW-150toInf_mWV-800toInf_4f_NLO_FXFX_gridpack/work/processtmp/Events/pilotrun/events.lhe.gz_0.lhe have now the additional weight 
launch --rwgt_name=cwww5p4_cwm2p25_cb20
Do you want to edit a card (press enter to bypass editing)?
/------------------------------------------------------------\
|  [31m1[0m. param : [32mparam_card.dat[0m                                 |
|  [31m9[0m. plot  : [32mplot_card.dat[0m                                  |
\------------------------------------------------------------/
 you can also
   - enter the path to a valid card or banner.
   - use the 'set' command to modify a parameter directly.
     The set option works only for param_card and run_card.
     Type 'help set' for more information on this command.
   - call an external program (ASperGE/MadWidth/...).
     Type 'help' for the list of available command
 [[4m0[0m, done, 1, param, 9, plot, enter path]
>INFO: starts to compute weight for events with the following modification to the param_card: 
INFO: set param_card dim6 1 5.4 # orig: 3.6
KEEP:set param_card dim6 2 -2.25 # orig: 4.5
KEEP: 
INFO: Event nb 0 current time: 01h09 
INFO: Event nb 10  0.026s  
INFO: Event nb 20  0.047s  
INFO: Event nb 30  0.081s  
INFO: Event nb 40  0.11s  
INFO: Event nb 50  0.13s  
INFO: Event nb 60  0.16s  
INFO: Event nb 70  0.19s  
INFO: Event nb 80  0.21s  
INFO: Event nb 90  0.23s  
INFO: All event done  (nb_event: 100)  0.25s  
INFO: Event /pool/condor/dir_11911/genproductions/bin/MadGraph5_aMCatNLO/WmWpToLpNujj_01j_aTGC_pTW-150toInf_mWV-800toInf_4f_NLO_FXFX/WmWpToLpNujj_01j_aTGC_pTW-150toInf_mWV-800toInf_4f_NLO_FXFX_gridpack/work/processtmp/Events/pilotrun/events.lhe.gz_0.lhe have now the additional weight 
launch --rwgt_name=cwww5p4_cw0p00_cbm20
Do you want to edit a card (press enter to bypass editing)?
/------------------------------------------------------------\
|  [31m1[0m. param : [32mparam_card.dat[0m                                 |
|  [31m9[0m. plot  : [32mplot_card.dat[0m                                  |
\------------------------------------------------------------/
 you can also
   - enter the path to a valid card or banner.
   - use the 'set' command to modify a parameter directly.
     The set option works only for param_card and run_card.
     Type 'help set' for more information on this command.
   - call an external program (ASperGE/MadWidth/...).
     Type 'help' for the list of available command
 [[4m0[0m, done, 1, param, 9, plot, enter path]
>INFO: starts to compute weight for events with the following modification to the param_card: 
INFO: set param_card dim6 1 5.4 # orig: 3.6
KEEP:set param_card dim6 2 0.0 # orig: 4.5
KEEP:set param_card dim6 3 -20.0 # orig: 20.0
KEEP: 
INFO: Event nb 0 current time: 01h09 
INFO: Event nb 10  0.025s  
INFO: Event nb 20  0.045s  
INFO: Event nb 30  0.079s  
INFO: Event nb 40  0.11s  
INFO: Event nb 50  0.13s  
INFO: Event nb 60  0.15s  
INFO: Event nb 70  0.18s  
INFO: Event nb 80  0.2s  
INFO: Event nb 90  0.23s  
INFO: All event done  (nb_event: 100)  0.25s  
INFO: Event /pool/condor/dir_11911/genproductions/bin/MadGraph5_aMCatNLO/WmWpToLpNujj_01j_aTGC_pTW-150toInf_mWV-800toInf_4f_NLO_FXFX/WmWpToLpNujj_01j_aTGC_pTW-150toInf_mWV-800toInf_4f_NLO_FXFX_gridpack/work/processtmp/Events/pilotrun/events.lhe.gz_0.lhe have now the additional weight 
launch --rwgt_name=cwww5p4_cw0p00_cbm10
Do you want to edit a card (press enter to bypass editing)?
/------------------------------------------------------------\
|  [31m1[0m. param : [32mparam_card.dat[0m                                 |
|  [31m9[0m. plot  : [32mplot_card.dat[0m                                  |
\------------------------------------------------------------/
 you can also
   - enter the path to a valid card or banner.
   - use the 'set' command to modify a parameter directly.
     The set option works only for param_card and run_card.
     Type 'help set' for more information on this command.
   - call an external program (ASperGE/MadWidth/...).
     Type 'help' for the list of available command
 [[4m0[0m, done, 1, param, 9, plot, enter path]
>INFO: starts to compute weight for events with the following modification to the param_card: 
INFO: set param_card dim6 1 5.4 # orig: 3.6
KEEP:set param_card dim6 2 0.0 # orig: 4.5
KEEP:set param_card dim6 3 -10.0 # orig: 20.0
KEEP: 
INFO: Event nb 0 current time: 01h09 
INFO: Event nb 10  0.028s  
INFO: Event nb 20  0.051s  
INFO: Event nb 30  0.088s  
INFO: Event nb 40  0.12s  
INFO: Event nb 50  0.14s  
INFO: Event nb 60  0.17s  
INFO: Event nb 70  0.2s  
INFO: Event nb 80  0.22s  
INFO: Event nb 90  0.25s  
INFO: All event done  (nb_event: 100)  0.27s  
INFO: Event /pool/condor/dir_11911/genproductions/bin/MadGraph5_aMCatNLO/WmWpToLpNujj_01j_aTGC_pTW-150toInf_mWV-800toInf_4f_NLO_FXFX/WmWpToLpNujj_01j_aTGC_pTW-150toInf_mWV-800toInf_4f_NLO_FXFX_gridpack/work/processtmp/Events/pilotrun/events.lhe.gz_0.lhe have now the additional weight 
launch --rwgt_name=cwww5p4_cw0p00_cb0
Do you want to edit a card (press enter to bypass editing)?
/------------------------------------------------------------\
|  [31m1[0m. param : [32mparam_card.dat[0m                                 |
|  [31m9[0m. plot  : [32mplot_card.dat[0m                                  |
\------------------------------------------------------------/
 you can also
   - enter the path to a valid card or banner.
   - use the 'set' command to modify a parameter directly.
     The set option works only for param_card and run_card.
     Type 'help set' for more information on this command.
   - call an external program (ASperGE/MadWidth/...).
     Type 'help' for the list of available command
 [[4m0[0m, done, 1, param, 9, plot, enter path]
>INFO: starts to compute weight for events with the following modification to the param_card: 
INFO: set param_card dim6 1 5.4 # orig: 3.6
KEEP:set param_card dim6 2 0.0 # orig: 4.5
KEEP:set param_card dim6 3 0.0 # orig: 20.0
KEEP: 
INFO: Event nb 0 current time: 01h09 
INFO: Event nb 10  0.025s  
INFO: Event nb 20  0.045s  
INFO: Event nb 30  0.079s  
INFO: Event nb 40  0.11s  
INFO: Event nb 50  0.13s  
INFO: Event nb 60  0.15s  
INFO: Event nb 70  0.18s  
INFO: Event nb 80  0.2s  
INFO: Event nb 90  0.22s  
INFO: All event done  (nb_event: 100)  0.24s  
INFO: Event /pool/condor/dir_11911/genproductions/bin/MadGraph5_aMCatNLO/WmWpToLpNujj_01j_aTGC_pTW-150toInf_mWV-800toInf_4f_NLO_FXFX/WmWpToLpNujj_01j_aTGC_pTW-150toInf_mWV-800toInf_4f_NLO_FXFX_gridpack/work/processtmp/Events/pilotrun/events.lhe.gz_0.lhe have now the additional weight 
launch --rwgt_name=cwww5p4_cw0p00_cb10
Do you want to edit a card (press enter to bypass editing)?
/------------------------------------------------------------\
|  [31m1[0m. param : [32mparam_card.dat[0m                                 |
|  [31m9[0m. plot  : [32mplot_card.dat[0m                                  |
\------------------------------------------------------------/
 you can also
   - enter the path to a valid card or banner.
   - use the 'set' command to modify a parameter directly.
     The set option works only for param_card and run_card.
     Type 'help set' for more information on this command.
   - call an external program (ASperGE/MadWidth/...).
     Type 'help' for the list of available command
 [[4m0[0m, done, 1, param, 9, plot, enter path]
>INFO: starts to compute weight for events with the following modification to the param_card: 
INFO: set param_card dim6 1 5.4 # orig: 3.6
KEEP:set param_card dim6 2 0.0 # orig: 4.5
KEEP:set param_card dim6 3 10.0 # orig: 20.0
KEEP: 
INFO: Event nb 0 current time: 01h09 
INFO: Event nb 10  0.025s  
INFO: Event nb 20  0.046s  
INFO: Event nb 30  0.079s  
INFO: Event nb 40  0.11s  
INFO: Event nb 50  0.13s  
INFO: Event nb 60  0.15s  
INFO: Event nb 70  0.18s  
INFO: Event nb 80  0.2s  
INFO: Event nb 90  0.22s  
INFO: All event done  (nb_event: 100)  0.24s  
INFO: Event /pool/condor/dir_11911/genproductions/bin/MadGraph5_aMCatNLO/WmWpToLpNujj_01j_aTGC_pTW-150toInf_mWV-800toInf_4f_NLO_FXFX/WmWpToLpNujj_01j_aTGC_pTW-150toInf_mWV-800toInf_4f_NLO_FXFX_gridpack/work/processtmp/Events/pilotrun/events.lhe.gz_0.lhe have now the additional weight 
launch --rwgt_name=cwww5p4_cw0p00_cb20
Do you want to edit a card (press enter to bypass editing)?
/------------------------------------------------------------\
|  [31m1[0m. param : [32mparam_card.dat[0m                                 |
|  [31m9[0m. plot  : [32mplot_card.dat[0m                                  |
\------------------------------------------------------------/
 you can also
   - enter the path to a valid card or banner.
   - use the 'set' command to modify a parameter directly.
     The set option works only for param_card and run_card.
     Type 'help set' for more information on this command.
   - call an external program (ASperGE/MadWidth/...).
     Type 'help' for the list of available command
 [[4m0[0m, done, 1, param, 9, plot, enter path]
>INFO: starts to compute weight for events with the following modification to the param_card: 
INFO: set param_card dim6 1 5.4 # orig: 3.6
KEEP:set param_card dim6 2 0.0 # orig: 4.5
KEEP: 
INFO: Event nb 0 current time: 01h09 
INFO: Event nb 10  0.026s  
INFO: Event nb 20  0.048s  
INFO: Event nb 30  0.082s  
INFO: Event nb 40  0.11s  
INFO: Event nb 50  0.13s  
INFO: Event nb 60  0.18s  
INFO: Event nb 70  0.21s  
INFO: Event nb 80  0.23s  
INFO: Event nb 90  0.25s  
INFO: All event done  (nb_event: 100)  0.27s  
INFO: Event /pool/condor/dir_11911/genproductions/bin/MadGraph5_aMCatNLO/WmWpToLpNujj_01j_aTGC_pTW-150toInf_mWV-800toInf_4f_NLO_FXFX/WmWpToLpNujj_01j_aTGC_pTW-150toInf_mWV-800toInf_4f_NLO_FXFX_gridpack/work/processtmp/Events/pilotrun/events.lhe.gz_0.lhe have now the additional weight 
launch --rwgt_name=cwww5p4_cw2p25_cbm20
Do you want to edit a card (press enter to bypass editing)?
/------------------------------------------------------------\
|  [31m1[0m. param : [32mparam_card.dat[0m                                 |
|  [31m9[0m. plot  : [32mplot_card.dat[0m                                  |
\------------------------------------------------------------/
 you can also
   - enter the path to a valid card or banner.
   - use the 'set' command to modify a parameter directly.
     The set option works only for param_card and run_card.
     Type 'help set' for more information on this command.
   - call an external program (ASperGE/MadWidth/...).
     Type 'help' for the list of available command
 [[4m0[0m, done, 1, param, 9, plot, enter path]
>INFO: starts to compute weight for events with the following modification to the param_card: 
INFO: set param_card dim6 1 5.4 # orig: 3.6
KEEP:set param_card dim6 2 2.25 # orig: 4.5
KEEP:set param_card dim6 3 -20.0 # orig: 20.0
KEEP: 
INFO: Event nb 0 current time: 01h09 
INFO: Event nb 10  0.025s  
INFO: Event nb 20  0.046s  
INFO: Event nb 30  0.08s  
INFO: Event nb 40  0.11s  
INFO: Event nb 50  0.13s  
INFO: Event nb 60  0.15s  
INFO: Event nb 70  0.18s  
INFO: Event nb 80  0.2s  
INFO: Event nb 90  0.22s  
INFO: All event done  (nb_event: 100)  0.25s  
INFO: Event /pool/condor/dir_11911/genproductions/bin/MadGraph5_aMCatNLO/WmWpToLpNujj_01j_aTGC_pTW-150toInf_mWV-800toInf_4f_NLO_FXFX/WmWpToLpNujj_01j_aTGC_pTW-150toInf_mWV-800toInf_4f_NLO_FXFX_gridpack/work/processtmp/Events/pilotrun/events.lhe.gz_0.lhe have now the additional weight 
launch --rwgt_name=cwww5p4_cw2p25_cbm10
Do you want to edit a card (press enter to bypass editing)?
/------------------------------------------------------------\
|  [31m1[0m. param : [32mparam_card.dat[0m                                 |
|  [31m9[0m. plot  : [32mplot_card.dat[0m                                  |
\------------------------------------------------------------/
 you can also
   - enter the path to a valid card or banner.
   - use the 'set' command to modify a parameter directly.
     The set option works only for param_card and run_card.
     Type 'help set' for more information on this command.
   - call an external program (ASperGE/MadWidth/...).
     Type 'help' for the list of available command
 [[4m0[0m, done, 1, param, 9, plot, enter path]
>INFO: starts to compute weight for events with the following modification to the param_card: 
INFO: set param_card dim6 1 5.4 # orig: 3.6
KEEP:set param_card dim6 2 2.25 # orig: 4.5
KEEP:set param_card dim6 3 -10.0 # orig: 20.0
KEEP: 
INFO: Event nb 0 current time: 01h09 
INFO: Event nb 10  0.025s  
INFO: Event nb 20  0.046s  
INFO: Event nb 30  0.08s  
INFO: Event nb 40  0.11s  
INFO: Event nb 50  0.13s  
INFO: Event nb 60  0.15s  
INFO: Event nb 70  0.18s  
INFO: Event nb 80  0.2s  
INFO: Event nb 90  0.22s  
INFO: All event done  (nb_event: 100)  0.24s  
INFO: Event /pool/condor/dir_11911/genproductions/bin/MadGraph5_aMCatNLO/WmWpToLpNujj_01j_aTGC_pTW-150toInf_mWV-800toInf_4f_NLO_FXFX/WmWpToLpNujj_01j_aTGC_pTW-150toInf_mWV-800toInf_4f_NLO_FXFX_gridpack/work/processtmp/Events/pilotrun/events.lhe.gz_0.lhe have now the additional weight 
launch --rwgt_name=cwww5p4_cw2p25_cb0
Do you want to edit a card (press enter to bypass editing)?
/------------------------------------------------------------\
|  [31m1[0m. param : [32mparam_card.dat[0m                                 |
|  [31m9[0m. plot  : [32mplot_card.dat[0m                                  |
\------------------------------------------------------------/
 you can also
   - enter the path to a valid card or banner.
   - use the 'set' command to modify a parameter directly.
     The set option works only for param_card and run_card.
     Type 'help set' for more information on this command.
   - call an external program (ASperGE/MadWidth/...).
     Type 'help' for the list of available command
 [[4m0[0m, done, 1, param, 9, plot, enter path]
>INFO: starts to compute weight for events with the following modification to the param_card: 
INFO: set param_card dim6 1 5.4 # orig: 3.6
KEEP:set param_card dim6 2 2.25 # orig: 4.5
KEEP:set param_card dim6 3 0.0 # orig: 20.0
KEEP: 
INFO: Event nb 0 current time: 01h09 
INFO: Event nb 10  0.025s  
INFO: Event nb 20  0.046s  
INFO: Event nb 30  0.08s  
INFO: Event nb 40  0.11s  
INFO: Event nb 50  0.13s  
INFO: Event nb 60  0.15s  
INFO: Event nb 70  0.18s  
INFO: Event nb 80  0.2s  
INFO: Event nb 90  0.23s  
INFO: All event done  (nb_event: 100)  0.25s  
INFO: Event /pool/condor/dir_11911/genproductions/bin/MadGraph5_aMCatNLO/WmWpToLpNujj_01j_aTGC_pTW-150toInf_mWV-800toInf_4f_NLO_FXFX/WmWpToLpNujj_01j_aTGC_pTW-150toInf_mWV-800toInf_4f_NLO_FXFX_gridpack/work/processtmp/Events/pilotrun/events.lhe.gz_0.lhe have now the additional weight 
launch --rwgt_name=cwww5p4_cw2p25_cb10
Do you want to edit a card (press enter to bypass editing)?
/------------------------------------------------------------\
|  [31m1[0m. param : [32mparam_card.dat[0m                                 |
|  [31m9[0m. plot  : [32mplot_card.dat[0m                                  |
\------------------------------------------------------------/
 you can also
   - enter the path to a valid card or banner.
   - use the 'set' command to modify a parameter directly.
     The set option works only for param_card and run_card.
     Type 'help set' for more information on this command.
   - call an external program (ASperGE/MadWidth/...).
     Type 'help' for the list of available command
 [[4m0[0m, done, 1, param, 9, plot, enter path]
>INFO: starts to compute weight for events with the following modification to the param_card: 
INFO: set param_card dim6 1 5.4 # orig: 3.6
KEEP:set param_card dim6 2 2.25 # orig: 4.5
KEEP:set param_card dim6 3 10.0 # orig: 20.0
KEEP: 
INFO: Event nb 0 current time: 01h09 
INFO: Event nb 10  0.027s  
INFO: Event nb 20  0.048s  
INFO: Event nb 30  0.082s  
INFO: Event nb 40  0.11s  
INFO: Event nb 50  0.13s  
INFO: Event nb 60  0.15s  
INFO: Event nb 70  0.18s  
INFO: Event nb 80  0.2s  
INFO: Event nb 90  0.23s  
INFO: All event done  (nb_event: 100)  0.25s  
INFO: Event /pool/condor/dir_11911/genproductions/bin/MadGraph5_aMCatNLO/WmWpToLpNujj_01j_aTGC_pTW-150toInf_mWV-800toInf_4f_NLO_FXFX/WmWpToLpNujj_01j_aTGC_pTW-150toInf_mWV-800toInf_4f_NLO_FXFX_gridpack/work/processtmp/Events/pilotrun/events.lhe.gz_0.lhe have now the additional weight 
launch --rwgt_name=cwww5p4_cw2p25_cb20
Do you want to edit a card (press enter to bypass editing)?
/------------------------------------------------------------\
|  [31m1[0m. param : [32mparam_card.dat[0m                                 |
|  [31m9[0m. plot  : [32mplot_card.dat[0m                                  |
\------------------------------------------------------------/
 you can also
   - enter the path to a valid card or banner.
   - use the 'set' command to modify a parameter directly.
     The set option works only for param_card and run_card.
     Type 'help set' for more information on this command.
   - call an external program (ASperGE/MadWidth/...).
     Type 'help' for the list of available command
 [[4m0[0m, done, 1, param, 9, plot, enter path]
>INFO: starts to compute weight for events with the following modification to the param_card: 
INFO: set param_card dim6 1 5.4 # orig: 3.6
KEEP:set param_card dim6 2 2.25 # orig: 4.5
KEEP: 
INFO: Event nb 0 current time: 01h09 
INFO: Event nb 10  0.025s  
INFO: Event nb 20  0.046s  
INFO: Event nb 30  0.08s  
INFO: Event nb 40  0.11s  
INFO: Event nb 50  0.13s  
INFO: Event nb 60  0.15s  
INFO: Event nb 70  0.18s  
INFO: Event nb 80  0.2s  
INFO: Event nb 90  0.22s  
INFO: All event done  (nb_event: 100)  0.25s  
INFO: Event /pool/condor/dir_11911/genproductions/bin/MadGraph5_aMCatNLO/WmWpToLpNujj_01j_aTGC_pTW-150toInf_mWV-800toInf_4f_NLO_FXFX/WmWpToLpNujj_01j_aTGC_pTW-150toInf_mWV-800toInf_4f_NLO_FXFX_gridpack/work/processtmp/Events/pilotrun/events.lhe.gz_0.lhe have now the additional weight 
launch --rwgt_name=cwww5p4_cw4p50_cbm20
Do you want to edit a card (press enter to bypass editing)?
/------------------------------------------------------------\
|  [31m1[0m. param : [32mparam_card.dat[0m                                 |
|  [31m9[0m. plot  : [32mplot_card.dat[0m                                  |
\------------------------------------------------------------/
 you can also
   - enter the path to a valid card or banner.
   - use the 'set' command to modify a parameter directly.
     The set option works only for param_card and run_card.
     Type 'help set' for more information on this command.
   - call an external program (ASperGE/MadWidth/...).
     Type 'help' for the list of available command
 [[4m0[0m, done, 1, param, 9, plot, enter path]
>INFO: starts to compute weight for events with the following modification to the param_card: 
INFO: set param_card dim6 1 5.4 # orig: 3.6
KEEP:set param_card dim6 3 -20.0 # orig: 20.0
KEEP: 
INFO: Event nb 0 current time: 01h09 
INFO: Event nb 10  0.025s  
INFO: Event nb 20  0.046s  
INFO: Event nb 30  0.08s  
INFO: Event nb 40  0.11s  
INFO: Event nb 50  0.13s  
INFO: Event nb 60  0.15s  
INFO: Event nb 70  0.18s  
INFO: Event nb 80  0.2s  
INFO: Event nb 90  0.23s  
INFO: All event done  (nb_event: 100)  0.25s  
INFO: Event /pool/condor/dir_11911/genproductions/bin/MadGraph5_aMCatNLO/WmWpToLpNujj_01j_aTGC_pTW-150toInf_mWV-800toInf_4f_NLO_FXFX/WmWpToLpNujj_01j_aTGC_pTW-150toInf_mWV-800toInf_4f_NLO_FXFX_gridpack/work/processtmp/Events/pilotrun/events.lhe.gz_0.lhe have now the additional weight 
launch --rwgt_name=cwww5p4_cw4p50_cbm10
Do you want to edit a card (press enter to bypass editing)?
/------------------------------------------------------------\
|  [31m1[0m. param : [32mparam_card.dat[0m                                 |
|  [31m9[0m. plot  : [32mplot_card.dat[0m                                  |
\------------------------------------------------------------/
 you can also
   - enter the path to a valid card or banner.
   - use the 'set' command to modify a parameter directly.
     The set option works only for param_card and run_card.
     Type 'help set' for more information on this command.
   - call an external program (ASperGE/MadWidth/...).
     Type 'help' for the list of available command
 [[4m0[0m, done, 1, param, 9, plot, enter path]
>INFO: starts to compute weight for events with the following modification to the param_card: 
INFO: set param_card dim6 1 5.4 # orig: 3.6
KEEP:set param_card dim6 3 -10.0 # orig: 20.0
KEEP: 
INFO: Event nb 0 current time: 01h09 
INFO: Event nb 10  0.025s  
INFO: Event nb 20  0.046s  
INFO: Event nb 30  0.08s  
INFO: Event nb 40  0.11s  
INFO: Event nb 50  0.13s  
INFO: Event nb 60  0.15s  
INFO: Event nb 70  0.18s  
INFO: Event nb 80  0.2s  
INFO: Event nb 90  0.23s  
INFO: All event done  (nb_event: 100)  0.25s  
INFO: Event /pool/condor/dir_11911/genproductions/bin/MadGraph5_aMCatNLO/WmWpToLpNujj_01j_aTGC_pTW-150toInf_mWV-800toInf_4f_NLO_FXFX/WmWpToLpNujj_01j_aTGC_pTW-150toInf_mWV-800toInf_4f_NLO_FXFX_gridpack/work/processtmp/Events/pilotrun/events.lhe.gz_0.lhe have now the additional weight 
launch --rwgt_name=cwww5p4_cw4p50_cb0
Do you want to edit a card (press enter to bypass editing)?
/------------------------------------------------------------\
|  [31m1[0m. param : [32mparam_card.dat[0m                                 |
|  [31m9[0m. plot  : [32mplot_card.dat[0m                                  |
\------------------------------------------------------------/
 you can also
   - enter the path to a valid card or banner.
   - use the 'set' command to modify a parameter directly.
     The set option works only for param_card and run_card.
     Type 'help set' for more information on this command.
   - call an external program (ASperGE/MadWidth/...).
     Type 'help' for the list of available command
 [[4m0[0m, done, 1, param, 9, plot, enter path]
>INFO: starts to compute weight for events with the following modification to the param_card: 
INFO: set param_card dim6 1 5.4 # orig: 3.6
KEEP:set param_card dim6 3 0.0 # orig: 20.0
KEEP: 
INFO: Event nb 0 current time: 01h09 
INFO: Event nb 10  0.025s  
INFO: Event nb 20  0.047s  
INFO: Event nb 30  0.081s  
INFO: Event nb 40  0.11s  
INFO: Event nb 50  0.13s  
INFO: Event nb 60  0.15s  
INFO: Event nb 70  0.18s  
INFO: Event nb 80  0.2s  
INFO: Event nb 90  0.23s  
INFO: All event done  (nb_event: 100)  0.25s  
INFO: Event /pool/condor/dir_11911/genproductions/bin/MadGraph5_aMCatNLO/WmWpToLpNujj_01j_aTGC_pTW-150toInf_mWV-800toInf_4f_NLO_FXFX/WmWpToLpNujj_01j_aTGC_pTW-150toInf_mWV-800toInf_4f_NLO_FXFX_gridpack/work/processtmp/Events/pilotrun/events.lhe.gz_0.lhe have now the additional weight 
launch --rwgt_name=cwww5p4_cw4p50_cb10
Do you want to edit a card (press enter to bypass editing)?
/------------------------------------------------------------\
|  [31m1[0m. param : [32mparam_card.dat[0m                                 |
|  [31m9[0m. plot  : [32mplot_card.dat[0m                                  |
\------------------------------------------------------------/
 you can also
   - enter the path to a valid card or banner.
   - use the 'set' command to modify a parameter directly.
     The set option works only for param_card and run_card.
     Type 'help set' for more information on this command.
   - call an external program (ASperGE/MadWidth/...).
     Type 'help' for the list of available command
 [[4m0[0m, done, 1, param, 9, plot, enter path]
>INFO: starts to compute weight for events with the following modification to the param_card: 
INFO: set param_card dim6 1 5.4 # orig: 3.6
KEEP:set param_card dim6 3 10.0 # orig: 20.0
KEEP: 
INFO: Event nb 0 current time: 01h09 
INFO: Event nb 10  0.025s  
INFO: Event nb 20  0.047s  
INFO: Event nb 30  0.081s  
INFO: Event nb 40  0.11s  
INFO: Event nb 50  0.13s  
INFO: Event nb 60  0.15s  
INFO: Event nb 70  0.18s  
INFO: Event nb 80  0.2s  
INFO: Event nb 90  0.23s  
INFO: All event done  (nb_event: 100)  0.25s  
INFO: Event /pool/condor/dir_11911/genproductions/bin/MadGraph5_aMCatNLO/WmWpToLpNujj_01j_aTGC_pTW-150toInf_mWV-800toInf_4f_NLO_FXFX/WmWpToLpNujj_01j_aTGC_pTW-150toInf_mWV-800toInf_4f_NLO_FXFX_gridpack/work/processtmp/Events/pilotrun/events.lhe.gz_0.lhe have now the additional weight 
launch --rwgt_name=cwww5p4_cw4p50_cb20
Do you want to edit a card (press enter to bypass editing)?
/------------------------------------------------------------\
|  [31m1[0m. param : [32mparam_card.dat[0m                                 |
|  [31m9[0m. plot  : [32mplot_card.dat[0m                                  |
\------------------------------------------------------------/
 you can also
   - enter the path to a valid card or banner.
   - use the 'set' command to modify a parameter directly.
     The set option works only for param_card and run_card.
     Type 'help set' for more information on this command.
   - call an external program (ASperGE/MadWidth/...).
     Type 'help' for the list of available command
 [[4m0[0m, done, 1, param, 9, plot, enter path]
>INFO: starts to compute weight for events with the following modification to the param_card: 
INFO: set param_card dim6 1 5.4 # orig: 3.6
KEEP: 
INFO: Event nb 0 current time: 01h09 
INFO: Event nb 10  0.025s  
INFO: Event nb 20  0.047s  
INFO: Event nb 30  0.081s  
INFO: Event nb 40  0.11s  
INFO: Event nb 50  0.13s  
INFO: Event nb 60  0.15s  
INFO: Event nb 70  0.18s  
INFO: Event nb 80  0.2s  
INFO: Event nb 90  0.23s  
INFO: All event done  (nb_event: 100)  0.25s  
INFO: Event /pool/condor/dir_11911/genproductions/bin/MadGraph5_aMCatNLO/WmWpToLpNujj_01j_aTGC_pTW-150toInf_mWV-800toInf_4f_NLO_FXFX/WmWpToLpNujj_01j_aTGC_pTW-150toInf_mWV-800toInf_4f_NLO_FXFX_gridpack/work/processtmp/Events/pilotrun/events.lhe.gz_0.lhe have now the additional weight 
INFO: quit rwgt 
quit
INFO:  
INFO:  Idle: 0,  Running: 9,  Completed: 1 [  3m 43s  ] 
