Cloning into 'genproductions'...
Running gridpack generation step ALL
Starting job on  Wed Nov 30 11:18:03 CET 2022
Running on  Linux b7s04p9170.cern.ch 3.10.0-1160.76.1.el7.x86_64 #1 SMP Wed Aug 10 16:21:17 UTC 2022 x86_64 x86_64 x86_64 GNU/Linux
System release  CentOS Linux release 7.9.2009 (Core)
name: WmWpToLmNujj_01j_aTGC_pTW-150toInf_mWV-150to600_4f_NLO_FXFX
carddir: cards_to_run
queue: local
scram_arch: slc7_amd64_gcc700
cmssw_version: CMSSW_12_4_8
# On branch mg299_VVaTGC
# Changes not staged for commit:
#   (use "git add <file>..." to update what will be committed)
#   (use "git checkout -- <file>..." to discard changes in working directory)
#
#	modified:   gridpack_generation.sh
#
# Untracked files:
#   (use "git add <file>..." to include in what will be committed)
#
#	WmWpToLmNujj_01j_aTGC_pTW-150toInf_mWV-150to600_4f_NLO_FXFX.log
#	cards_to_run/
no changes added to commit (use "git add" and/or "git commit -a")
Current git revision is:
193b95be58ea02ac91f59b1ee3addad7f07fa144
diff --git a/bin/MadGraph5_aMCatNLO/gridpack_generation.sh b/bin/MadGraph5_aMCatNLO/gridpack_generation.sh
index 6da1464..d623d8b 100755
--- a/bin/MadGraph5_aMCatNLO/gridpack_generation.sh
+++ b/bin/MadGraph5_aMCatNLO/gridpack_generation.sh
@@ -535,7 +535,7 @@ make_gridpack () {
       fi
       echo "done" >> makegrid.dat
 
-      cat makegrid.dat | ./bin/generate_events -n pilotrun
+      cat makegrid.dat | ./bin/generate_events --nb_core=16 -n pilotrun
       # Run this step separately in debug mode since it gives so many problems
       if [ -e $CARDSDIR/${name}_reweight_card.dat ]; then
           echo "preparing reweighting step"
@@ -590,7 +590,7 @@ make_gridpack () {
       echo "done" >> makegrid.dat
     
     #   set +e
-      cat makegrid.dat | ./bin/generate_events pilotrun
+      cat makegrid.dat | ./bin/generate_events --nb_core=16 pilotrun
       echo "finished pilot run"
     
       cd $WORKDIR
/pool/condor/dir_17067/genproductions/bin/MadGraph5_aMCatNLO
WARNING: In non-interactive mode release checks e.g. deprecated releases, production architectures are disabled.
WARNING: In non-interactive mode release checks e.g. deprecated releases, production architectures are disabled.
--2022-11-30 11:18:06--  https://launchpad.net/mg5amcnlo/3.0/3.4.x/+download/MG5_aMC_v2.9.12.tar.gz
Resolving launchpad.net (launchpad.net)... 2620:2d:4000:1001::8004, 2620:2d:4000:1001::8003, 185.125.189.223, ...
Connecting to launchpad.net (launchpad.net)|2620:2d:4000:1001::8004|:443... connected.
HTTP request sent, awaiting response... 303 See Other
Location: https://launchpadlibrarian.net/618931400/MG5_aMC_v2.9.12.tar.gz [following]
--2022-11-30 11:18:06--  https://launchpadlibrarian.net/618931400/MG5_aMC_v2.9.12.tar.gz
Resolving launchpadlibrarian.net (launchpadlibrarian.net)... 2620:2d:4000:1001::8007, 2620:2d:4000:1001::8008, 185.125.189.229, ...
Connecting to launchpadlibrarian.net (launchpadlibrarian.net)|2620:2d:4000:1001::8007|:443... connected.
HTTP request sent, awaiting response... 200 OK
Length: 26567366 (25M) [application/x-tar]
Saving to: 'MG5_aMC_v2.9.12.tar.gz'

     0K .......... .......... .......... .......... ..........  0% 2.25M 11s
    50K .......... .......... .......... .......... ..........  0% 1.68M 13s
   100K .......... .......... .......... .......... ..........  0% 3.16M 11s
   150K .......... .......... .......... .......... ..........  0% 5.87M 10s
   200K .......... .......... .......... .......... ..........  0% 6.19M 8s
   250K .......... .......... .......... .......... ..........  1% 7.43M 8s
   300K .......... .......... .......... .......... ..........  1% 10.9M 7s
   350K .......... .......... .......... .......... ..........  1% 12.4M 6s
   400K .......... .......... .......... .......... ..........  1% 11.9M 6s
   450K .......... .......... .......... .......... ..........  1% 13.1M 5s
   500K .......... .......... .......... .......... ..........  2% 12.9M 5s
   550K .......... .......... .......... .......... ..........  2% 27.5M 5s
   600K .......... .......... .......... .......... ..........  2% 17.1M 4s
   650K .......... .......... .......... .......... ..........  2% 23.1M 4s
   700K .......... .......... .......... .......... ..........  2% 18.1M 4s
   750K .......... .......... .......... .......... ..........  3% 28.0M 4s
   800K .......... .......... .......... .......... ..........  3% 27.8M 4s
   850K .......... .......... .......... .......... ..........  3% 26.2M 3s
   900K .......... .......... .......... .......... ..........  3% 31.7M 3s
   950K .......... .......... .......... .......... ..........  3% 28.7M 3s
  1000K .......... .......... .......... .......... ..........  4% 30.2M 3s
  1050K .......... .......... .......... .......... ..........  4% 24.8M 3s
  1100K .......... .......... .......... .......... ..........  4% 32.4M 3s
  1150K .......... .......... .......... .......... ..........  4% 58.8M 3s
  1200K .......... .......... .......... .......... ..........  4% 32.2M 3s
  1250K .......... .......... .......... .......... ..........  5% 64.1M 3s
  1300K .......... .......... .......... .......... ..........  5% 32.2M 2s
  1350K .......... .......... .......... .......... ..........  5% 34.1M 2s
  1400K .......... .......... .......... .......... ..........  5% 35.9M 2s
  1450K .......... .......... .......... .......... ..........  5% 89.1M 2s
  1500K .......... .......... .......... .......... ..........  5% 44.6M 2s
  1550K .......... .......... .......... .......... ..........  6% 38.9M 2s
  1600K .......... .......... .......... .......... ..........  6% 41.8M 2s
  1650K .......... .......... .......... .......... ..........  6% 47.7M 2s
  1700K .......... .......... .......... .......... ..........  6%  143M 2s
  1750K .......... .......... .......... .......... ..........  6% 37.7M 2s
  1800K .......... .......... .......... .......... ..........  7% 43.6M 2s
  1850K .......... .......... .......... .......... ..........  7% 60.1M 2s
  1900K .......... .......... .......... .......... ..........  7%  133M 2s
  1950K .......... .......... .......... .......... ..........  7% 51.9M 2s
  2000K .......... .......... .......... .......... ..........  7% 72.2M 2s
  2050K .......... .......... .......... .......... ..........  8% 41.6M 2s
  2100K .......... .......... .......... .......... ..........  8% 79.3M 2s
  2150K .......... .......... .......... .......... ..........  8%  140M 2s
  2200K .......... .......... .......... .......... ..........  8% 49.2M 2s
  2250K .......... .......... .......... .......... ..........  8% 90.4M 2s
  2300K .......... .......... .......... .......... ..........  9% 44.6M 2s
  2350K .......... .......... .......... .......... ..........  9%  110M 2s
  2400K .......... .......... .......... .......... ..........  9% 62.8M 1s
  2450K .......... .......... .......... .......... ..........  9%  148M 1s
  2500K .......... .......... .......... .......... ..........  9% 64.1M 1s
  2550K .......... .......... .......... .......... .......... 10% 72.8M 1s
  2600K .......... .......... .......... .......... .......... 10% 73.0M 1s
  2650K .......... .......... .......... .......... .......... 10% 74.5M 1s
  2700K .......... .......... .......... .......... .......... 10%  214M 1s
  2750K .......... .......... .......... .......... .......... 10% 67.0M 1s
  2800K .......... .......... .......... .......... .......... 10% 75.3M 1s
  2850K .......... .......... .......... .......... .......... 11% 74.9M 1s
  2900K .......... .......... .......... .......... .......... 11%  139M 1s
  2950K .......... .......... .......... .......... .......... 11%  150M 1s
  3000K .......... .......... .......... .......... .......... 11% 64.1M 1s
  3050K .......... .......... .......... .......... .......... 11% 88.3M 1s
  3100K .......... .......... .......... .......... .......... 12% 58.8M 1s
  3150K .......... .......... .......... .......... .......... 12%  223M 1s
  3200K .......... .......... .......... .......... .......... 12%  163M 1s
  3250K .......... .......... .......... .......... .......... 12% 77.1M 1s
  3300K .......... .......... .......... .......... .......... 12%  106M 1s
  3350K .......... .......... .......... .......... .......... 13% 80.9M 1s
  3400K .......... .......... .......... .......... .......... 13%  120M 1s
  3450K .......... .......... .......... .......... .......... 13%  177M 1s
  3500K .......... .......... .......... .......... .......... 13% 81.2M 1s
  3550K .......... .......... .......... .......... .......... 13%  127M 1s
  3600K .......... .......... .......... .......... .......... 14% 52.3M 1s
  3650K .......... .......... .......... .......... .......... 14%  125M 1s
  3700K .......... .......... .......... .......... .......... 14%  188M 1s
  3750K .......... .......... .......... .......... .......... 14%  106M 1s
  3800K .......... .......... .......... .......... .......... 14% 98.4M 1s
  3850K .......... .......... .......... .......... .......... 15%  152M 1s
  3900K .......... .......... .......... .......... .......... 15% 72.1M 1s
  3950K .......... .......... .......... .......... .......... 15%  259M 1s
  4000K .......... .......... .......... .......... .......... 15%  179M 1s
  4050K .......... .......... .......... .......... .......... 15%  103K 4s
  4100K .......... .......... .......... .......... .......... 15%  167M 3s
  4150K .......... .......... .......... .......... .......... 16% 87.4M 3s
  4200K .......... .......... .......... .......... .......... 16% 66.3M 3s
  4250K .......... .......... .......... .......... .......... 16% 25.1M 3s
  4300K .......... .......... .......... .......... .......... 16%  176M 3s
  4350K .......... .......... .......... .......... .......... 16% 19.9M 3s
  4400K .......... .......... .......... .......... .......... 17% 14.8M 3s
  4450K .......... .......... .......... .......... .......... 17% 82.5M 3s
  4500K .......... .......... .......... .......... .......... 17% 38.2M 3s
  4550K .......... .......... .......... .......... .......... 17%  179M 3s
  4600K .......... .......... .......... .......... .......... 17% 42.7M 3s
  4650K .......... .......... .......... .......... .......... 18% 55.6M 3s
  4700K .......... .......... .......... .......... .......... 18% 41.5M 3s
  4750K .......... .......... .......... .......... .......... 18%  156M 3s
  4800K .......... .......... .......... .......... .......... 18% 50.4M 3s
  4850K .......... .......... .......... .......... .......... 18% 56.9M 3s
  4900K .......... .......... .......... .......... .......... 19%  117M 3s
  4950K .......... .......... .......... .......... .......... 19% 39.5M 3s
  5000K .......... .......... .......... .......... .......... 19%  102M 3s
  5050K .......... .......... .......... .......... .......... 19% 59.0M 3s
  5100K .......... .......... .......... .......... .......... 19% 58.8M 3s
  5150K .......... .......... .......... .......... .......... 20% 81.8M 3s
  5200K .......... .......... .......... .......... .......... 20% 68.5M 3s
  5250K .......... .......... .......... .......... .......... 20%  198M 3s
  5300K .......... .......... .......... .......... .......... 20% 97.4M 3s
  5350K .......... .......... .......... .......... .......... 20% 80.0M 3s
  5400K .......... .......... .......... .......... .......... 21% 47.8M 3s
  5450K .......... .......... .......... .......... .......... 21%  136M 3s
  5500K .......... .......... .......... .......... .......... 21% 54.8M 3s
  5550K .......... .......... .......... .......... .......... 21% 64.6M 2s
  5600K .......... .......... .......... .......... .......... 21%  184M 2s
  5650K .......... .......... .......... .......... .......... 21% 27.7M 2s
  5700K .......... .......... .......... .......... .......... 22%  113M 2s
  5750K .......... .......... .......... .......... .......... 22%  161M 2s
  5800K .......... .......... .......... .......... .......... 22%  161M 2s
  5850K .......... .......... .......... .......... .......... 22%  111M 2s
  5900K .......... .......... .......... .......... .......... 22%  181M 2s
  5950K .......... .......... .......... .......... .......... 23%  252M 2s
  6000K .......... .......... .......... .......... .......... 23%  246M 2s
  6050K .......... .......... .......... .......... .......... 23% 73.0M 2s
  6100K .......... .......... .......... .......... .......... 23%  165M 2s
  6150K .......... .......... .......... .......... .......... 23%  150M 2s
  6200K .......... .......... .......... .......... .......... 24%  157M 2s
  6250K .......... .......... .......... .......... .......... 24% 55.1M 2s
  6300K .......... .......... .......... .......... .......... 24%  129M 2s
  6350K .......... .......... .......... .......... .......... 24%  166M 2s
  6400K .......... .......... .......... .......... .......... 24% 70.9M 2s
  6450K .......... .......... .......... .......... .......... 25% 27.2M 2s
  6500K .......... .......... .......... .......... .......... 25%  184M 2s
  6550K .......... .......... .......... .......... .......... 25%  269M 2s
  6600K .......... .......... .......... .......... .......... 25%  206M 2s
  6650K .......... .......... .......... .......... .......... 25%  160M 2s
  6700K .......... .......... .......... .......... .......... 26%  139M 2s
  6750K .......... .......... .......... .......... .......... 26%  125M 2s
  6800K .......... .......... .......... .......... .......... 26%  119M 2s
  6850K .......... .......... .......... .......... .......... 26%  171M 2s
  6900K .......... .......... .......... .......... .......... 26%  192M 2s
  6950K .......... .......... .......... .......... .......... 26% 47.7M 2s
  7000K .......... .......... .......... .......... .......... 27% 95.4M 2s
  7050K .......... .......... .......... .......... .......... 27%  225M 2s
  7100K .......... .......... .......... .......... .......... 27% 44.2M 2s
  7150K .......... .......... .......... .......... .......... 27%  151M 2s
  7200K .......... .......... .......... .......... .......... 27% 68.0M 2s
  7250K .......... .......... .......... .......... .......... 28%  157M 2s
  7300K .......... .......... .......... .......... .......... 28%  146M 2s
  7350K .......... .......... .......... .......... .......... 28% 26.9M 2s
  7400K .......... .......... .......... .......... .......... 28% 50.5M 2s
  7450K .......... .......... .......... .......... .......... 28% 43.9M 2s
  7500K .......... .......... .......... .......... .......... 29%  276M 2s
  7550K .......... .......... .......... .......... .......... 29% 37.2M 2s
  7600K .......... .......... .......... .......... .......... 29% 94.6M 2s
  7650K .......... .......... .......... .......... .......... 29% 92.4M 2s
  7700K .......... .......... .......... .......... .......... 29% 27.6M 2s
  7750K .......... .......... .......... .......... .......... 30%  107M 2s
  7800K .......... .......... .......... .......... .......... 30% 32.2M 2s
  7850K .......... .......... .......... .......... .......... 30%  214M 2s
  7900K .......... .......... .......... .......... .......... 30%  232M 2s
  7950K .......... .......... .......... .......... .......... 30%  238M 2s
  8000K .......... .......... .......... .......... .......... 31%  195M 2s
  8050K .......... .......... .......... .......... .......... 31%  254M 2s
  8100K .......... .......... .......... .......... .......... 31%  104M 2s
  8150K .......... .......... .......... .......... .......... 31%  171M 2s
  8200K .......... .......... .......... .......... .......... 31%  144M 2s
  8250K .......... .......... .......... .......... .......... 31% 55.9M 2s
  8300K .......... .......... .......... .......... .......... 32%  159M 2s
  8350K .......... .......... .......... .......... .......... 32% 58.7M 1s
  8400K .......... .......... .......... .......... .......... 32%  132M 1s
  8450K .......... .......... .......... .......... .......... 32%  312M 1s
  8500K .......... .......... .......... .......... .......... 32%  202M 1s
  8550K .......... .......... .......... .......... .......... 33% 35.0M 1s
  8600K .......... .......... .......... .......... .......... 33%  118M 1s
  8650K .......... .......... .......... .......... .......... 33%  155M 1s
  8700K .......... .......... .......... .......... .......... 33%  268M 1s
  8750K .......... .......... .......... .......... .......... 33% 86.8M 1s
  8800K .......... .......... .......... .......... .......... 34% 63.5M 1s
  8850K .......... .......... .......... .......... .......... 34% 75.5M 1s
  8900K .......... .......... .......... .......... .......... 34%  129M 1s
  8950K .......... .......... .......... .......... .......... 34% 87.5M 1s
  9000K .......... .......... .......... .......... .......... 34% 23.2M 1s
  9050K .......... .......... .......... .......... .......... 35%  189M 1s
  9100K .......... .......... .......... .......... .......... 35%  180M 1s
  9150K .......... .......... .......... .......... .......... 35%  217M 1s
  9200K .......... .......... .......... .......... .......... 35%  193M 1s
  9250K .......... .......... .......... .......... .......... 35%  110M 1s
  9300K .......... .......... .......... .......... .......... 36%  127M 1s
  9350K .......... .......... .......... .......... .......... 36%  117M 1s
  9400K .......... .......... .......... .......... .......... 36% 41.6M 1s
  9450K .......... .......... .......... .......... .......... 36% 59.4M 1s
  9500K .......... .......... .......... .......... .......... 36% 20.7M 1s
  9550K .......... .......... .......... .......... .......... 37%  183M 1s
  9600K .......... .......... .......... .......... .......... 37%  194M 1s
  9650K .......... .......... .......... .......... .......... 37%  201M 1s
  9700K .......... .......... .......... .......... .......... 37%  208M 1s
  9750K .......... .......... .......... .......... .......... 37%  193M 1s
  9800K .......... .......... .......... .......... .......... 37%  228M 1s
  9850K .......... .......... .......... .......... .......... 38% 19.3M 1s
  9900K .......... .......... .......... .......... .......... 38%  111M 1s
  9950K .......... .......... .......... .......... .......... 38% 41.3M 1s
 10000K .......... .......... .......... .......... .......... 38% 92.8M 1s
 10050K .......... .......... .......... .......... .......... 38%  166M 1s
 10100K .......... .......... .......... .......... .......... 39% 15.0M 1s
 10150K .......... .......... .......... .......... .......... 39% 99.3M 1s
 10200K .......... .......... .......... .......... .......... 39% 53.4M 1s
 10250K .......... .......... .......... .......... .......... 39%  160M 1s
 10300K .......... .......... .......... .......... .......... 39% 14.7M 1s
 10350K .......... .......... .......... .......... .......... 40%  138M 1s
 10400K .......... .......... .......... .......... .......... 40%  144M 1s
 10450K .......... .......... .......... .......... .......... 40%  185M 1s
 10500K .......... .......... .......... .......... .......... 40%  176M 1s
 10550K .......... .......... .......... .......... .......... 40% 11.2M 1s
 10600K .......... .......... .......... .......... .......... 41% 42.1M 1s
 10650K .......... .......... .......... .......... .......... 41% 38.8M 1s
 10700K .......... .......... .......... .......... .......... 41%  266M 1s
 10750K .......... .......... .......... .......... .......... 41% 16.1M 1s
 10800K .......... .......... .......... .......... .......... 41% 19.2M 1s
 10850K .......... .......... .......... .......... .......... 42% 14.9M 1s
 10900K .......... .......... .......... .......... .......... 42% 14.9M 1s
 10950K .......... .......... .......... .......... .......... 42% 89.1M 1s
 11000K .......... .......... .......... .......... .......... 42% 75.1M 1s
 11050K .......... .......... .......... .......... .......... 42% 44.2M 1s
 11100K .......... .......... .......... .......... .......... 42% 11.3M 1s
 11150K .......... .......... .......... .......... .......... 43%  113M 1s
 11200K .......... .......... .......... .......... .......... 43% 55.2M 1s
 11250K .......... .......... .......... .......... .......... 43% 22.0M 1s
 11300K .......... .......... .......... .......... .......... 43% 28.9M 1s
 11350K .......... .......... .......... .......... .......... 43% 51.1M 1s
 11400K .......... .......... .......... .......... .......... 44%  226M 1s
 11450K .......... .......... .......... .......... .......... 44% 18.7M 1s
 11500K .......... .......... .......... .......... .......... 44% 34.1M 1s
 11550K .......... .......... .......... .......... .......... 44% 10.9M 1s
 11600K .......... .......... .......... .......... .......... 44% 82.7M 1s
 11650K .......... .......... .......... .......... .......... 45%  130M 1s
 11700K .......... .......... .......... .......... .......... 45% 74.1M 1s
 11750K .......... .......... .......... .......... .......... 45% 68.0M 1s
 11800K .......... .......... .......... .......... .......... 45% 11.5M 1s
 11850K .......... .......... .......... .......... .......... 45%  144M 1s
 11900K .......... .......... .......... .......... .......... 46% 15.8M 1s
 11950K .......... .......... .......... .......... .......... 46%  115M 1s
 12000K .......... .......... .......... .......... .......... 46% 17.3M 1s
 12050K .......... .......... .......... .......... .......... 46% 18.4M 1s
 12100K .......... .......... .......... .......... .......... 46%  125M 1s
 12150K .......... .......... .......... .......... .......... 47%  229M 1s
 12200K .......... .......... .......... .......... .......... 47%  256M 1s
 12250K .......... .......... .......... .......... .......... 47%  159M 1s
 12300K .......... .......... .......... .......... .......... 47%  243M 1s
 12350K .......... .......... .......... .......... .......... 47% 8.97M 1s
 12400K .......... .......... .......... .......... .......... 47%  223M 1s
 12450K .......... .......... .......... .......... .......... 48% 41.0M 1s
 12500K .......... .......... .......... .......... .......... 48% 35.1M 1s
 12550K .......... .......... .......... .......... .......... 48%  181M 1s
 12600K .......... .......... .......... .......... .......... 48%  114M 1s
 12650K .......... .......... .......... .......... .......... 48% 14.6M 1s
 12700K .......... .......... .......... .......... .......... 49% 54.9M 1s
 12750K .......... .......... .......... .......... .......... 49%  120M 1s
 12800K .......... .......... .......... .......... .......... 49%  131M 1s
 12850K .......... .......... .......... .......... .......... 49% 97.8M 1s
 12900K .......... .......... .......... .......... .......... 49% 42.1M 1s
 12950K .......... .......... .......... .......... .......... 50% 16.3M 1s
 13000K .......... .......... .......... .......... .......... 50%  143M 1s
 13050K .......... .......... .......... .......... .......... 50% 15.1M 1s
 13100K .......... .......... .......... .......... .......... 50% 25.3M 1s
 13150K .......... .......... .......... .......... .......... 50% 14.2M 1s
 13200K .......... .......... .......... .......... .......... 51%  165M 1s
 13250K .......... .......... .......... .......... .......... 51%  210M 1s
 13300K .......... .......... .......... .......... .......... 51% 91.6M 1s
 13350K .......... .......... .......... .......... .......... 51% 12.8M 1s
 13400K .......... .......... .......... .......... .......... 51% 83.8M 1s
 13450K .......... .......... .......... .......... .......... 52%  173M 1s
 13500K .......... .......... .......... .......... .......... 52% 18.0M 1s
 13550K .......... .......... .......... .......... .......... 52%  112M 1s
 13600K .......... .......... .......... .......... .......... 52%  134M 1s
 13650K .......... .......... .......... .......... .......... 52% 10.1M 1s
 13700K .......... .......... .......... .......... .......... 52%  148M 1s
 13750K .......... .......... .......... .......... .......... 53%  171M 1s
 13800K .......... .......... .......... .......... .......... 53%  207M 1s
 13850K .......... .......... .......... .......... .......... 53% 51.0M 1s
 13900K .......... .......... .......... .......... .......... 53%  149M 1s
 13950K .......... .......... .......... .......... .......... 53% 21.8M 1s
 14000K .......... .......... .......... .......... .......... 54% 49.3M 1s
 14050K .......... .......... .......... .......... .......... 54%  200M 1s
 14100K .......... .......... .......... .......... .......... 54% 13.5M 1s
 14150K .......... .......... .......... .......... .......... 54%  229M 1s
 14200K .......... .......... .......... .......... .......... 54% 73.5M 1s
 14250K .......... .......... .......... .......... .......... 55% 5.80M 1s
 14300K .......... .......... .......... .......... .......... 55% 66.6M 1s
 14350K .......... .......... .......... .......... .......... 55% 58.5M 1s
 14400K .......... .......... .......... .......... .......... 55% 18.9M 1s
 14450K .......... .......... .......... .......... .......... 55% 27.0M 1s
 14500K .......... .......... .......... .......... .......... 56%  219M 1s
 14550K .......... .......... .......... .......... .......... 56% 14.7M 1s
 14600K .......... .......... .......... .......... .......... 56%  258M 1s
 14650K .......... .......... .......... .......... .......... 56% 63.2M 1s
 14700K .......... .......... .......... .......... .......... 56% 84.0M 1s
 14750K .......... .......... .......... .......... .......... 57% 81.8M 1s
 14800K .......... .......... .......... .......... .......... 57% 14.8M 1s
 14850K .......... .......... .......... .......... .......... 57% 97.6M 1s
 14900K .......... .......... .......... .......... .......... 57%  197M 1s
 14950K .......... .......... .......... .......... .......... 57%  248M 1s
 15000K .......... .......... .......... .......... .......... 58%  171M 1s
 15050K .......... .......... .......... .......... .......... 58%  227M 1s
 15100K .......... .......... .......... .......... .......... 58% 16.8M 1s
 15150K .......... .......... .......... .......... .......... 58%  106M 1s
 15200K .......... .......... .......... .......... .......... 58% 69.9M 1s
 15250K .......... .......... .......... .......... .......... 58% 14.4M 1s
 15300K .......... .......... .......... .......... .......... 59%  148M 1s
 15350K .......... .......... .......... .......... .......... 59% 21.6M 1s
 15400K .......... .......... .......... .......... .......... 59% 14.8M 1s
 15450K .......... .......... .......... .......... .......... 59% 12.7M 1s
 15500K .......... .......... .......... .......... .......... 59%  204M 1s
 15550K .......... .......... .......... .......... .......... 60%  147M 1s
 15600K .......... .......... .......... .......... .......... 60% 69.3M 1s
 15650K .......... .......... .......... .......... .......... 60%  180M 1s
 15700K .......... .......... .......... .......... .......... 60% 12.6M 1s
 15750K .......... .......... .......... .......... .......... 60%  147M 1s
 15800K .......... .......... .......... .......... .......... 61%  118M 1s
 15850K .......... .......... .......... .......... .......... 61% 45.5M 1s
 15900K .......... .......... .......... .......... .......... 61%  241M 1s
 15950K .......... .......... .......... .......... .......... 61%  182M 1s
 16000K .......... .......... .......... .......... .......... 61% 13.7M 1s
 16050K .......... .......... .......... .......... .......... 62%  194M 1s
 16100K .......... .......... .......... .......... .......... 62% 61.2M 1s
 16150K .......... .......... .......... .......... .......... 62% 17.2M 1s
 16200K .......... .......... .......... .......... .......... 62% 88.9M 1s
 16250K .......... .......... .......... .......... .......... 62% 55.3M 1s
 16300K .......... .......... .......... .......... .......... 63%  104M 1s
 16350K .......... .......... .......... .......... .......... 63% 77.0M 1s
 16400K .......... .......... .......... .......... .......... 63%  192M 1s
 16450K .......... .......... .......... .......... .......... 63%  128M 1s
 16500K .......... .......... .......... .......... .......... 63% 14.7M 1s
 16550K .......... .......... .......... .......... .......... 63%  204M 1s
 16600K .......... .......... .......... .......... .......... 64% 77.3M 1s
 16650K .......... .......... .......... .......... .......... 64%  187M 1s
 16700K .......... .......... .......... .......... .......... 64% 91.4M 1s
 16750K .......... .......... .......... .......... .......... 64% 64.5M 1s
 16800K .......... .......... .......... .......... .......... 64%  112M 0s
 16850K .......... .......... .......... .......... .......... 65% 39.0M 0s
 16900K .......... .......... .......... .......... .......... 65%  106M 0s
 16950K .......... .......... .......... .......... .......... 65% 24.2M 0s
 17000K .......... .......... .......... .......... .......... 65%  119M 0s
 17050K .......... .......... .......... .......... .......... 65%  106M 0s
 17100K .......... .......... .......... .......... .......... 66% 16.2M 0s
 17150K .......... .......... .......... .......... .......... 66% 44.1M 0s
 17200K .......... .......... .......... .......... .......... 66%  153M 0s
 17250K .......... .......... .......... .......... .......... 66%  165M 0s
 17300K .......... .......... .......... .......... .......... 66%  307M 0s
 17350K .......... .......... .......... .......... .......... 67%  324M 0s
 17400K .......... .......... .......... .......... .......... 67% 16.3M 0s
 17450K .......... .......... .......... .......... .......... 67%  168M 0s
 17500K .......... .......... .......... .......... .......... 67% 70.1M 0s
 17550K .......... .......... .......... .......... .......... 67%  153M 0s
 17600K .......... .......... .......... .......... .......... 68% 17.7M 0s
 17650K .......... .......... .......... .......... .......... 68% 32.1M 0s
 17700K .......... .......... .......... .......... .......... 68% 8.62M 0s
 17750K .......... .......... .......... .......... .......... 68% 14.7M 0s
 17800K .......... .......... .......... .......... .......... 68%  184M 0s
 17850K .......... .......... .......... .......... .......... 68% 10.4M 0s
 17900K .......... .......... .......... .......... .......... 69%  208M 0s
 17950K .......... .......... .......... .......... .......... 69% 13.3M 0s
 18000K .......... .......... .......... .......... .......... 69%  124M 0s
 18050K .......... .......... .......... .......... .......... 69%  170M 0s
 18100K .......... .......... .......... .......... .......... 69% 67.9M 0s
 18150K .......... .......... .......... .......... .......... 70% 16.9M 0s
 18200K .......... .......... .......... .......... .......... 70% 69.8M 0s
 18250K .......... .......... .......... .......... .......... 70%  251M 0s
 18300K .......... .......... .......... .......... .......... 70% 58.3M 0s
 18350K .......... .......... .......... .......... .......... 70% 80.5M 0s
 18400K .......... .......... .......... .......... .......... 71% 17.0M 0s
 18450K .......... .......... .......... .......... .......... 71% 51.3M 0s
 18500K .......... .......... .......... .......... .......... 71%  117M 0s
 18550K .......... .......... .......... .......... .......... 71%  169M 0s
 18600K .......... .......... .......... .......... .......... 71% 16.4M 0s
 18650K .......... .......... .......... .......... .......... 72%  200M 0s
 18700K .......... .......... .......... .......... .......... 72%  144M 0s
 18750K .......... .......... .......... .......... .......... 72% 13.1M 0s
 18800K .......... .......... .......... .......... .......... 72% 32.6M 0s
 18850K .......... .......... .......... .......... .......... 72% 15.6M 0s
 18900K .......... .......... .......... .......... .......... 73% 29.2M 0s
 18950K .......... .......... .......... .......... .......... 73%  178M 0s
 19000K .......... .......... .......... .......... .......... 73% 13.7M 0s
 19050K .......... .......... .......... .......... .......... 73% 9.48M 0s
 19100K .......... .......... .......... .......... .......... 73% 12.0M 0s
 19150K .......... .......... .......... .......... .......... 74%  281M 0s
 19200K .......... .......... .......... .......... .......... 74% 26.4M 0s
 19250K .......... .......... .......... .......... .......... 74% 17.0M 0s
 19300K .......... .......... .......... .......... .......... 74% 38.9M 0s
 19350K .......... .......... .......... .......... .......... 74% 11.2M 0s
 19400K .......... .......... .......... .......... .......... 74%  133M 0s
 19450K .......... .......... .......... .......... .......... 75% 32.2M 0s
 19500K .......... .......... .......... .......... .......... 75% 63.0M 0s
 19550K .......... .......... .......... .......... .......... 75% 12.7M 0s
 19600K .......... .......... .......... .......... .......... 75% 8.25M 0s
 19650K .......... .......... .......... .......... .......... 75%  123M 0s
 19700K .......... .......... .......... .......... .......... 76% 77.2M 0s
 19750K .......... .......... .......... .......... .......... 76% 9.19M 0s
 19800K .......... .......... .......... .......... .......... 76% 10.6M 0s
 19850K .......... .......... .......... .......... .......... 76%  181M 0s
 19900K .......... .......... .......... .......... .......... 76% 76.2M 0s
 19950K .......... .......... .......... .......... .......... 77% 11.1M 0s
 20000K .......... .......... .......... .......... .......... 77% 67.8M 0s
 20050K .......... .......... .......... .......... .......... 77% 12.8M 0s
 20100K .......... .......... .......... .......... .......... 77%  159M 0s
 20150K .......... .......... .......... .......... .......... 77% 64.9M 0s
 20200K .......... .......... .......... .......... .......... 78% 18.9M 0s
 20250K .......... .......... .......... .......... .......... 78%  102M 0s
 20300K .......... .......... .......... .......... .......... 78%  257M 0s
 20350K .......... .......... .......... .......... .......... 78%  102M 0s
 20400K .......... .......... .......... .......... .......... 78% 67.9M 0s
 20450K .......... .......... .......... .......... .......... 79% 20.5M 0s
 20500K .......... .......... .......... .......... .......... 79%  120M 0s
 20550K .......... .......... .......... .......... .......... 79%  208M 0s
 20600K .......... .......... .......... .......... .......... 79% 79.0M 0s
 20650K .......... .......... .......... .......... .......... 79% 12.7M 0s
 20700K .......... .......... .......... .......... .......... 79%  110M 0s
 20750K .......... .......... .......... .......... .......... 80%  256M 0s
 20800K .......... .......... .......... .......... .......... 80% 23.1M 0s
 20850K .......... .......... .......... .......... .......... 80% 24.6M 0s
 20900K .......... .......... .......... .......... .......... 80% 13.6M 0s
 20950K .......... .......... .......... .......... .......... 80%  120M 0s
 21000K .......... .......... .......... .......... .......... 81%  121M 0s
 21050K .......... .......... .......... .......... .......... 81%  156M 0s
 21100K .......... .......... .......... .......... .......... 81%  116M 0s
 21150K .......... .......... .......... .......... .......... 81%  117M 0s
 21200K .......... .......... .......... .......... .......... 81% 14.2M 0s
 21250K .......... .......... .......... .......... .......... 82%  108M 0s
 21300K .......... .......... .......... .......... .......... 82%  108M 0s
 21350K .......... .......... .......... .......... .......... 82%  152M 0s
 21400K .......... .......... .......... .......... .......... 82% 86.5M 0s
 21450K .......... .......... .......... .......... .......... 82%  122M 0s
 21500K .......... .......... .......... .......... .......... 83%  124M 0s
 21550K .......... .......... .......... .......... .......... 83% 15.2M 0s
 21600K .......... .......... .......... .......... .......... 83%  192M 0s
 21650K .......... .......... .......... .......... .......... 83% 31.3M 0s
 21700K .......... .......... .......... .......... .......... 83%  112M 0s
 21750K .......... .......... .......... .......... .......... 84% 18.3M 0s
 21800K .......... .......... .......... .......... .......... 84% 65.7M 0s
 21850K .......... .......... .......... .......... .......... 84%  124M 0s
 21900K .......... .......... .......... .......... .......... 84%  226M 0s
 21950K .......... .......... .......... .......... .......... 84% 9.43M 0s
 22000K .......... .......... .......... .......... .......... 84%  238M 0s
 22050K .......... .......... .......... .......... .......... 85%  268M 0s
 22100K .......... .......... .......... .......... .......... 85%  118M 0s
 22150K .......... .......... .......... .......... .......... 85%  220M 0s
 22200K .......... .......... .......... .......... .......... 85% 13.1M 0s
 22250K .......... .......... .......... .......... .......... 85%  199M 0s
 22300K .......... .......... .......... .......... .......... 86% 16.8M 0s
 22350K .......... .......... .......... .......... .......... 86%  155M 0s
 22400K .......... .......... .......... .......... .......... 86% 44.0M 0s
 22450K .......... .......... .......... .......... .......... 86%  176M 0s
 22500K .......... .......... .......... .......... .......... 86% 15.5M 0s
 22550K .......... .......... .......... .......... .......... 87%  114M 0s
 22600K .......... .......... .......... .......... .......... 87% 87.2M 0s
 22650K .......... .......... .......... .......... .......... 87% 84.3M 0s
 22700K .......... .......... .......... .......... .......... 87% 16.2M 0s
 22750K .......... .......... .......... .......... .......... 87%  228M 0s
 22800K .......... .......... .......... .......... .......... 88% 32.1M 0s
 22850K .......... .......... .......... .......... .......... 88% 37.2M 0s
 22900K .......... .......... .......... .......... .......... 88%  164M 0s
 22950K .......... .......... .......... .......... .......... 88%  295M 0s
 23000K .......... .......... .......... .......... .......... 88% 30.6M 0s
 23050K .......... .......... .......... .......... .......... 89%  162M 0s
 23100K .......... .......... .......... .......... .......... 89% 33.9M 0s
 23150K .......... .......... .......... .......... .......... 89%  142M 0s
 23200K .......... .......... .......... .......... .......... 89%  109M 0s
 23250K .......... .......... .......... .......... .......... 89% 17.2M 0s
 23300K .......... .......... .......... .......... .......... 89%  133M 0s
 23350K .......... .......... .......... .......... .......... 90%  145M 0s
 23400K .......... .......... .......... .......... .......... 90% 31.0M 0s
 23450K .......... .......... .......... .......... .......... 90% 19.1M 0s
 23500K .......... .......... .......... .......... .......... 90%  208M 0s
 23550K .......... .......... .......... .......... .......... 90%  118M 0s
 23600K .......... .......... .......... .......... .......... 91%  115M 0s
 23650K .......... .......... .......... .......... .......... 91% 40.8M 0s
 23700K .......... .......... .......... .......... .......... 91%  153M 0s
 23750K .......... .......... .......... .......... .......... 91%  241M 0s
 23800K .......... .......... .......... .......... .......... 91% 25.3M 0s
 23850K .......... .......... .......... .......... .......... 92% 22.5M 0s
 23900K .......... .......... .......... .......... .......... 92% 19.4M 0s
 23950K .......... .......... .......... .......... .......... 92%  154M 0s
 24000K .......... .......... .......... .......... .......... 92% 67.9M 0s
 24050K .......... .......... .......... .......... .......... 92% 20.8M 0s
 24100K .......... .......... .......... .......... .......... 93% 14.9M 0s
 24150K .......... .......... .......... .......... .......... 93%  177M 0s
 24200K .......... .......... .......... .......... .......... 93%  226M 0s
 24250K .......... .......... .......... .......... .......... 93%  125M 0s
 24300K .......... .......... .......... .......... .......... 93%  126M 0s
 24350K .......... .......... .......... .......... .......... 94% 81.9M 0s
 24400K .......... .......... .......... .......... .......... 94% 98.1M 0s
 24450K .......... .......... .......... .......... .......... 94%  124M 0s
 24500K .......... .......... .......... .......... .......... 94% 19.3M 0s
 24550K .......... .......... .......... .......... .......... 94% 68.4M 0s
 24600K .......... .......... .......... .......... .......... 95%  115M 0s
 24650K .......... .......... .......... .......... .......... 95%  238M 0s
 24700K .......... .......... .......... .......... .......... 95% 53.7M 0s
 24750K .......... .......... .......... .......... .......... 95% 18.8M 0s
 24800K .......... .......... .......... .......... .......... 95%  118M 0s
 24850K .......... .......... .......... .......... .......... 95%  134M 0s
 24900K .......... .......... .......... .......... .......... 96%  223M 0s
 24950K .......... .......... .......... .......... .......... 96%  102M 0s
 25000K .......... .......... .......... .......... .......... 96%  155M 0s
 25050K .......... .......... .......... .......... .......... 96% 80.6M 0s
 25100K .......... .......... .......... .......... .......... 96% 97.5M 0s
 25150K .......... .......... .......... .......... .......... 97% 22.6M 0s
 25200K .......... .......... .......... .......... .......... 97%  154M 0s
 25250K .......... .......... .......... .......... .......... 97% 44.1M 0s
 25300K .......... .......... .......... .......... .......... 97% 16.7M 0s
 25350K .......... .......... .......... .......... .......... 97%  154M 0s
 25400K .......... .......... .......... .......... .......... 98% 66.7M 0s
 25450K .......... .......... .......... .......... .......... 98%  216M 0s
 25500K .......... .......... .......... .......... .......... 98%  158M 0s
 25550K .......... .......... .......... .......... .......... 98%  157M 0s
 25600K .......... .......... .......... .......... .......... 98% 51.7M 0s
 25650K .......... .......... .......... .......... .......... 99% 13.7M 0s
 25700K .......... .......... .......... .......... .......... 99% 79.5M 0s
 25750K .......... .......... .......... .......... .......... 99%  121M 0s
 25800K .......... .......... .......... .......... .......... 99%  214M 0s
 25850K .......... .......... .......... .......... .......... 99% 43.4M 0s
 25900K .......... .......... .......... .......... ....      100% 17.6M=1.2s

2022-11-30 11:18:07 (21.8 MB/s) - 'MG5_aMC_v2.9.12.tar.gz' saved [26567366/26567366]

patching file models/loop_qcd_qed_sm/restrict_lepton_masses_no_lepton_yukawas.dat
patching file models/loop_sm/restrict_ckm_no_b_mass.dat
patching file models/sm/restrict_ckm_lepton_masses.dat
patching file models/sm/restrict_ckm_lepton_masses_no_b_mass.dat
patching file models/sm/restrict_ckm_no_b_mass.dat
patching file models/sm/restrict_lepton_masses_no_b_mass.dat
patching file Template/NLO/SubProcesses/MCmasses_PYTHIA8.inc
patching file madgraph/interface/loop_interface.py
patching file madgraph/various/systematics.py
patching file Template/NLO/Source/make_opts.inc
patching file madgraph/iolibs/export_v4.py
patching file madgraph/iolibs/template_files/pdf_opendata.f
patching file madgraph/iolibs/template_files/pdf_wrap_lhapdf.f
patching file madgraph/iolibs/template_files/pdf_wrap_lhapdf.f
patching file madgraph/interface/reweight_interface.py
Hunk #1 succeeded at 2014 (offset 2 lines).
patching file madgraph/interface/common_run_interface.py
patching file Template/LO/SubProcesses/refine.sh
patching file Template/LO/SubProcesses/refine_splitted.sh
patching file Template/LO/SubProcesses/survey.sh
patching file Template/NLO/SubProcesses/ajob_template
patching file Template/NLO/SubProcesses/reweight_xsec_events.local
patching file madgraph/various/misc.py
Hunk #1 succeeded at 472 (offset 2 lines).
patching file madgraph/various/cluster.py
patching file madgraph/interface/reweight_interface.py
Reversed (or previously applied) patch detected!  Assume -R? [n] 
Apply anyway? [n] 
Skipping patch.
1 out of 1 hunk ignored -- saving rejects to file madgraph/interface/reweight_interface.py.rej
patching file madgraph/interface/madgraph_interface.py
Reversed (or previously applied) patch detected!  Assume -R? [n] 
Apply anyway? [n] 
Skipping patch.
1 out of 1 hunk ignored -- saving rejects to file madgraph/interface/madgraph_interface.py.rej
patching file MadSpin/decay.py
Reversed (or previously applied) patch detected!  Assume -R? [n] 
Apply anyway? [n] 
Skipping patch.
1 out of 1 hunk ignored -- saving rejects to file MadSpin/decay.py.rej
patching file madgraph/interface/madgraph_interface.py
Reversed (or previously applied) patch detected!  Assume -R? [n] 
Apply anyway? [n] 
Skipping patch.
1 out of 1 hunk ignored -- saving rejects to file madgraph/interface/madgraph_interface.py.rej
ls: cannot access /pool/condor/dir_17067/genproductions/bin/MadGraph5_aMCatNLO/cards_to_run/WmWpToLmNujj_01j_aTGC_pTW-150toInf_mWV-150to600_4f_NLO_FXFX*.patch: No such file or directory
************************************************************
*                                                          *
*                     W E L C O M E to                     *
*              M A D G R A P H 5 _ a M C @ N L O           *
*                                                          *
*                                                          *
*                 *                       *                *
*                   *        * *        *                  *
*                     * * * * 5 * * * *                    *
*                   *        * *        *                  *
*                 *                       *                *
*                                                          *
*         VERSION 2.9.12                2022-08-17         *
*                                                          *
*    The MadGraph5_aMC@NLO Development Team - Find us at   *
*    https://server06.fynu.ucl.ac.be/projects/madgraph     *
*                            and                           *
*            http://amcatnlo.web.cern.ch/amcatnlo/         *
*                                                          *
*               Type 'help' for in-line help.              *
*           Type 'tutorial' to learn how MG5 works         *
*    Type 'tutorial aMCatNLO' to learn how aMC@NLO works   *
*    Type 'tutorial MadLoop' to learn how MadLoop works    *
*                                                          *
************************************************************
load MG5 configuration from input/mg5_configuration.txt 
fastjet-config does not seem to correspond to a valid fastjet-config executable (v3+). We will use fjcore instead.
 Please set the 'fastjet'variable to the full (absolute) /PATH/TO/fastjet-config (including fastjet-config).
 MG5_aMC> set fastjet /PATH/TO/fastjet-config

set lhapdf to lhapdf-config
None does not seem to correspond to a valid lhapdf-config executable. 
Please set the 'lhapdf' variable to the (absolute) /PATH/TO/lhapdf-config (including lhapdf-config).
Note that you can still compile and run aMC@NLO with the built-in PDFs
 MG5_aMC> set lhapdf /PATH/TO/lhapdf-config

No valid eps viewer found. Please set in ./input/mg5_configuration.txt
No valid web browser found. Please set in ./input/mg5_configuration.txt
import /pool/condor/dir_17067/genproductions/bin/MadGraph5_aMCatNLO/WmWpToLmNujj_01j_aTGC_pTW-150toInf_mWV-150to600_4f_NLO_FXFX/WmWpToLmNujj_01j_aTGC_pTW-150toInf_mWV-150to600_4f_NLO_FXFX_gridpack/work/MG5_aMC_v2_9_12/mgconfigscript
The import format was not given, so we guess it as command
set auto_update 0
set automatic_html_opening False
This option will be the default in any output that you are going to create in this session.
In order to keep this changes permanent please run 'save options'
set auto_convert_model True
save options auto_convert_model
save configuration file to /pool/condor/dir_17067/genproductions/bin/MadGraph5_aMCatNLO/WmWpToLmNujj_01j_aTGC_pTW-150toInf_mWV-150to600_4f_NLO_FXFX/WmWpToLmNujj_01j_aTGC_pTW-150toInf_mWV-150to600_4f_NLO_FXFX_gridpack/work/MG5_aMC_v2_9_12/input/mg5_configuration.txt
set lhapdf_py3 /cvmfs/cms.cern.ch/slc7_amd64_gcc10/external/lhapdf/6.4.0-68defff11ffd434c73727d03802bfb85/share/LHAPDF/../../bin/lhapdf-config
set lhapdf to /cvmfs/cms.cern.ch/slc7_amd64_gcc10/external/lhapdf/6.4.0-68defff11ffd434c73727d03802bfb85/share/LHAPDF/../../bin/lhapdf-config
save options lhapdf_py3
save configuration file to /pool/condor/dir_17067/genproductions/bin/MadGraph5_aMCatNLO/WmWpToLmNujj_01j_aTGC_pTW-150toInf_mWV-150to600_4f_NLO_FXFX/WmWpToLmNujj_01j_aTGC_pTW-150toInf_mWV-150to600_4f_NLO_FXFX_gridpack/work/MG5_aMC_v2_9_12/input/mg5_configuration.txt
set run_mode 2
This option will be the default in any output that you are going to create in this session.
In order to keep this changes permanent please run 'save options'
save options
The option auto_update is modified [7] but will not be written in the configuration files.
If you want to make this value the default for future session, you can run 'save options --all'
save configuration file to /pool/condor/dir_17067/genproductions/bin/MadGraph5_aMCatNLO/WmWpToLmNujj_01j_aTGC_pTW-150toInf_mWV-150to600_4f_NLO_FXFX/WmWpToLmNujj_01j_aTGC_pTW-150toInf_mWV-150to600_4f_NLO_FXFX_gridpack/work/MG5_aMC_v2_9_12/input/mg5_configuration.txt
quit
Loading extra models specified in /pool/condor/dir_17067/genproductions/bin/MadGraph5_aMCatNLO/cards_to_run/WmWpToLmNujj_01j_aTGC_pTW-150toInf_mWV-150to600_4f_NLO_FXFX_extramodels.dat
Loading extra model EWdim6NLO.tar.gz
--2022-11-30 11:18:11--  https://cms-project-generators.web.cern.ch/cms-project-generators/EWdim6NLO.tar.gz
Resolving cms-project-generators.web.cern.ch (cms-project-generators.web.cern.ch)... 2001:1458:d00:35::100:23d, 188.184.101.152
Connecting to cms-project-generators.web.cern.ch (cms-project-generators.web.cern.ch)|2001:1458:d00:35::100:23d|:443... connected.
HTTP request sent, awaiting response... 200 OK
Length: 36311 (35K) [application/gzip]
Saving to: 'EWdim6NLO.tar.gz'

     0K .......... .......... .......... .....                100%  102M=0s

2022-11-30 11:18:11 (102 MB/s) - 'EWdim6NLO.tar.gz' saved [36311/36311]

EWdim6NLO/CT_couplings.py
EWdim6NLO/CT_vertices.py
EWdim6NLO/EWdim6NLO.log
EWdim6NLO/__init__.py
EWdim6NLO/coupling_orders.py
EWdim6NLO/couplings.py
EWdim6NLO/decays.py
EWdim6NLO/function_library.py
EWdim6NLO/lorentz.py
EWdim6NLO/object_library.py
EWdim6NLO/parameters.py
EWdim6NLO/particles.py
EWdim6NLO/propagators.py
EWdim6NLO/vertices.py
EWdim6NLO/write_param_card.py
/pool/condor/dir_17067/genproductions/bin/MadGraph5_aMCatNLO/WmWpToLmNujj_01j_aTGC_pTW-150toInf_mWV-150to600_4f_NLO_FXFX/WmWpToLmNujj_01j_aTGC_pTW-150toInf_mWV-150to600_4f_NLO_FXFX_gridpack/work
************************************************************
*                                                          *
*                     W E L C O M E to                     *
*              M A D G R A P H 5 _ a M C @ N L O           *
*                                                          *
*                                                          *
*                 *                       *                *
*                   *        * *        *                  *
*                     * * * * 5 * * * *                    *
*                   *        * *        *                  *
*                 *                       *                *
*                                                          *
*         VERSION 2.9.12                2022-08-17         *
*                                                          *
*    The MadGraph5_aMC@NLO Development Team - Find us at   *
*    https://server06.fynu.ucl.ac.be/projects/madgraph     *
*                            and                           *
*            http://amcatnlo.web.cern.ch/amcatnlo/         *
*                                                          *
*               Type 'help' for in-line help.              *
*           Type 'tutorial' to learn how MG5 works         *
*    Type 'tutorial aMCatNLO' to learn how aMC@NLO works   *
*    Type 'tutorial MadLoop' to learn how MadLoop works    *
*                                                          *
************************************************************
load MG5 configuration from MG5_aMC_v2_9_12/input/mg5_configuration.txt 
None does not seem to correspond to a valid fastjet-config executable (v3+). We will use fjcore instead.
 Please set the 'fastjet'variable to the full (absolute) /PATH/TO/fastjet-config (including fastjet-config).
 MG5_aMC> set fastjet /PATH/TO/fastjet-config

set lhapdf to /cvmfs/cms.cern.ch/slc7_amd64_gcc10/external/lhapdf/6.4.0-68defff11ffd434c73727d03802bfb85/share/LHAPDF/../../bin/lhapdf-config
set lhapdf to /cvmfs/cms.cern.ch/slc7_amd64_gcc10/external/lhapdf/6.4.0-68defff11ffd434c73727d03802bfb85/share/LHAPDF/../../bin/lhapdf-config
No valid eps viewer found. Please set in ./input/mg5_configuration.txt
No valid web browser found. Please set in ./input/mg5_configuration.txt
import /pool/condor/dir_17067/genproductions/bin/MadGraph5_aMCatNLO/WmWpToLmNujj_01j_aTGC_pTW-150toInf_mWV-150to600_4f_NLO_FXFX/WmWpToLmNujj_01j_aTGC_pTW-150toInf_mWV-150to600_4f_NLO_FXFX_gridpack/work/WmWpToLmNujj_01j_aTGC_pTW-150toInf_mWV-150to600_4f_NLO_FXFX_proc_card.dat
The import format was not given, so we guess it as command
import model EWdim6NLO-no_cmass_cwwwcbcw
fail to load model but auto_convert_model is on True. Trying to convert the model
convert model /pool/condor/dir_17067/genproductions/bin/MadGraph5_aMCatNLO/WmWpToLmNujj_01j_aTGC_pTW-150toInf_mWV-150to600_4f_NLO_FXFX/WmWpToLmNujj_01j_aTGC_pTW-150toInf_mWV-150to600_4f_NLO_FXFX_gridpack/work/MG5_aMC_v2_9_12/models/EWdim6NLO
retry the load of the model
import model EWdim6NLO-no_cmass_cwwwcbcw
INFO: load particles 
INFO: load vertices 
INFO: Restrict model EWdim6NLO-no_cmass_cwwwcbcw with file MG5_aMC_v2_9_12/models/EWdim6NLO/restrict_no_cmass_cwwwcbcw.dat . 
INFO: Run "set stdout_level DEBUG" before import for more information. 
INFO: Change particles name to pass to MG5 convention 
Defined multiparticle p = g u c d s u~ c~ d~ s~
Defined multiparticle j = g u c d s u~ c~ d~ s~
Defined multiparticle l+ = e+ mu+
Defined multiparticle l- = e- mu-
Defined multiparticle vl = ve vm vt
Defined multiparticle vl~ = ve~ vm~ vt~
Defined multiparticle all = g ghg ghg~ u c d s u~ c~ d~ s~ a gha gha~ ve vm vt e- mu- ta- ve~ vm~ vt~ e+ mu+ ta+ t b t~ b~ z w+ ghz ghwp ghwm h w- ghz~ ghwp~ ghwm~
INFO: Change particles name to pass to MG5 convention 
Kept definitions of multiparticles p / j / l+ / l- / vl / vl~ unchanged
Defined multiparticle all = g ghg ghg~ u c d s u~ c~ d~ s~ a gha gha~ ve vm vt e- mu- ta- ve~ vm~ vt~ e+ mu+ ta+ t b t~ b~ z w+ ghz ghwp ghwm h w- ghz~ ghwp~ ghwm~
define j = g u c d s u~ c~ d~ s~
Defined multiparticle j = g u c d s u~ c~ d~ s~
define p = g u c d s u~ c~ d~ s~
Defined multiparticle p = g u c d s u~ c~ d~ s~
define ell+ = e+ mu+ ta+
Defined multiparticle ell+ = e+ mu+ ta+
define ell- = e- mu- ta-
Defined multiparticle ell- = e- mu- ta-
define V = w+ w-
Defined multiparticle v = w+ w-
define vl = ve vm vt
Defined multiparticle vl = ve vm vt
define vl~ = ve~ vm~ vt~
Defined multiparticle vl~ = ve~ vm~ vt~
generate p p > ell- vl~ w+ $$ t t~ H QED=3 [QCD] @0
[1;34mInterpreting 'QED=3' as 'QED<=3'[0m
INFO: Generating FKS-subtracted matrix elements for born process: u u~ > e- ve~ w+ NP<=2 QED<=3 [ all = QCD ] $$ t t~ h (1 / 24) 
INFO: Generating FKS-subtracted matrix elements for born process: u u~ > mu- vm~ w+ NP<=2 QED<=3 [ all = QCD ] $$ t t~ h (2 / 24) 
INFO: Generating FKS-subtracted matrix elements for born process: u u~ > ta- vt~ w+ NP<=2 QED<=3 [ all = QCD ] $$ t t~ h (3 / 24) 
INFO: Generating FKS-subtracted matrix elements for born process: c c~ > e- ve~ w+ NP<=2 QED<=3 [ all = QCD ] $$ t t~ h (4 / 24) 
INFO: Generating FKS-subtracted matrix elements for born process: c c~ > mu- vm~ w+ NP<=2 QED<=3 [ all = QCD ] $$ t t~ h (5 / 24) 
INFO: Generating FKS-subtracted matrix elements for born process: c c~ > ta- vt~ w+ NP<=2 QED<=3 [ all = QCD ] $$ t t~ h (6 / 24) 
INFO: Generating FKS-subtracted matrix elements for born process: d d~ > e- ve~ w+ NP<=2 QED<=3 [ all = QCD ] $$ t t~ h (7 / 24) 
INFO: Generating FKS-subtracted matrix elements for born process: d d~ > mu- vm~ w+ NP<=2 QED<=3 [ all = QCD ] $$ t t~ h (8 / 24) 
INFO: Generating FKS-subtracted matrix elements for born process: d d~ > ta- vt~ w+ NP<=2 QED<=3 [ all = QCD ] $$ t t~ h (9 / 24) 
INFO: Generating FKS-subtracted matrix elements for born process: s s~ > e- ve~ w+ NP<=2 QED<=3 [ all = QCD ] $$ t t~ h (10 / 24) 
INFO: Generating FKS-subtracted matrix elements for born process: s s~ > mu- vm~ w+ NP<=2 QED<=3 [ all = QCD ] $$ t t~ h (11 / 24) 
INFO: Generating FKS-subtracted matrix elements for born process: s s~ > ta- vt~ w+ NP<=2 QED<=3 [ all = QCD ] $$ t t~ h (12 / 24) 
INFO: Generating FKS-subtracted matrix elements for born process: u~ u > e- ve~ w+ NP<=2 QED<=3 [ all = QCD ] $$ t t~ h (13 / 24) 
INFO: Generating FKS-subtracted matrix elements for born process: u~ u > mu- vm~ w+ NP<=2 QED<=3 [ all = QCD ] $$ t t~ h (14 / 24) 
INFO: Generating FKS-subtracted matrix elements for born process: u~ u > ta- vt~ w+ NP<=2 QED<=3 [ all = QCD ] $$ t t~ h (15 / 24) 
INFO: Generating FKS-subtracted matrix elements for born process: c~ c > e- ve~ w+ NP<=2 QED<=3 [ all = QCD ] $$ t t~ h (16 / 24) 
INFO: Generating FKS-subtracted matrix elements for born process: c~ c > mu- vm~ w+ NP<=2 QED<=3 [ all = QCD ] $$ t t~ h (17 / 24) 
INFO: Generating FKS-subtracted matrix elements for born process: c~ c > ta- vt~ w+ NP<=2 QED<=3 [ all = QCD ] $$ t t~ h (18 / 24) 
INFO: Generating FKS-subtracted matrix elements for born process: d~ d > e- ve~ w+ NP<=2 QED<=3 [ all = QCD ] $$ t t~ h (19 / 24) 
INFO: Generating FKS-subtracted matrix elements for born process: d~ d > mu- vm~ w+ NP<=2 QED<=3 [ all = QCD ] $$ t t~ h (20 / 24) 
INFO: Generating FKS-subtracted matrix elements for born process: d~ d > ta- vt~ w+ NP<=2 QED<=3 [ all = QCD ] $$ t t~ h (21 / 24) 
INFO: Generating FKS-subtracted matrix elements for born process: s~ s > e- ve~ w+ NP<=2 QED<=3 [ all = QCD ] $$ t t~ h (22 / 24) 
INFO: Generating FKS-subtracted matrix elements for born process: s~ s > mu- vm~ w+ NP<=2 QED<=3 [ all = QCD ] $$ t t~ h (23 / 24) 
INFO: Generating FKS-subtracted matrix elements for born process: s~ s > ta- vt~ w+ NP<=2 QED<=3 [ all = QCD ] $$ t t~ h (24 / 24) 
INFO: Generating virtual matrix elements using MadLoop: 
INFO: Generating virtual matrix element with MadLoop for process: u u~ > e- ve~ w+ NP<=2 QED<=3 [ all = QCD ] $$ t t~ h (1 / 24) 
INFO: Generating virtual matrix elements using MadLoop: 
INFO: Generating virtual matrix element with MadLoop for process: u u~ > mu- vm~ w+ NP<=2 QED<=3 [ all = QCD ] $$ t t~ h (2 / 24) 
INFO: Generating virtual matrix elements using MadLoop: 
INFO: Generating virtual matrix element with MadLoop for process: u u~ > ta- vt~ w+ NP<=2 QED<=3 [ all = QCD ] $$ t t~ h (3 / 24) 
INFO: Generating virtual matrix elements using MadLoop: 
INFO: Generating virtual matrix element with MadLoop for process: c c~ > e- ve~ w+ NP<=2 QED<=3 [ all = QCD ] $$ t t~ h (4 / 24) 
INFO: Generating virtual matrix elements using MadLoop: 
INFO: Generating virtual matrix element with MadLoop for process: c c~ > mu- vm~ w+ NP<=2 QED<=3 [ all = QCD ] $$ t t~ h (5 / 24) 
INFO: Generating virtual matrix elements using MadLoop: 
INFO: Generating virtual matrix element with MadLoop for process: c c~ > ta- vt~ w+ NP<=2 QED<=3 [ all = QCD ] $$ t t~ h (6 / 24) 
INFO: Generating virtual matrix elements using MadLoop: 
INFO: Generating virtual matrix element with MadLoop for process: d d~ > e- ve~ w+ NP<=2 QED<=3 [ all = QCD ] $$ t t~ h (7 / 24) 
INFO: Generating virtual matrix elements using MadLoop: 
INFO: Generating virtual matrix element with MadLoop for process: d d~ > mu- vm~ w+ NP<=2 QED<=3 [ all = QCD ] $$ t t~ h (8 / 24) 
INFO: Generating virtual matrix elements using MadLoop: 
INFO: Generating virtual matrix element with MadLoop for process: d d~ > ta- vt~ w+ NP<=2 QED<=3 [ all = QCD ] $$ t t~ h (9 / 24) 
INFO: Generating virtual matrix elements using MadLoop: 
INFO: Generating virtual matrix element with MadLoop for process: s s~ > e- ve~ w+ NP<=2 QED<=3 [ all = QCD ] $$ t t~ h (10 / 24) 
INFO: Generating virtual matrix elements using MadLoop: 
INFO: Generating virtual matrix element with MadLoop for process: s s~ > mu- vm~ w+ NP<=2 QED<=3 [ all = QCD ] $$ t t~ h (11 / 24) 
INFO: Generating virtual matrix elements using MadLoop: 
INFO: Generating virtual matrix element with MadLoop for process: s s~ > ta- vt~ w+ NP<=2 QED<=3 [ all = QCD ] $$ t t~ h (12 / 24) 
INFO: Generating virtual matrix elements using MadLoop: 
INFO: Generating virtual matrix element with MadLoop for process: u~ u > e- ve~ w+ NP<=2 QED<=3 [ all = QCD ] $$ t t~ h (13 / 24) 
INFO: Generating virtual matrix elements using MadLoop: 
INFO: Generating virtual matrix element with MadLoop for process: u~ u > mu- vm~ w+ NP<=2 QED<=3 [ all = QCD ] $$ t t~ h (14 / 24) 
INFO: Generating virtual matrix elements using MadLoop: 
INFO: Generating virtual matrix element with MadLoop for process: u~ u > ta- vt~ w+ NP<=2 QED<=3 [ all = QCD ] $$ t t~ h (15 / 24) 
INFO: Generating virtual matrix elements using MadLoop: 
INFO: Generating virtual matrix element with MadLoop for process: c~ c > e- ve~ w+ NP<=2 QED<=3 [ all = QCD ] $$ t t~ h (16 / 24) 
INFO: Generating virtual matrix elements using MadLoop: 
INFO: Generating virtual matrix element with MadLoop for process: c~ c > mu- vm~ w+ NP<=2 QED<=3 [ all = QCD ] $$ t t~ h (17 / 24) 
INFO: Generating virtual matrix elements using MadLoop: 
INFO: Generating virtual matrix element with MadLoop for process: c~ c > ta- vt~ w+ NP<=2 QED<=3 [ all = QCD ] $$ t t~ h (18 / 24) 
INFO: Generating virtual matrix elements using MadLoop: 
INFO: Generating virtual matrix element with MadLoop for process: d~ d > e- ve~ w+ NP<=2 QED<=3 [ all = QCD ] $$ t t~ h (19 / 24) 
INFO: Generating virtual matrix elements using MadLoop: 
INFO: Generating virtual matrix element with MadLoop for process: d~ d > mu- vm~ w+ NP<=2 QED<=3 [ all = QCD ] $$ t t~ h (20 / 24) 
INFO: Generating virtual matrix elements using MadLoop: 
INFO: Generating virtual matrix element with MadLoop for process: d~ d > ta- vt~ w+ NP<=2 QED<=3 [ all = QCD ] $$ t t~ h (21 / 24) 
INFO: Generating virtual matrix elements using MadLoop: 
INFO: Generating virtual matrix element with MadLoop for process: s~ s > e- ve~ w+ NP<=2 QED<=3 [ all = QCD ] $$ t t~ h (22 / 24) 
INFO: Generating virtual matrix elements using MadLoop: 
INFO: Generating virtual matrix element with MadLoop for process: s~ s > mu- vm~ w+ NP<=2 QED<=3 [ all = QCD ] $$ t t~ h (23 / 24) 
INFO: Generating virtual matrix elements using MadLoop: 
INFO: Generating virtual matrix element with MadLoop for process: s~ s > ta- vt~ w+ NP<=2 QED<=3 [ all = QCD ] $$ t t~ h (24 / 24) 
INFO: Generated 24 subprocesses with 1224 real emission diagrams, 192 born diagrams and 264 virtual diagrams 
add process p p > ell- vl~ w+ j $$ t t~ H QED=3 [QCD] @1
[1;34mInterpreting 'QED=3' as 'QED<=3'[0m
INFO: Generating FKS-subtracted matrix elements for born process: g u > e- ve~ w+ u NP<=2 QED<=3 [ all = QCD ] $$ t t~ h @1 (1 / 72) 
INFO: Generating FKS-subtracted matrix elements for born process: g u > mu- vm~ w+ u NP<=2 QED<=3 [ all = QCD ] $$ t t~ h @1 (2 / 72) 
INFO: Generating FKS-subtracted matrix elements for born process: g u > ta- vt~ w+ u NP<=2 QED<=3 [ all = QCD ] $$ t t~ h @1 (3 / 72) 
INFO: Generating FKS-subtracted matrix elements for born process: g c > e- ve~ w+ c NP<=2 QED<=3 [ all = QCD ] $$ t t~ h @1 (4 / 72) 
INFO: Generating FKS-subtracted matrix elements for born process: g c > mu- vm~ w+ c NP<=2 QED<=3 [ all = QCD ] $$ t t~ h @1 (5 / 72) 
INFO: Generating FKS-subtracted matrix elements for born process: g c > ta- vt~ w+ c NP<=2 QED<=3 [ all = QCD ] $$ t t~ h @1 (6 / 72) 
INFO: Generating FKS-subtracted matrix elements for born process: g d > e- ve~ w+ d NP<=2 QED<=3 [ all = QCD ] $$ t t~ h @1 (7 / 72) 
INFO: Generating FKS-subtracted matrix elements for born process: g d > mu- vm~ w+ d NP<=2 QED<=3 [ all = QCD ] $$ t t~ h @1 (8 / 72) 
INFO: Generating FKS-subtracted matrix elements for born process: g d > ta- vt~ w+ d NP<=2 QED<=3 [ all = QCD ] $$ t t~ h @1 (9 / 72) 
INFO: Generating FKS-subtracted matrix elements for born process: g s > e- ve~ w+ s NP<=2 QED<=3 [ all = QCD ] $$ t t~ h @1 (10 / 72) 
INFO: Generating FKS-subtracted matrix elements for born process: g s > mu- vm~ w+ s NP<=2 QED<=3 [ all = QCD ] $$ t t~ h @1 (11 / 72) 
INFO: Generating FKS-subtracted matrix elements for born process: g s > ta- vt~ w+ s NP<=2 QED<=3 [ all = QCD ] $$ t t~ h @1 (12 / 72) 
INFO: Generating FKS-subtracted matrix elements for born process: g u~ > e- ve~ w+ u~ NP<=2 QED<=3 [ all = QCD ] $$ t t~ h @1 (13 / 72) 
INFO: Generating FKS-subtracted matrix elements for born process: g u~ > mu- vm~ w+ u~ NP<=2 QED<=3 [ all = QCD ] $$ t t~ h @1 (14 / 72) 
INFO: Generating FKS-subtracted matrix elements for born process: g u~ > ta- vt~ w+ u~ NP<=2 QED<=3 [ all = QCD ] $$ t t~ h @1 (15 / 72) 
INFO: Generating FKS-subtracted matrix elements for born process: g c~ > e- ve~ w+ c~ NP<=2 QED<=3 [ all = QCD ] $$ t t~ h @1 (16 / 72) 
INFO: Generating FKS-subtracted matrix elements for born process: g c~ > mu- vm~ w+ c~ NP<=2 QED<=3 [ all = QCD ] $$ t t~ h @1 (17 / 72) 
INFO: Generating FKS-subtracted matrix elements for born process: g c~ > ta- vt~ w+ c~ NP<=2 QED<=3 [ all = QCD ] $$ t t~ h @1 (18 / 72) 
INFO: Generating FKS-subtracted matrix elements for born process: g d~ > e- ve~ w+ d~ NP<=2 QED<=3 [ all = QCD ] $$ t t~ h @1 (19 / 72) 
INFO: Generating FKS-subtracted matrix elements for born process: g d~ > mu- vm~ w+ d~ NP<=2 QED<=3 [ all = QCD ] $$ t t~ h @1 (20 / 72) 
INFO: Generating FKS-subtracted matrix elements for born process: g d~ > ta- vt~ w+ d~ NP<=2 QED<=3 [ all = QCD ] $$ t t~ h @1 (21 / 72) 
INFO: Generating FKS-subtracted matrix elements for born process: g s~ > e- ve~ w+ s~ NP<=2 QED<=3 [ all = QCD ] $$ t t~ h @1 (22 / 72) 
INFO: Generating FKS-subtracted matrix elements for born process: g s~ > mu- vm~ w+ s~ NP<=2 QED<=3 [ all = QCD ] $$ t t~ h @1 (23 / 72) 
INFO: Generating FKS-subtracted matrix elements for born process: g s~ > ta- vt~ w+ s~ NP<=2 QED<=3 [ all = QCD ] $$ t t~ h @1 (24 / 72) 
INFO: Generating FKS-subtracted matrix elements for born process: u g > e- ve~ w+ u NP<=2 QED<=3 [ all = QCD ] $$ t t~ h @1 (25 / 72) 
INFO: Generating FKS-subtracted matrix elements for born process: u g > mu- vm~ w+ u NP<=2 QED<=3 [ all = QCD ] $$ t t~ h @1 (26 / 72) 
INFO: Generating FKS-subtracted matrix elements for born process: u g > ta- vt~ w+ u NP<=2 QED<=3 [ all = QCD ] $$ t t~ h @1 (27 / 72) 
INFO: Generating FKS-subtracted matrix elements for born process: u u~ > e- ve~ w+ g NP<=2 QED<=3 [ all = QCD ] $$ t t~ h @1 (28 / 72) 
INFO: Generating FKS-subtracted matrix elements for born process: u u~ > mu- vm~ w+ g NP<=2 QED<=3 [ all = QCD ] $$ t t~ h @1 (29 / 72) 
INFO: Generating FKS-subtracted matrix elements for born process: u u~ > ta- vt~ w+ g NP<=2 QED<=3 [ all = QCD ] $$ t t~ h @1 (30 / 72) 
INFO: Generating FKS-subtracted matrix elements for born process: c g > e- ve~ w+ c NP<=2 QED<=3 [ all = QCD ] $$ t t~ h @1 (31 / 72) 
INFO: Generating FKS-subtracted matrix elements for born process: c g > mu- vm~ w+ c NP<=2 QED<=3 [ all = QCD ] $$ t t~ h @1 (32 / 72) 
INFO: Generating FKS-subtracted matrix elements for born process: c g > ta- vt~ w+ c NP<=2 QED<=3 [ all = QCD ] $$ t t~ h @1 (33 / 72) 
INFO: Generating FKS-subtracted matrix elements for born process: c c~ > e- ve~ w+ g NP<=2 QED<=3 [ all = QCD ] $$ t t~ h @1 (34 / 72) 
INFO: Generating FKS-subtracted matrix elements for born process: c c~ > mu- vm~ w+ g NP<=2 QED<=3 [ all = QCD ] $$ t t~ h @1 (35 / 72) 
INFO: Generating FKS-subtracted matrix elements for born process: c c~ > ta- vt~ w+ g NP<=2 QED<=3 [ all = QCD ] $$ t t~ h @1 (36 / 72) 
INFO: Generating FKS-subtracted matrix elements for born process: d g > e- ve~ w+ d NP<=2 QED<=3 [ all = QCD ] $$ t t~ h @1 (37 / 72) 
INFO: Generating FKS-subtracted matrix elements for born process: d g > mu- vm~ w+ d NP<=2 QED<=3 [ all = QCD ] $$ t t~ h @1 (38 / 72) 
INFO: Generating FKS-subtracted matrix elements for born process: d g > ta- vt~ w+ d NP<=2 QED<=3 [ all = QCD ] $$ t t~ h @1 (39 / 72) 
INFO: Generating FKS-subtracted matrix elements for born process: d d~ > e- ve~ w+ g NP<=2 QED<=3 [ all = QCD ] $$ t t~ h @1 (40 / 72) 
INFO: Generating FKS-subtracted matrix elements for born process: d d~ > mu- vm~ w+ g NP<=2 QED<=3 [ all = QCD ] $$ t t~ h @1 (41 / 72) 
INFO: Generating FKS-subtracted matrix elements for born process: d d~ > ta- vt~ w+ g NP<=2 QED<=3 [ all = QCD ] $$ t t~ h @1 (42 / 72) 
INFO: Generating FKS-subtracted matrix elements for born process: s g > e- ve~ w+ s NP<=2 QED<=3 [ all = QCD ] $$ t t~ h @1 (43 / 72) 
INFO: Generating FKS-subtracted matrix elements for born process: s g > mu- vm~ w+ s NP<=2 QED<=3 [ all = QCD ] $$ t t~ h @1 (44 / 72) 
INFO: Generating FKS-subtracted matrix elements for born process: s g > ta- vt~ w+ s NP<=2 QED<=3 [ all = QCD ] $$ t t~ h @1 (45 / 72) 
INFO: Generating FKS-subtracted matrix elements for born process: s s~ > e- ve~ w+ g NP<=2 QED<=3 [ all = QCD ] $$ t t~ h @1 (46 / 72) 
INFO: Generating FKS-subtracted matrix elements for born process: s s~ > mu- vm~ w+ g NP<=2 QED<=3 [ all = QCD ] $$ t t~ h @1 (47 / 72) 
INFO: Generating FKS-subtracted matrix elements for born process: s s~ > ta- vt~ w+ g NP<=2 QED<=3 [ all = QCD ] $$ t t~ h @1 (48 / 72) 
INFO: Generating FKS-subtracted matrix elements for born process: u~ g > e- ve~ w+ u~ NP<=2 QED<=3 [ all = QCD ] $$ t t~ h @1 (49 / 72) 
INFO: Generating FKS-subtracted matrix elements for born process: u~ g > mu- vm~ w+ u~ NP<=2 QED<=3 [ all = QCD ] $$ t t~ h @1 (50 / 72) 
INFO: Generating FKS-subtracted matrix elements for born process: u~ g > ta- vt~ w+ u~ NP<=2 QED<=3 [ all = QCD ] $$ t t~ h @1 (51 / 72) 
INFO: Generating FKS-subtracted matrix elements for born process: u~ u > e- ve~ w+ g NP<=2 QED<=3 [ all = QCD ] $$ t t~ h @1 (52 / 72) 
INFO: Generating FKS-subtracted matrix elements for born process: u~ u > mu- vm~ w+ g NP<=2 QED<=3 [ all = QCD ] $$ t t~ h @1 (53 / 72) 
INFO: Generating FKS-subtracted matrix elements for born process: u~ u > ta- vt~ w+ g NP<=2 QED<=3 [ all = QCD ] $$ t t~ h @1 (54 / 72) 
INFO: Generating FKS-subtracted matrix elements for born process: c~ g > e- ve~ w+ c~ NP<=2 QED<=3 [ all = QCD ] $$ t t~ h @1 (55 / 72) 
INFO: Generating FKS-subtracted matrix elements for born process: c~ g > mu- vm~ w+ c~ NP<=2 QED<=3 [ all = QCD ] $$ t t~ h @1 (56 / 72) 
INFO: Generating FKS-subtracted matrix elements for born process: c~ g > ta- vt~ w+ c~ NP<=2 QED<=3 [ all = QCD ] $$ t t~ h @1 (57 / 72) 
INFO: Generating FKS-subtracted matrix elements for born process: c~ c > e- ve~ w+ g NP<=2 QED<=3 [ all = QCD ] $$ t t~ h @1 (58 / 72) 
INFO: Generating FKS-subtracted matrix elements for born process: c~ c > mu- vm~ w+ g NP<=2 QED<=3 [ all = QCD ] $$ t t~ h @1 (59 / 72) 
INFO: Generating FKS-subtracted matrix elements for born process: c~ c > ta- vt~ w+ g NP<=2 QED<=3 [ all = QCD ] $$ t t~ h @1 (60 / 72) 
INFO: Generating FKS-subtracted matrix elements for born process: d~ g > e- ve~ w+ d~ NP<=2 QED<=3 [ all = QCD ] $$ t t~ h @1 (61 / 72) 
INFO: Generating FKS-subtracted matrix elements for born process: d~ g > mu- vm~ w+ d~ NP<=2 QED<=3 [ all = QCD ] $$ t t~ h @1 (62 / 72) 
INFO: Generating FKS-subtracted matrix elements for born process: d~ g > ta- vt~ w+ d~ NP<=2 QED<=3 [ all = QCD ] $$ t t~ h @1 (63 / 72) 
INFO: Generating FKS-subtracted matrix elements for born process: d~ d > e- ve~ w+ g NP<=2 QED<=3 [ all = QCD ] $$ t t~ h @1 (64 / 72) 
INFO: Generating FKS-subtracted matrix elements for born process: d~ d > mu- vm~ w+ g NP<=2 QED<=3 [ all = QCD ] $$ t t~ h @1 (65 / 72) 
INFO: Generating FKS-subtracted matrix elements for born process: d~ d > ta- vt~ w+ g NP<=2 QED<=3 [ all = QCD ] $$ t t~ h @1 (66 / 72) 
INFO: Generating FKS-subtracted matrix elements for born process: s~ g > e- ve~ w+ s~ NP<=2 QED<=3 [ all = QCD ] $$ t t~ h @1 (67 / 72) 
INFO: Generating FKS-subtracted matrix elements for born process: s~ g > mu- vm~ w+ s~ NP<=2 QED<=3 [ all = QCD ] $$ t t~ h @1 (68 / 72) 
INFO: Generating FKS-subtracted matrix elements for born process: s~ g > ta- vt~ w+ s~ NP<=2 QED<=3 [ all = QCD ] $$ t t~ h @1 (69 / 72) 
INFO: Generating FKS-subtracted matrix elements for born process: s~ s > e- ve~ w+ g NP<=2 QED<=3 [ all = QCD ] $$ t t~ h @1 (70 / 72) 
INFO: Generating FKS-subtracted matrix elements for born process: s~ s > mu- vm~ w+ g NP<=2 QED<=3 [ all = QCD ] $$ t t~ h @1 (71 / 72) 
INFO: Generating FKS-subtracted matrix elements for born process: s~ s > ta- vt~ w+ g NP<=2 QED<=3 [ all = QCD ] $$ t t~ h @1 (72 / 72) 
INFO: Generating virtual matrix elements using MadLoop: 
INFO: Generating virtual matrix element with MadLoop for process: g u > e- ve~ w+ u NP<=2 QCD<=1 QED<=3 [ all = QCD ] $$ t t~ h @1 (1 / 72) 
INFO: Generating virtual matrix elements using MadLoop: 
INFO: Generating virtual matrix element with MadLoop for process: g u > mu- vm~ w+ u NP<=2 QCD<=1 QED<=3 [ all = QCD ] $$ t t~ h @1 (2 / 72) 
INFO: Generating virtual matrix elements using MadLoop: 
INFO: Generating virtual matrix element with MadLoop for process: g u > ta- vt~ w+ u NP<=2 QCD<=1 QED<=3 [ all = QCD ] $$ t t~ h @1 (3 / 72) 
INFO: Generating virtual matrix elements using MadLoop: 
INFO: Generating virtual matrix element with MadLoop for process: g c > e- ve~ w+ c NP<=2 QCD<=1 QED<=3 [ all = QCD ] $$ t t~ h @1 (4 / 72) 
INFO: Generating virtual matrix elements using MadLoop: 
INFO: Generating virtual matrix element with MadLoop for process: g c > mu- vm~ w+ c NP<=2 QCD<=1 QED<=3 [ all = QCD ] $$ t t~ h @1 (5 / 72) 
INFO: Generating virtual matrix elements using MadLoop: 
INFO: Generating virtual matrix element with MadLoop for process: g c > ta- vt~ w+ c NP<=2 QCD<=1 QED<=3 [ all = QCD ] $$ t t~ h @1 (6 / 72) 
INFO: Generating virtual matrix elements using MadLoop: 
INFO: Generating virtual matrix element with MadLoop for process: g d > e- ve~ w+ d NP<=2 QCD<=1 QED<=3 [ all = QCD ] $$ t t~ h @1 (7 / 72) 
INFO: Generating virtual matrix elements using MadLoop: 
INFO: Generating virtual matrix element with MadLoop for process: g d > mu- vm~ w+ d NP<=2 QCD<=1 QED<=3 [ all = QCD ] $$ t t~ h @1 (8 / 72) 
INFO: Generating virtual matrix elements using MadLoop: 
INFO: Generating virtual matrix element with MadLoop for process: g d > ta- vt~ w+ d NP<=2 QCD<=1 QED<=3 [ all = QCD ] $$ t t~ h @1 (9 / 72) 
INFO: Generating virtual matrix elements using MadLoop: 
INFO: Generating virtual matrix element with MadLoop for process: g s > e- ve~ w+ s NP<=2 QCD<=1 QED<=3 [ all = QCD ] $$ t t~ h @1 (10 / 72) 
INFO: Generating virtual matrix elements using MadLoop: 
INFO: Generating virtual matrix element with MadLoop for process: g s > mu- vm~ w+ s NP<=2 QCD<=1 QED<=3 [ all = QCD ] $$ t t~ h @1 (11 / 72) 
INFO: Generating virtual matrix elements using MadLoop: 
INFO: Generating virtual matrix element with MadLoop for process: g s > ta- vt~ w+ s NP<=2 QCD<=1 QED<=3 [ all = QCD ] $$ t t~ h @1 (12 / 72) 
INFO: Generating virtual matrix elements using MadLoop: 
INFO: Generating virtual matrix element with MadLoop for process: g u~ > e- ve~ w+ u~ NP<=2 QCD<=1 QED<=3 [ all = QCD ] $$ t t~ h @1 (13 / 72) 
INFO: Generating virtual matrix elements using MadLoop: 
INFO: Generating virtual matrix element with MadLoop for process: g u~ > mu- vm~ w+ u~ NP<=2 QCD<=1 QED<=3 [ all = QCD ] $$ t t~ h @1 (14 / 72) 
INFO: Generating virtual matrix elements using MadLoop: 
INFO: Generating virtual matrix element with MadLoop for process: g u~ > ta- vt~ w+ u~ NP<=2 QCD<=1 QED<=3 [ all = QCD ] $$ t t~ h @1 (15 / 72) 
INFO: Generating virtual matrix elements using MadLoop: 
INFO: Generating virtual matrix element with MadLoop for process: g c~ > e- ve~ w+ c~ NP<=2 QCD<=1 QED<=3 [ all = QCD ] $$ t t~ h @1 (16 / 72) 
INFO: Generating virtual matrix elements using MadLoop: 
INFO: Generating virtual matrix element with MadLoop for process: g c~ > mu- vm~ w+ c~ NP<=2 QCD<=1 QED<=3 [ all = QCD ] $$ t t~ h @1 (17 / 72) 
INFO: Generating virtual matrix elements using MadLoop: 
INFO: Generating virtual matrix element with MadLoop for process: g c~ > ta- vt~ w+ c~ NP<=2 QCD<=1 QED<=3 [ all = QCD ] $$ t t~ h @1 (18 / 72) 
INFO: Generating virtual matrix elements using MadLoop: 
INFO: Generating virtual matrix element with MadLoop for process: g d~ > e- ve~ w+ d~ NP<=2 QCD<=1 QED<=3 [ all = QCD ] $$ t t~ h @1 (19 / 72) 
INFO: Generating virtual matrix elements using MadLoop: 
INFO: Generating virtual matrix element with MadLoop for process: g d~ > mu- vm~ w+ d~ NP<=2 QCD<=1 QED<=3 [ all = QCD ] $$ t t~ h @1 (20 / 72) 
INFO: Generating virtual matrix elements using MadLoop: 
INFO: Generating virtual matrix element with MadLoop for process: g d~ > ta- vt~ w+ d~ NP<=2 QCD<=1 QED<=3 [ all = QCD ] $$ t t~ h @1 (21 / 72) 
INFO: Generating virtual matrix elements using MadLoop: 
INFO: Generating virtual matrix element with MadLoop for process: g s~ > e- ve~ w+ s~ NP<=2 QCD<=1 QED<=3 [ all = QCD ] $$ t t~ h @1 (22 / 72) 
INFO: Generating virtual matrix elements using MadLoop: 
INFO: Generating virtual matrix element with MadLoop for process: g s~ > mu- vm~ w+ s~ NP<=2 QCD<=1 QED<=3 [ all = QCD ] $$ t t~ h @1 (23 / 72) 
INFO: Generating virtual matrix elements using MadLoop: 
INFO: Generating virtual matrix element with MadLoop for process: g s~ > ta- vt~ w+ s~ NP<=2 QCD<=1 QED<=3 [ all = QCD ] $$ t t~ h @1 (24 / 72) 
INFO: Generating virtual matrix elements using MadLoop: 
INFO: Generating virtual matrix element with MadLoop for process: u g > e- ve~ w+ u NP<=2 QCD<=1 QED<=3 [ all = QCD ] $$ t t~ h @1 (25 / 72) 
INFO: Generating virtual matrix elements using MadLoop: 
INFO: Generating virtual matrix element with MadLoop for process: u g > mu- vm~ w+ u NP<=2 QCD<=1 QED<=3 [ all = QCD ] $$ t t~ h @1 (26 / 72) 
INFO: Generating virtual matrix elements using MadLoop: 
INFO: Generating virtual matrix element with MadLoop for process: u g > ta- vt~ w+ u NP<=2 QCD<=1 QED<=3 [ all = QCD ] $$ t t~ h @1 (27 / 72) 
INFO: Generating virtual matrix elements using MadLoop: 
INFO: Generating virtual matrix element with MadLoop for process: u u~ > e- ve~ w+ g NP<=2 QCD<=1 QED<=3 [ all = QCD ] $$ t t~ h @1 (28 / 72) 
INFO: Generating virtual matrix elements using MadLoop: 
INFO: Generating virtual matrix element with MadLoop for process: u u~ > mu- vm~ w+ g NP<=2 QCD<=1 QED<=3 [ all = QCD ] $$ t t~ h @1 (29 / 72) 
INFO: Generating virtual matrix elements using MadLoop: 
INFO: Generating virtual matrix element with MadLoop for process: u u~ > ta- vt~ w+ g NP<=2 QCD<=1 QED<=3 [ all = QCD ] $$ t t~ h @1 (30 / 72) 
INFO: Generating virtual matrix elements using MadLoop: 
INFO: Generating virtual matrix element with MadLoop for process: c g > e- ve~ w+ c NP<=2 QCD<=1 QED<=3 [ all = QCD ] $$ t t~ h @1 (31 / 72) 
INFO: Generating virtual matrix elements using MadLoop: 
INFO: Generating virtual matrix element with MadLoop for process: c g > mu- vm~ w+ c NP<=2 QCD<=1 QED<=3 [ all = QCD ] $$ t t~ h @1 (32 / 72) 
INFO: Generating virtual matrix elements using MadLoop: 
INFO: Generating virtual matrix element with MadLoop for process: c g > ta- vt~ w+ c NP<=2 QCD<=1 QED<=3 [ all = QCD ] $$ t t~ h @1 (33 / 72) 
INFO: Generating virtual matrix elements using MadLoop: 
INFO: Generating virtual matrix element with MadLoop for process: c c~ > e- ve~ w+ g NP<=2 QCD<=1 QED<=3 [ all = QCD ] $$ t t~ h @1 (34 / 72) 
INFO: Generating virtual matrix elements using MadLoop: 
INFO: Generating virtual matrix element with MadLoop for process: c c~ > mu- vm~ w+ g NP<=2 QCD<=1 QED<=3 [ all = QCD ] $$ t t~ h @1 (35 / 72) 
INFO: Generating virtual matrix elements using MadLoop: 
INFO: Generating virtual matrix element with MadLoop for process: c c~ > ta- vt~ w+ g NP<=2 QCD<=1 QED<=3 [ all = QCD ] $$ t t~ h @1 (36 / 72) 
INFO: Generating virtual matrix elements using MadLoop: 
INFO: Generating virtual matrix element with MadLoop for process: d g > e- ve~ w+ d NP<=2 QCD<=1 QED<=3 [ all = QCD ] $$ t t~ h @1 (37 / 72) 
INFO: Generating virtual matrix elements using MadLoop: 
INFO: Generating virtual matrix element with MadLoop for process: d g > mu- vm~ w+ d NP<=2 QCD<=1 QED<=3 [ all = QCD ] $$ t t~ h @1 (38 / 72) 
INFO: Generating virtual matrix elements using MadLoop: 
INFO: Generating virtual matrix element with MadLoop for process: d g > ta- vt~ w+ d NP<=2 QCD<=1 QED<=3 [ all = QCD ] $$ t t~ h @1 (39 / 72) 
INFO: Generating virtual matrix elements using MadLoop: 
INFO: Generating virtual matrix element with MadLoop for process: d d~ > e- ve~ w+ g NP<=2 QCD<=1 QED<=3 [ all = QCD ] $$ t t~ h @1 (40 / 72) 
INFO: Generating virtual matrix elements using MadLoop: 
INFO: Generating virtual matrix element with MadLoop for process: d d~ > mu- vm~ w+ g NP<=2 QCD<=1 QED<=3 [ all = QCD ] $$ t t~ h @1 (41 / 72) 
INFO: Generating virtual matrix elements using MadLoop: 
INFO: Generating virtual matrix element with MadLoop for process: d d~ > ta- vt~ w+ g NP<=2 QCD<=1 QED<=3 [ all = QCD ] $$ t t~ h @1 (42 / 72) 
INFO: Generating virtual matrix elements using MadLoop: 
INFO: Generating virtual matrix element with MadLoop for process: s g > e- ve~ w+ s NP<=2 QCD<=1 QED<=3 [ all = QCD ] $$ t t~ h @1 (43 / 72) 
INFO: Generating virtual matrix elements using MadLoop: 
INFO: Generating virtual matrix element with MadLoop for process: s g > mu- vm~ w+ s NP<=2 QCD<=1 QED<=3 [ all = QCD ] $$ t t~ h @1 (44 / 72) 
INFO: Generating virtual matrix elements using MadLoop: 
INFO: Generating virtual matrix element with MadLoop for process: s g > ta- vt~ w+ s NP<=2 QCD<=1 QED<=3 [ all = QCD ] $$ t t~ h @1 (45 / 72) 
INFO: Generating virtual matrix elements using MadLoop: 
INFO: Generating virtual matrix element with MadLoop for process: s s~ > e- ve~ w+ g NP<=2 QCD<=1 QED<=3 [ all = QCD ] $$ t t~ h @1 (46 / 72) 
INFO: Generating virtual matrix elements using MadLoop: 
INFO: Generating virtual matrix element with MadLoop for process: s s~ > mu- vm~ w+ g NP<=2 QCD<=1 QED<=3 [ all = QCD ] $$ t t~ h @1 (47 / 72) 
INFO: Generating virtual matrix elements using MadLoop: 
INFO: Generating virtual matrix element with MadLoop for process: s s~ > ta- vt~ w+ g NP<=2 QCD<=1 QED<=3 [ all = QCD ] $$ t t~ h @1 (48 / 72) 
INFO: Generating virtual matrix elements using MadLoop: 
INFO: Generating virtual matrix element with MadLoop for process: u~ g > e- ve~ w+ u~ NP<=2 QCD<=1 QED<=3 [ all = QCD ] $$ t t~ h @1 (49 / 72) 
INFO: Generating virtual matrix elements using MadLoop: 
INFO: Generating virtual matrix element with MadLoop for process: u~ g > mu- vm~ w+ u~ NP<=2 QCD<=1 QED<=3 [ all = QCD ] $$ t t~ h @1 (50 / 72) 
INFO: Generating virtual matrix elements using MadLoop: 
INFO: Generating virtual matrix element with MadLoop for process: u~ g > ta- vt~ w+ u~ NP<=2 QCD<=1 QED<=3 [ all = QCD ] $$ t t~ h @1 (51 / 72) 
INFO: Generating virtual matrix elements using MadLoop: 
INFO: Generating virtual matrix element with MadLoop for process: u~ u > e- ve~ w+ g NP<=2 QCD<=1 QED<=3 [ all = QCD ] $$ t t~ h @1 (52 / 72) 
INFO: Generating virtual matrix elements using MadLoop: 
INFO: Generating virtual matrix element with MadLoop for process: u~ u > mu- vm~ w+ g NP<=2 QCD<=1 QED<=3 [ all = QCD ] $$ t t~ h @1 (53 / 72) 
INFO: Generating virtual matrix elements using MadLoop: 
INFO: Generating virtual matrix element with MadLoop for process: u~ u > ta- vt~ w+ g NP<=2 QCD<=1 QED<=3 [ all = QCD ] $$ t t~ h @1 (54 / 72) 
INFO: Generating virtual matrix elements using MadLoop: 
INFO: Generating virtual matrix element with MadLoop for process: c~ g > e- ve~ w+ c~ NP<=2 QCD<=1 QED<=3 [ all = QCD ] $$ t t~ h @1 (55 / 72) 
INFO: Generating virtual matrix elements using MadLoop: 
INFO: Generating virtual matrix element with MadLoop for process: c~ g > mu- vm~ w+ c~ NP<=2 QCD<=1 QED<=3 [ all = QCD ] $$ t t~ h @1 (56 / 72) 
INFO: Generating virtual matrix elements using MadLoop: 
INFO: Generating virtual matrix element with MadLoop for process: c~ g > ta- vt~ w+ c~ NP<=2 QCD<=1 QED<=3 [ all = QCD ] $$ t t~ h @1 (57 / 72) 
INFO: Generating virtual matrix elements using MadLoop: 
INFO: Generating virtual matrix element with MadLoop for process: c~ c > e- ve~ w+ g NP<=2 QCD<=1 QED<=3 [ all = QCD ] $$ t t~ h @1 (58 / 72) 
INFO: Generating virtual matrix elements using MadLoop: 
INFO: Generating virtual matrix element with MadLoop for process: c~ c > mu- vm~ w+ g NP<=2 QCD<=1 QED<=3 [ all = QCD ] $$ t t~ h @1 (59 / 72) 
INFO: Generating virtual matrix elements using MadLoop: 
INFO: Generating virtual matrix element with MadLoop for process: c~ c > ta- vt~ w+ g NP<=2 QCD<=1 QED<=3 [ all = QCD ] $$ t t~ h @1 (60 / 72) 
INFO: Generating virtual matrix elements using MadLoop: 
INFO: Generating virtual matrix element with MadLoop for process: d~ g > e- ve~ w+ d~ NP<=2 QCD<=1 QED<=3 [ all = QCD ] $$ t t~ h @1 (61 / 72) 
INFO: Generating virtual matrix elements using MadLoop: 
INFO: Generating virtual matrix element with MadLoop for process: d~ g > mu- vm~ w+ d~ NP<=2 QCD<=1 QED<=3 [ all = QCD ] $$ t t~ h @1 (62 / 72) 
INFO: Generating virtual matrix elements using MadLoop: 
INFO: Generating virtual matrix element with MadLoop for process: d~ g > ta- vt~ w+ d~ NP<=2 QCD<=1 QED<=3 [ all = QCD ] $$ t t~ h @1 (63 / 72) 
INFO: Generating virtual matrix elements using MadLoop: 
INFO: Generating virtual matrix element with MadLoop for process: d~ d > e- ve~ w+ g NP<=2 QCD<=1 QED<=3 [ all = QCD ] $$ t t~ h @1 (64 / 72) 
INFO: Generating virtual matrix elements using MadLoop: 
INFO: Generating virtual matrix element with MadLoop for process: d~ d > mu- vm~ w+ g NP<=2 QCD<=1 QED<=3 [ all = QCD ] $$ t t~ h @1 (65 / 72) 
INFO: Generating virtual matrix elements using MadLoop: 
INFO: Generating virtual matrix element with MadLoop for process: d~ d > ta- vt~ w+ g NP<=2 QCD<=1 QED<=3 [ all = QCD ] $$ t t~ h @1 (66 / 72) 
INFO: Generating virtual matrix elements using MadLoop: 
INFO: Generating virtual matrix element with MadLoop for process: s~ g > e- ve~ w+ s~ NP<=2 QCD<=1 QED<=3 [ all = QCD ] $$ t t~ h @1 (67 / 72) 
INFO: Generating virtual matrix elements using MadLoop: 
INFO: Generating virtual matrix element with MadLoop for process: s~ g > mu- vm~ w+ s~ NP<=2 QCD<=1 QED<=3 [ all = QCD ] $$ t t~ h @1 (68 / 72) 
INFO: Generating virtual matrix elements using MadLoop: 
INFO: Generating virtual matrix element with MadLoop for process: s~ g > ta- vt~ w+ s~ NP<=2 QCD<=1 QED<=3 [ all = QCD ] $$ t t~ h @1 (69 / 72) 
INFO: Generating virtual matrix elements using MadLoop: 
INFO: Generating virtual matrix element with MadLoop for process: s~ s > e- ve~ w+ g NP<=2 QCD<=1 QED<=3 [ all = QCD ] $$ t t~ h @1 (70 / 72) 
INFO: Generating virtual matrix elements using MadLoop: 
INFO: Generating virtual matrix element with MadLoop for process: s~ s > mu- vm~ w+ g NP<=2 QCD<=1 QED<=3 [ all = QCD ] $$ t t~ h @1 (71 / 72) 
INFO: Generating virtual matrix elements using MadLoop: 
INFO: Generating virtual matrix element with MadLoop for process: s~ s > ta- vt~ w+ g NP<=2 QCD<=1 QED<=3 [ all = QCD ] $$ t t~ h @1 (72 / 72) 
INFO: Generated 72 subprocesses with 19404 real emission diagrams, 1224 born diagrams and 10872 virtual diagrams 
output WmWpToLmNujj_01j_aTGC_pTW-150toInf_mWV-150to600_4f_NLO_FXFX -nojpeg
[1mFirst output using loop matrix-elements has been detected. Now asking for loop reduction:[0m
For loop computations, MadLoop requires dedicated tools to perform the reduction of loop Feynman diagrams using OPP-based and/or TIR approaches.

Which one do you want to install? (this needs to be done only once)
1. [34mcuttools  (OPP) [0711.3596]  [0m : will be installed (required)
2. [34miregi     (TIR) [1405.0301]  [0m : will be installed (required)
3. [34mninja     (OPP) [1403.1229]  [0m : [92mwill be installed [0m(recommended)
4. [34mcollier   (TIR) [1604.06792] [0m : [91mdo not install[0m
5. [34mgolem     (TIR) [0807.0605]  [0m : [91mdo not install[0m
You can:
 -> hit 'enter' to proceed
 -> type a number to cycle its options
 -> enter the following command:
    [34m{tool_name}[0m [[34minstall[0m|[34mnoinstall[0m|[34m{prefixed_installation_path}[0m]

[1m[91mIf you are unsure about what this question means, just type enter to proceed. [0m
[1;34mfound line : display multiparticles[0m
[1;34mThis answer is not valid for current question. Keep it for next question and use here default: 0[0m
install ninja
[1m   You are installing 'ninja', please cite ref(s): [92marXiv:1203.0291, arXiv:1403.1229, arXiv:1604.01363[0m. [0m
Downloading the HEPToolInstaller at:
   http://madgraph.phys.ucl.ac.be//Downloads/HEPToolsInstaller/HEPToolsInstaller_V168.tar.gz
Now installing ninja. Be patient...
Detected 'ninja' missing dependency: 'oneloop'. Will install it now.
Fetching data with command:
  wget --no-check-certificate http://helac-phegas.web.cern.ch/helac-phegas/tar-files/OneLOop-3.6.tgz
--2022-11-30 11:30:57--  http://helac-phegas.web.cern.ch/helac-phegas/tar-files/OneLOop-3.6.tgz
Resolving helac-phegas.web.cern.ch (helac-phegas.web.cern.ch)... 188.184.100.128
Connecting to helac-phegas.web.cern.ch (helac-phegas.web.cern.ch)|188.184.100.128|:80... connected.
HTTP request sent, awaiting response... 301 Moved Permanently
Location: https://helac-phegas.web.cern.ch/tar-files/OneLOop-3.6.tgz [following]
--2022-11-30 11:30:57--  https://helac-phegas.web.cern.ch/tar-files/OneLOop-3.6.tgz
Connecting to helac-phegas.web.cern.ch (helac-phegas.web.cern.ch)|188.184.100.128|:443... connected.
HTTP request sent, awaiting response... 200 OK
Length: 111734 (109K) [application/x-compressed]
Saving to: 'OneLOop-3.6.tgz'

     0K .......... .......... .......... .......... .......... 45% 78.7M 0s
    50K .......... .......... .......... .......... .......... 91%  161M 0s
   100K .........                                             100%  175M=0.001s

2022-11-30 11:30:57 (109 MB/s) - 'OneLOop-3.6.tgz' saved [111734/111734]

Installing tool 'oneloop'...
    > Follow the installation progress by running the command below in a separate terminal)
    > tail -f /pool/condor/dir_17067/genproductions/bin/MadGraph5_aMCatNLO/WmWpToLmNujj_01j_aTGC_pTW-150toInf_mWV-150to600_4f_NLO_FXFX/WmWpToLmNujj_01j_aTGC_pTW-150toInf_mWV-150to600_4f_NLO_FXFX_gridpack/work/MG5_aMC_v2_9_12/HEPTools/oneloop/oneloop_install.log
    > Successful installation of dependency 'oneloop' in '/pool/condor/dir_17067/genproductions/bin/MadGraph5_aMCatNLO/WmWpToLmNujj_01j_aTGC_pTW-150toInf_mWV-150to600_4f_NLO_FXFX/WmWpToLmNujj_01j_aTGC_pTW-150toInf_mWV-150to600_4f_NLO_FXFX_gridpack/work/MG5_aMC_v2_9_12/HEPTools'.
    > See installation log at '/pool/condor/dir_17067/genproductions/bin/MadGraph5_aMCatNLO/WmWpToLmNujj_01j_aTGC_pTW-150toInf_mWV-150to600_4f_NLO_FXFX/WmWpToLmNujj_01j_aTGC_pTW-150toInf_mWV-150to600_4f_NLO_FXFX_gridpack/work/MG5_aMC_v2_9_12/HEPTools/oneloop/oneloop_install.log'.
Fetching data with command:
  wget --no-check-certificate https://ninja.hepforge.org/downloads//ninja-1.1.0.tar.gz
--2022-11-30 11:31:10--  https://ninja.hepforge.org/downloads//ninja-1.1.0.tar.gz
Resolving ninja.hepforge.org (ninja.hepforge.org)... 129.234.186.186
Connecting to ninja.hepforge.org (ninja.hepforge.org)|129.234.186.186|:443... connected.
HTTP request sent, awaiting response... 302 Found
Location: /downloads?f=/ninja-1.1.0.tar.gz [following]
--2022-11-30 11:31:10--  https://ninja.hepforge.org/downloads?f=/ninja-1.1.0.tar.gz
Reusing existing connection to ninja.hepforge.org:443.
HTTP request sent, awaiting response... 302 Found
Location: /downloads?f=ninja-1.1.0.tar.gz [following]
--2022-11-30 11:31:10--  https://ninja.hepforge.org/downloads?f=ninja-1.1.0.tar.gz
Reusing existing connection to ninja.hepforge.org:443.
HTTP request sent, awaiting response... 200 OK
Length: unspecified [application/x-gzip]
Saving to: 'ninja-1.1.0.tar.gz'

     0K .......... .......... .......... .......... ..........  922K
    50K .......... .......... .......... .......... .......... 1.92M
   100K .......... .......... .......... .......... ..........  186M
   150K .......... .......... .......... .......... .......... 1.93M
   200K .......... .......... .......... .......... ..........  163M
   250K .......... .......... .......... .......... ..........  266M
   300K .......... .......... .......... .......... ..........  294M
   350K .......... .......... .......... .......... ..........  278M
   400K .......... .......... .......... .......... .......... 1.94M
   450K .......... .......... .......... .......... ..........  241M
   500K .......... .......... .......... .......... ..........  253M
   550K .......... .......                                      321M=0.1s

2022-11-30 11:31:10 (4.21 MB/s) - 'ninja-1.1.0.tar.gz' saved [581566]

Installing tool 'ninja'...
    > Follow the installation progress by running the command below in a separate terminal)
    > tail -f /pool/condor/dir_17067/genproductions/bin/MadGraph5_aMCatNLO/WmWpToLmNujj_01j_aTGC_pTW-150toInf_mWV-150to600_4f_NLO_FXFX/WmWpToLmNujj_01j_aTGC_pTW-150toInf_mWV-150to600_4f_NLO_FXFX_gridpack/work/MG5_aMC_v2_9_12/HEPTools/ninja/ninja_install.log
Successful installation of 'ninja' in '/pool/condor/dir_17067/genproductions/bin/MadGraph5_aMCatNLO/WmWpToLmNujj_01j_aTGC_pTW-150toInf_mWV-150to600_4f_NLO_FXFX/WmWpToLmNujj_01j_aTGC_pTW-150toInf_mWV-150to600_4f_NLO_FXFX_gridpack/work/MG5_aMC_v2_9_12/HEPTools'.
[1;32mninja successfully installed in /pool/condor/dir_17067/genproductions/bin/MadGraph5_aMCatNLO/WmWpToLmNujj_01j_aTGC_pTW-150toInf_mWV-150to600_4f_NLO_FXFX/WmWpToLmNujj_01j_aTGC_pTW-150toInf_mWV-150to600_4f_NLO_FXFX_gridpack/work/MG5_aMC_v2_9_12/HEPTools.[0m
save configuration file to /pool/condor/dir_17067/genproductions/bin/MadGraph5_aMCatNLO/WmWpToLmNujj_01j_aTGC_pTW-150toInf_mWV-150to600_4f_NLO_FXFX/WmWpToLmNujj_01j_aTGC_pTW-150toInf_mWV-150to600_4f_NLO_FXFX_gridpack/work/MG5_aMC_v2_9_12/input/mg5_configuration.txt
set collier ''
save options collier
save configuration file to /pool/condor/dir_17067/genproductions/bin/MadGraph5_aMCatNLO/WmWpToLmNujj_01j_aTGC_pTW-150toInf_mWV-150to600_4f_NLO_FXFX/WmWpToLmNujj_01j_aTGC_pTW-150toInf_mWV-150to600_4f_NLO_FXFX_gridpack/work/MG5_aMC_v2_9_12/input/mg5_configuration.txt
save options collier
save configuration file to /pool/condor/dir_17067/genproductions/bin/MadGraph5_aMCatNLO/WmWpToLmNujj_01j_aTGC_pTW-150toInf_mWV-150to600_4f_NLO_FXFX/WmWpToLmNujj_01j_aTGC_pTW-150toInf_mWV-150to600_4f_NLO_FXFX_gridpack/work/MG5_aMC_v2_9_12/input/mg5_configuration.txt
set golem ''
save options golem
save configuration file to /pool/condor/dir_17067/genproductions/bin/MadGraph5_aMCatNLO/WmWpToLmNujj_01j_aTGC_pTW-150toInf_mWV-150to600_4f_NLO_FXFX/WmWpToLmNujj_01j_aTGC_pTW-150toInf_mWV-150to600_4f_NLO_FXFX_gridpack/work/MG5_aMC_v2_9_12/input/mg5_configuration.txt
save options golem
save configuration file to /pool/condor/dir_17067/genproductions/bin/MadGraph5_aMCatNLO/WmWpToLmNujj_01j_aTGC_pTW-150toInf_mWV-150to600_4f_NLO_FXFX/WmWpToLmNujj_01j_aTGC_pTW-150toInf_mWV-150to600_4f_NLO_FXFX_gridpack/work/MG5_aMC_v2_9_12/input/mg5_configuration.txt
INFO: Writing out the aMC@NLO code, using optimized Loops 
INFO: initialize a new directory: WmWpToLmNujj_01j_aTGC_pTW-150toInf_mWV-150to600_4f_NLO_FXFX 
INFO: remove old information in WmWpToLmNujj_01j_aTGC_pTW-150toInf_mWV-150to600_4f_NLO_FXFX 
[1mINFO: Compiling CutTools. This has to be done only once and can take a couple of minutes. [0m
[1mINFO: Compiling IREGI. This has to be done only once and can take a couple of minutes. [0m
INFO: Generating real emission matrix-elements... 
INFO: Generating Helas calls for FKS process: u u~ > e- ve~ w+ NP<=2 QED<=3 [ all = QCD ] $$ t t~ h (1 / 96) 
INFO: Processing color information for process: u u~ > e- ve~ w+ NP<=2 QED<=3 [ all = QCD ] $$ t t~ h 
INFO: Generating Helas calls for FKS process: u u~ > mu- vm~ w+ NP<=2 QED<=3 [ all = QCD ] $$ t t~ h (2 / 96) 
INFO: Generating Helas calls for FKS process: u u~ > ta- vt~ w+ NP<=2 QED<=3 [ all = QCD ] $$ t t~ h (3 / 96) 
INFO: Generating Helas calls for FKS process: c c~ > e- ve~ w+ NP<=2 QED<=3 [ all = QCD ] $$ t t~ h (4 / 96) 
INFO: Generating Helas calls for FKS process: c c~ > mu- vm~ w+ NP<=2 QED<=3 [ all = QCD ] $$ t t~ h (5 / 96) 
INFO: Generating Helas calls for FKS process: c c~ > ta- vt~ w+ NP<=2 QED<=3 [ all = QCD ] $$ t t~ h (6 / 96) 
INFO: Generating Helas calls for FKS process: d d~ > e- ve~ w+ NP<=2 QED<=3 [ all = QCD ] $$ t t~ h (7 / 96) 
INFO: Reusing existing color information for process: d d~ > e- ve~ w+ NP<=2 QED<=3 [ all = QCD ] $$ t t~ h 
INFO: Generating Helas calls for FKS process: d d~ > mu- vm~ w+ NP<=2 QED<=3 [ all = QCD ] $$ t t~ h (8 / 96) 
INFO: Generating Helas calls for FKS process: d d~ > ta- vt~ w+ NP<=2 QED<=3 [ all = QCD ] $$ t t~ h (9 / 96) 
INFO: Generating Helas calls for FKS process: s s~ > e- ve~ w+ NP<=2 QED<=3 [ all = QCD ] $$ t t~ h (10 / 96) 
INFO: Generating Helas calls for FKS process: s s~ > mu- vm~ w+ NP<=2 QED<=3 [ all = QCD ] $$ t t~ h (11 / 96) 
INFO: Generating Helas calls for FKS process: s s~ > ta- vt~ w+ NP<=2 QED<=3 [ all = QCD ] $$ t t~ h (12 / 96) 
INFO: Generating Helas calls for FKS process: u~ u > e- ve~ w+ NP<=2 QED<=3 [ all = QCD ] $$ t t~ h (13 / 96) 
INFO: Processing color information for process: u~ u > e- ve~ w+ NP<=2 QED<=3 [ all = QCD ] $$ t t~ h 
INFO: Generating Helas calls for FKS process: u~ u > mu- vm~ w+ NP<=2 QED<=3 [ all = QCD ] $$ t t~ h (14 / 96) 
INFO: Generating Helas calls for FKS process: u~ u > ta- vt~ w+ NP<=2 QED<=3 [ all = QCD ] $$ t t~ h (15 / 96) 
INFO: Generating Helas calls for FKS process: c~ c > e- ve~ w+ NP<=2 QED<=3 [ all = QCD ] $$ t t~ h (16 / 96) 
INFO: Generating Helas calls for FKS process: c~ c > mu- vm~ w+ NP<=2 QED<=3 [ all = QCD ] $$ t t~ h (17 / 96) 
INFO: Generating Helas calls for FKS process: c~ c > ta- vt~ w+ NP<=2 QED<=3 [ all = QCD ] $$ t t~ h (18 / 96) 
INFO: Generating Helas calls for FKS process: d~ d > e- ve~ w+ NP<=2 QED<=3 [ all = QCD ] $$ t t~ h (19 / 96) 
INFO: Reusing existing color information for process: d~ d > e- ve~ w+ NP<=2 QED<=3 [ all = QCD ] $$ t t~ h 
INFO: Generating Helas calls for FKS process: d~ d > mu- vm~ w+ NP<=2 QED<=3 [ all = QCD ] $$ t t~ h (20 / 96) 
INFO: Generating Helas calls for FKS process: d~ d > ta- vt~ w+ NP<=2 QED<=3 [ all = QCD ] $$ t t~ h (21 / 96) 
INFO: Generating Helas calls for FKS process: s~ s > e- ve~ w+ NP<=2 QED<=3 [ all = QCD ] $$ t t~ h (22 / 96) 
INFO: Generating Helas calls for FKS process: s~ s > mu- vm~ w+ NP<=2 QED<=3 [ all = QCD ] $$ t t~ h (23 / 96) 
INFO: Generating Helas calls for FKS process: s~ s > ta- vt~ w+ NP<=2 QED<=3 [ all = QCD ] $$ t t~ h (24 / 96) 
INFO: Generating Helas calls for FKS process: g u > e- ve~ w+ u NP<=2 QED<=3 [ all = QCD ] $$ t t~ h @1 (25 / 96) 
INFO: Processing color information for process: g u > e- ve~ w+ u NP<=2 QED<=3 [ all = QCD ] $$ t t~ h @1 
INFO: Generating Helas calls for FKS process: g u > mu- vm~ w+ u NP<=2 QED<=3 [ all = QCD ] $$ t t~ h @1 (26 / 96) 
INFO: Generating Helas calls for FKS process: g u > ta- vt~ w+ u NP<=2 QED<=3 [ all = QCD ] $$ t t~ h @1 (27 / 96) 
INFO: Generating Helas calls for FKS process: g c > e- ve~ w+ c NP<=2 QED<=3 [ all = QCD ] $$ t t~ h @1 (28 / 96) 
INFO: Generating Helas calls for FKS process: g c > mu- vm~ w+ c NP<=2 QED<=3 [ all = QCD ] $$ t t~ h @1 (29 / 96) 
INFO: Generating Helas calls for FKS process: g c > ta- vt~ w+ c NP<=2 QED<=3 [ all = QCD ] $$ t t~ h @1 (30 / 96) 
INFO: Generating Helas calls for FKS process: g d > e- ve~ w+ d NP<=2 QED<=3 [ all = QCD ] $$ t t~ h @1 (31 / 96) 
INFO: Processing color information for process: g d > e- ve~ w+ d NP<=2 QED<=3 [ all = QCD ] $$ t t~ h @1 
INFO: Generating Helas calls for FKS process: g d > mu- vm~ w+ d NP<=2 QED<=3 [ all = QCD ] $$ t t~ h @1 (32 / 96) 
INFO: Generating Helas calls for FKS process: g d > ta- vt~ w+ d NP<=2 QED<=3 [ all = QCD ] $$ t t~ h @1 (33 / 96) 
INFO: Generating Helas calls for FKS process: g s > e- ve~ w+ s NP<=2 QED<=3 [ all = QCD ] $$ t t~ h @1 (34 / 96) 
INFO: Generating Helas calls for FKS process: g s > mu- vm~ w+ s NP<=2 QED<=3 [ all = QCD ] $$ t t~ h @1 (35 / 96) 
INFO: Generating Helas calls for FKS process: g s > ta- vt~ w+ s NP<=2 QED<=3 [ all = QCD ] $$ t t~ h @1 (36 / 96) 
INFO: Generating Helas calls for FKS process: g u~ > e- ve~ w+ u~ NP<=2 QED<=3 [ all = QCD ] $$ t t~ h @1 (37 / 96) 
INFO: Processing color information for process: g u~ > e- ve~ w+ u~ NP<=2 QED<=3 [ all = QCD ] $$ t t~ h @1 
INFO: Generating Helas calls for FKS process: g u~ > mu- vm~ w+ u~ NP<=2 QED<=3 [ all = QCD ] $$ t t~ h @1 (38 / 96) 
INFO: Generating Helas calls for FKS process: g u~ > ta- vt~ w+ u~ NP<=2 QED<=3 [ all = QCD ] $$ t t~ h @1 (39 / 96) 
INFO: Generating Helas calls for FKS process: g c~ > e- ve~ w+ c~ NP<=2 QED<=3 [ all = QCD ] $$ t t~ h @1 (40 / 96) 
INFO: Generating Helas calls for FKS process: g c~ > mu- vm~ w+ c~ NP<=2 QED<=3 [ all = QCD ] $$ t t~ h @1 (41 / 96) 
INFO: Generating Helas calls for FKS process: g c~ > ta- vt~ w+ c~ NP<=2 QED<=3 [ all = QCD ] $$ t t~ h @1 (42 / 96) 
INFO: Generating Helas calls for FKS process: g d~ > e- ve~ w+ d~ NP<=2 QED<=3 [ all = QCD ] $$ t t~ h @1 (43 / 96) 
INFO: Processing color information for process: g d~ > e- ve~ w+ d~ NP<=2 QED<=3 [ all = QCD ] $$ t t~ h @1 
INFO: Generating Helas calls for FKS process: g d~ > mu- vm~ w+ d~ NP<=2 QED<=3 [ all = QCD ] $$ t t~ h @1 (44 / 96) 
INFO: Generating Helas calls for FKS process: g d~ > ta- vt~ w+ d~ NP<=2 QED<=3 [ all = QCD ] $$ t t~ h @1 (45 / 96) 
INFO: Generating Helas calls for FKS process: g s~ > e- ve~ w+ s~ NP<=2 QED<=3 [ all = QCD ] $$ t t~ h @1 (46 / 96) 
INFO: Generating Helas calls for FKS process: g s~ > mu- vm~ w+ s~ NP<=2 QED<=3 [ all = QCD ] $$ t t~ h @1 (47 / 96) 
INFO: Generating Helas calls for FKS process: g s~ > ta- vt~ w+ s~ NP<=2 QED<=3 [ all = QCD ] $$ t t~ h @1 (48 / 96) 
INFO: Generating Helas calls for FKS process: u g > e- ve~ w+ u NP<=2 QED<=3 [ all = QCD ] $$ t t~ h @1 (49 / 96) 
INFO: Processing color information for process: u g > e- ve~ w+ u NP<=2 QED<=3 [ all = QCD ] $$ t t~ h @1 
INFO: Generating Helas calls for FKS process: u g > mu- vm~ w+ u NP<=2 QED<=3 [ all = QCD ] $$ t t~ h @1 (50 / 96) 
INFO: Generating Helas calls for FKS process: u g > ta- vt~ w+ u NP<=2 QED<=3 [ all = QCD ] $$ t t~ h @1 (51 / 96) 
INFO: Generating Helas calls for FKS process: u u~ > e- ve~ w+ g NP<=2 QED<=3 [ all = QCD ] $$ t t~ h @1 (52 / 96) 
INFO: Processing color information for process: u u~ > e- ve~ w+ g NP<=2 QED<=3 [ all = QCD ] $$ t t~ h @1 
INFO: Generating Helas calls for FKS process: u u~ > mu- vm~ w+ g NP<=2 QED<=3 [ all = QCD ] $$ t t~ h @1 (53 / 96) 
INFO: Generating Helas calls for FKS process: u u~ > ta- vt~ w+ g NP<=2 QED<=3 [ all = QCD ] $$ t t~ h @1 (54 / 96) 
INFO: Generating Helas calls for FKS process: c g > e- ve~ w+ c NP<=2 QED<=3 [ all = QCD ] $$ t t~ h @1 (55 / 96) 
INFO: Generating Helas calls for FKS process: c g > mu- vm~ w+ c NP<=2 QED<=3 [ all = QCD ] $$ t t~ h @1 (56 / 96) 
INFO: Generating Helas calls for FKS process: c g > ta- vt~ w+ c NP<=2 QED<=3 [ all = QCD ] $$ t t~ h @1 (57 / 96) 
INFO: Generating Helas calls for FKS process: c c~ > e- ve~ w+ g NP<=2 QED<=3 [ all = QCD ] $$ t t~ h @1 (58 / 96) 
INFO: Generating Helas calls for FKS process: c c~ > mu- vm~ w+ g NP<=2 QED<=3 [ all = QCD ] $$ t t~ h @1 (59 / 96) 
INFO: Generating Helas calls for FKS process: c c~ > ta- vt~ w+ g NP<=2 QED<=3 [ all = QCD ] $$ t t~ h @1 (60 / 96) 
INFO: Generating Helas calls for FKS process: d g > e- ve~ w+ d NP<=2 QED<=3 [ all = QCD ] $$ t t~ h @1 (61 / 96) 
INFO: Processing color information for process: d g > e- ve~ w+ d NP<=2 QED<=3 [ all = QCD ] $$ t t~ h @1 
INFO: Generating Helas calls for FKS process: d g > mu- vm~ w+ d NP<=2 QED<=3 [ all = QCD ] $$ t t~ h @1 (62 / 96) 
INFO: Generating Helas calls for FKS process: d g > ta- vt~ w+ d NP<=2 QED<=3 [ all = QCD ] $$ t t~ h @1 (63 / 96) 
INFO: Generating Helas calls for FKS process: d d~ > e- ve~ w+ g NP<=2 QED<=3 [ all = QCD ] $$ t t~ h @1 (64 / 96) 
INFO: Processing color information for process: d d~ > e- ve~ w+ g NP<=2 QED<=3 [ all = QCD ] $$ t t~ h @1 
INFO: Generating Helas calls for FKS process: d d~ > mu- vm~ w+ g NP<=2 QED<=3 [ all = QCD ] $$ t t~ h @1 (65 / 96) 
INFO: Generating Helas calls for FKS process: d d~ > ta- vt~ w+ g NP<=2 QED<=3 [ all = QCD ] $$ t t~ h @1 (66 / 96) 
INFO: Generating Helas calls for FKS process: s g > e- ve~ w+ s NP<=2 QED<=3 [ all = QCD ] $$ t t~ h @1 (67 / 96) 
INFO: Generating Helas calls for FKS process: s g > mu- vm~ w+ s NP<=2 QED<=3 [ all = QCD ] $$ t t~ h @1 (68 / 96) 
INFO: Generating Helas calls for FKS process: s g > ta- vt~ w+ s NP<=2 QED<=3 [ all = QCD ] $$ t t~ h @1 (69 / 96) 
INFO: Generating Helas calls for FKS process: s s~ > e- ve~ w+ g NP<=2 QED<=3 [ all = QCD ] $$ t t~ h @1 (70 / 96) 
INFO: Generating Helas calls for FKS process: s s~ > mu- vm~ w+ g NP<=2 QED<=3 [ all = QCD ] $$ t t~ h @1 (71 / 96) 
INFO: Generating Helas calls for FKS process: s s~ > ta- vt~ w+ g NP<=2 QED<=3 [ all = QCD ] $$ t t~ h @1 (72 / 96) 
INFO: Generating Helas calls for FKS process: u~ g > e- ve~ w+ u~ NP<=2 QED<=3 [ all = QCD ] $$ t t~ h @1 (73 / 96) 
INFO: Processing color information for process: u~ g > e- ve~ w+ u~ NP<=2 QED<=3 [ all = QCD ] $$ t t~ h @1 
INFO: Generating Helas calls for FKS process: u~ g > mu- vm~ w+ u~ NP<=2 QED<=3 [ all = QCD ] $$ t t~ h @1 (74 / 96) 
INFO: Generating Helas calls for FKS process: u~ g > ta- vt~ w+ u~ NP<=2 QED<=3 [ all = QCD ] $$ t t~ h @1 (75 / 96) 
INFO: Generating Helas calls for FKS process: u~ u > e- ve~ w+ g NP<=2 QED<=3 [ all = QCD ] $$ t t~ h @1 (76 / 96) 
INFO: Processing color information for process: u~ u > e- ve~ w+ g NP<=2 QED<=3 [ all = QCD ] $$ t t~ h @1 
INFO: Generating Helas calls for FKS process: u~ u > mu- vm~ w+ g NP<=2 QED<=3 [ all = QCD ] $$ t t~ h @1 (77 / 96) 
INFO: Generating Helas calls for FKS process: u~ u > ta- vt~ w+ g NP<=2 QED<=3 [ all = QCD ] $$ t t~ h @1 (78 / 96) 
INFO: Generating Helas calls for FKS process: c~ g > e- ve~ w+ c~ NP<=2 QED<=3 [ all = QCD ] $$ t t~ h @1 (79 / 96) 
INFO: Generating Helas calls for FKS process: c~ g > mu- vm~ w+ c~ NP<=2 QED<=3 [ all = QCD ] $$ t t~ h @1 (80 / 96) 
INFO: Generating Helas calls for FKS process: c~ g > ta- vt~ w+ c~ NP<=2 QED<=3 [ all = QCD ] $$ t t~ h @1 (81 / 96) 
INFO: Generating Helas calls for FKS process: c~ c > e- ve~ w+ g NP<=2 QED<=3 [ all = QCD ] $$ t t~ h @1 (82 / 96) 
INFO: Generating Helas calls for FKS process: c~ c > mu- vm~ w+ g NP<=2 QED<=3 [ all = QCD ] $$ t t~ h @1 (83 / 96) 
INFO: Generating Helas calls for FKS process: c~ c > ta- vt~ w+ g NP<=2 QED<=3 [ all = QCD ] $$ t t~ h @1 (84 / 96) 
INFO: Generating Helas calls for FKS process: d~ g > e- ve~ w+ d~ NP<=2 QED<=3 [ all = QCD ] $$ t t~ h @1 (85 / 96) 
INFO: Processing color information for process: d~ g > e- ve~ w+ d~ NP<=2 QED<=3 [ all = QCD ] $$ t t~ h @1 
INFO: Generating Helas calls for FKS process: d~ g > mu- vm~ w+ d~ NP<=2 QED<=3 [ all = QCD ] $$ t t~ h @1 (86 / 96) 
INFO: Generating Helas calls for FKS process: d~ g > ta- vt~ w+ d~ NP<=2 QED<=3 [ all = QCD ] $$ t t~ h @1 (87 / 96) 
INFO: Generating Helas calls for FKS process: d~ d > e- ve~ w+ g NP<=2 QED<=3 [ all = QCD ] $$ t t~ h @1 (88 / 96) 
INFO: Processing color information for process: d~ d > e- ve~ w+ g NP<=2 QED<=3 [ all = QCD ] $$ t t~ h @1 
INFO: Generating Helas calls for FKS process: d~ d > mu- vm~ w+ g NP<=2 QED<=3 [ all = QCD ] $$ t t~ h @1 (89 / 96) 
INFO: Generating Helas calls for FKS process: d~ d > ta- vt~ w+ g NP<=2 QED<=3 [ all = QCD ] $$ t t~ h @1 (90 / 96) 
INFO: Generating Helas calls for FKS process: s~ g > e- ve~ w+ s~ NP<=2 QED<=3 [ all = QCD ] $$ t t~ h @1 (91 / 96) 
INFO: Generating Helas calls for FKS process: s~ g > mu- vm~ w+ s~ NP<=2 QED<=3 [ all = QCD ] $$ t t~ h @1 (92 / 96) 
INFO: Generating Helas calls for FKS process: s~ g > ta- vt~ w+ s~ NP<=2 QED<=3 [ all = QCD ] $$ t t~ h @1 (93 / 96) 
INFO: Generating Helas calls for FKS process: s~ s > e- ve~ w+ g NP<=2 QED<=3 [ all = QCD ] $$ t t~ h @1 (94 / 96) 
INFO: Generating Helas calls for FKS process: s~ s > mu- vm~ w+ g NP<=2 QED<=3 [ all = QCD ] $$ t t~ h @1 (95 / 96) 
INFO: Generating Helas calls for FKS process: s~ s > ta- vt~ w+ g NP<=2 QED<=3 [ all = QCD ] $$ t t~ h @1 (96 / 96) 
INFO: ... Done 
INFO: Writing files in P0_uux_emvexwp (1 / 16) 
INFO: Creating files in directory V0_uux_emvexwp 
ALOHA: aloha creates FFV1 set of routines with options: L3
INFO: Computing diagram color coefficients 
INFO: Drawing loop Feynman diagrams for Process: u u~ > e- ve~ w+ NP<=2 QED<=3 [ all = QCD ] $$ t t~ h 
INFO: Generating born Feynman diagrams for Process: u u~ > e- ve~ w+ NP<=2 QED<=3 [ all = QCD ] $$ t t~ h 
INFO: Writing files in P0_ddx_emvexwp (2 / 16) 
INFO: Creating files in directory V0_ddx_emvexwp 
ALOHA: aloha creates FFV3 set of routines with options: L2
INFO: Computing diagram color coefficients 
INFO: Drawing loop Feynman diagrams for Process: d d~ > e- ve~ w+ NP<=2 QED<=3 [ all = QCD ] $$ t t~ h 
INFO: Generating born Feynman diagrams for Process: d d~ > e- ve~ w+ NP<=2 QED<=3 [ all = QCD ] $$ t t~ h 
INFO: Writing files in P0_uxu_emvexwp (3 / 16) 
INFO: Creating files in directory V0_uxu_emvexwp 
ALOHA: aloha creates FFV1 set of routines with options: L1
INFO: Computing diagram color coefficients 
INFO: Drawing loop Feynman diagrams for Process: u~ u > e- ve~ w+ NP<=2 QED<=3 [ all = QCD ] $$ t t~ h 
INFO: Generating born Feynman diagrams for Process: u~ u > e- ve~ w+ NP<=2 QED<=3 [ all = QCD ] $$ t t~ h 
INFO: Writing files in P0_dxd_emvexwp (4 / 16) 
INFO: Creating files in directory V0_dxd_emvexwp 
ALOHA: aloha creates FFV3 set of routines with options: L1
INFO: Computing diagram color coefficients 
INFO: Drawing loop Feynman diagrams for Process: d~ d > e- ve~ w+ NP<=2 QED<=3 [ all = QCD ] $$ t t~ h 
INFO: Generating born Feynman diagrams for Process: d~ d > e- ve~ w+ NP<=2 QED<=3 [ all = QCD ] $$ t t~ h 
INFO: Writing files in P1_gu_emvexwpu (5 / 16) 
INFO: Creating files in directory V1_gu_emvexwpu 
ALOHA: aloha creates VVV8 set of routines with options: L2,P0
INFO: Computing diagram color coefficients 
INFO: Drawing loop Feynman diagrams for Process: g u > e- ve~ w+ u NP<=2 QCD<=1 QED<=3 [ all = QCD ] $$ t t~ h @1 
INFO: Generating born Feynman diagrams for Process: g u > e- ve~ w+ u NP<=2 QCD<=1 QED<=3 [ all = QCD ] $$ t t~ h @1 
INFO: Writing files in P1_gd_emvexwpd (6 / 16) 
INFO: Creating files in directory V1_gd_emvexwpd 
INFO: Computing diagram color coefficients 
INFO: Drawing loop Feynman diagrams for Process: g d > e- ve~ w+ d NP<=2 QCD<=1 QED<=3 [ all = QCD ] $$ t t~ h @1 
INFO: Generating born Feynman diagrams for Process: g d > e- ve~ w+ d NP<=2 QCD<=1 QED<=3 [ all = QCD ] $$ t t~ h @1 
INFO: Writing files in P1_gux_emvexwpux (7 / 16) 
INFO: Creating files in directory V1_gux_emvexwpux 
INFO: Computing diagram color coefficients 
INFO: Drawing loop Feynman diagrams for Process: g u~ > e- ve~ w+ u~ NP<=2 QCD<=1 QED<=3 [ all = QCD ] $$ t t~ h @1 
INFO: Generating born Feynman diagrams for Process: g u~ > e- ve~ w+ u~ NP<=2 QCD<=1 QED<=3 [ all = QCD ] $$ t t~ h @1 
INFO: Writing files in P1_gdx_emvexwpdx (8 / 16) 
INFO: Creating files in directory V1_gdx_emvexwpdx 
INFO: Computing diagram color coefficients 
INFO: Drawing loop Feynman diagrams for Process: g d~ > e- ve~ w+ d~ NP<=2 QCD<=1 QED<=3 [ all = QCD ] $$ t t~ h @1 
INFO: Generating born Feynman diagrams for Process: g d~ > e- ve~ w+ d~ NP<=2 QCD<=1 QED<=3 [ all = QCD ] $$ t t~ h @1 
INFO: Writing files in P1_ug_emvexwpu (9 / 16) 
INFO: Creating files in directory V1_ug_emvexwpu 
INFO: Computing diagram color coefficients 
INFO: Drawing loop Feynman diagrams for Process: u g > e- ve~ w+ u NP<=2 QCD<=1 QED<=3 [ all = QCD ] $$ t t~ h @1 
INFO: Generating born Feynman diagrams for Process: u g > e- ve~ w+ u NP<=2 QCD<=1 QED<=3 [ all = QCD ] $$ t t~ h @1 
INFO: Writing files in P1_uux_emvexwpg (10 / 16) 
INFO: Creating files in directory V1_uux_emvexwpg 
INFO: Computing diagram color coefficients 
INFO: Drawing loop Feynman diagrams for Process: u u~ > e- ve~ w+ g NP<=2 QCD<=1 QED<=3 [ all = QCD ] $$ t t~ h @1 
INFO: Generating born Feynman diagrams for Process: u u~ > e- ve~ w+ g NP<=2 QCD<=1 QED<=3 [ all = QCD ] $$ t t~ h @1 
INFO: Writing files in P1_dg_emvexwpd (11 / 16) 
INFO: Creating files in directory V1_dg_emvexwpd 
INFO: Computing diagram color coefficients 
INFO: Drawing loop Feynman diagrams for Process: d g > e- ve~ w+ d NP<=2 QCD<=1 QED<=3 [ all = QCD ] $$ t t~ h @1 
INFO: Generating born Feynman diagrams for Process: d g > e- ve~ w+ d NP<=2 QCD<=1 QED<=3 [ all = QCD ] $$ t t~ h @1 
INFO: Writing files in P1_ddx_emvexwpg (12 / 16) 
INFO: Creating files in directory V1_ddx_emvexwpg 
INFO: Computing diagram color coefficients 
INFO: Drawing loop Feynman diagrams for Process: d d~ > e- ve~ w+ g NP<=2 QCD<=1 QED<=3 [ all = QCD ] $$ t t~ h @1 
INFO: Generating born Feynman diagrams for Process: d d~ > e- ve~ w+ g NP<=2 QCD<=1 QED<=3 [ all = QCD ] $$ t t~ h @1 
INFO: Writing files in P1_uxg_emvexwpux (13 / 16) 
INFO: Creating files in directory V1_uxg_emvexwpux 
INFO: Computing diagram color coefficients 
INFO: Drawing loop Feynman diagrams for Process: u~ g > e- ve~ w+ u~ NP<=2 QCD<=1 QED<=3 [ all = QCD ] $$ t t~ h @1 
INFO: Generating born Feynman diagrams for Process: u~ g > e- ve~ w+ u~ NP<=2 QCD<=1 QED<=3 [ all = QCD ] $$ t t~ h @1 
INFO: Writing files in P1_uxu_emvexwpg (14 / 16) 
INFO: Creating files in directory V1_uxu_emvexwpg 
INFO: Computing diagram color coefficients 
INFO: Drawing loop Feynman diagrams for Process: u~ u > e- ve~ w+ g NP<=2 QCD<=1 QED<=3 [ all = QCD ] $$ t t~ h @1 
INFO: Generating born Feynman diagrams for Process: u~ u > e- ve~ w+ g NP<=2 QCD<=1 QED<=3 [ all = QCD ] $$ t t~ h @1 
INFO: Writing files in P1_dxg_emvexwpdx (15 / 16) 
INFO: Creating files in directory V1_dxg_emvexwpdx 
INFO: Computing diagram color coefficients 
INFO: Drawing loop Feynman diagrams for Process: d~ g > e- ve~ w+ d~ NP<=2 QCD<=1 QED<=3 [ all = QCD ] $$ t t~ h @1 
INFO: Generating born Feynman diagrams for Process: d~ g > e- ve~ w+ d~ NP<=2 QCD<=1 QED<=3 [ all = QCD ] $$ t t~ h @1 
INFO: Writing files in P1_dxd_emvexwpg (16 / 16) 
INFO: Creating files in directory V1_dxd_emvexwpg 
INFO: Computing diagram color coefficients 
INFO: Drawing loop Feynman diagrams for Process: d~ d > e- ve~ w+ g NP<=2 QCD<=1 QED<=3 [ all = QCD ] $$ t t~ h @1 
INFO: Generating born Feynman diagrams for Process: d~ d > e- ve~ w+ g NP<=2 QCD<=1 QED<=3 [ all = QCD ] $$ t t~ h @1 
History written to /pool/condor/dir_17067/genproductions/bin/MadGraph5_aMCatNLO/WmWpToLmNujj_01j_aTGC_pTW-150toInf_mWV-150to600_4f_NLO_FXFX/WmWpToLmNujj_01j_aTGC_pTW-150toInf_mWV-150to600_4f_NLO_FXFX_gridpack/work/WmWpToLmNujj_01j_aTGC_pTW-150toInf_mWV-150to600_4f_NLO_FXFX/Cards/proc_card_mg5.dat
ALOHA: aloha creates VVV10 routines
ALOHA: aloha creates VVV5 routines
ALOHA: aloha creates VVV7 routines
ALOHA: aloha creates VVV8 routines
ALOHA: aloha creates FFV2 routines
ALOHA: aloha creates FFV1 routines
ALOHA: aloha creates FFV6 routines
ALOHA: aloha creates FF1 routines
ALOHA: aloha creates FFV3 routines
ALOHA: aloha creates FFV7 routines
ALOHA: aloha creates FFV8 routines
ALOHA: aloha creates VVV4 routines
ALOHA: aloha creates FFV5 routines
ALOHA: aloha creates VVVV12 routines
ALOHA: aloha creates FFV4 routines
ALOHA: aloha creates FF4 routines
ALOHA: aloha creates VVV10_5_7_8 routines
ALOHA: aloha creates FFV2_3 routines
ALOHA: aloha creates FFV2_7 routines
ALOHA: aloha creates FFV2_8 routines
ALOHA: aloha creates VVV10_4 routines
save configuration file to /pool/condor/dir_17067/genproductions/bin/MadGraph5_aMCatNLO/WmWpToLmNujj_01j_aTGC_pTW-150toInf_mWV-150to600_4f_NLO_FXFX/WmWpToLmNujj_01j_aTGC_pTW-150toInf_mWV-150to600_4f_NLO_FXFX_gridpack/work/WmWpToLmNujj_01j_aTGC_pTW-150toInf_mWV-150to600_4f_NLO_FXFX/Cards/amcatnlo_configuration.txt
INFO: Use Fortran compiler gfortran 
INFO: Use c++ compiler g++ 
INFO: Generate web pages 
INFO: Compiling StdHEP. This has to be done only once. 
Start waiting for update. (more info in debug mode)
[1;34mWARNING: StdHep failed to compiled. This forbids to run NLO+PS with PY6 and Herwig6 [0m
INFO: details on the compilation error are available on /pool/condor/dir_17067/genproductions/bin/MadGraph5_aMCatNLO/WmWpToLmNujj_01j_aTGC_pTW-150toInf_mWV-150to600_4f_NLO_FXFX/WmWpToLmNujj_01j_aTGC_pTW-150toInf_mWV-150to600_4f_NLO_FXFX_gridpack/work/MG5_aMC_v2_9_12/vendor/StdHEP/fail 
INFO: if you want to retry the compilation automatically, you have to remove that file first 
Type "launch" to generate events from this process, or see
/pool/condor/dir_17067/genproductions/bin/MadGraph5_aMCatNLO/WmWpToLmNujj_01j_aTGC_pTW-150toInf_mWV-150to600_4f_NLO_FXFX/WmWpToLmNujj_01j_aTGC_pTW-150toInf_mWV-150to600_4f_NLO_FXFX_gridpack/work/WmWpToLmNujj_01j_aTGC_pTW-150toInf_mWV-150to600_4f_NLO_FXFX/README
Run "open index.html" to see more information about this process.
display multiparticles
Multiparticle labels:
p = g u c d s u~ c~ d~ s~
j = g u c d s u~ c~ d~ s~
l+ = e+ mu+
l- = e- mu-
vl = ve vm vt
vl~ = ve~ vm~ vt~
all = g ghg ghg~ u c d s u~ c~ d~ s~ a gha gha~ ve vm vt e- mu- ta- ve~ vm~ vt~ e+ mu+ ta+ t b t~ b~ z w+ ghz ghwp ghwm h w- ghz~ ghwp~ ghwm~
ell+ = e+ mu+ ta+
ell- = e- mu- ta-
v = w+ w-
quit
Checking if MG5 is up-to-date... (takes up to 5s)
impossible to update: local 308 web 306
copying generated process to working directory
INFO: Using default PDF sets for run3 production
copying custom cuts.f file
copying custom FKS_params.dat file
copying custom reweight file
starting NLO mode
No module named 'madgraph'
 No hepmc reader since No module named 'madgraph' [1;30m[lhe_parser.py at line 50][0m
INFO: ************************************************************
*                                                          *
*           W E L C O M E  to  M A D G R A P H 5           *
*                       a M C @ N L O                      *
*                                                          *
*                 *                       *                *
*                   *        * *        *                  *
*                     * * * * 5 * * * *                    *
*                   *        * *        *                  *
*                 *                       *                *
*                                                          *
*         VERSION 5.2.9.12              20xx-xx-xx         *
*                                                          *
*    The MadGraph5_aMC@NLO Development Team - Find us at   *
*                 http://amcatnlo.cern.ch                  *
*                                                          *
*               Type 'help' for in-line help.              *
*                                                          *
************************************************************ 
INFO: load configuration from /pool/condor/dir_17067/genproductions/bin/MadGraph5_aMCatNLO/WmWpToLmNujj_01j_aTGC_pTW-150toInf_mWV-150to600_4f_NLO_FXFX/WmWpToLmNujj_01j_aTGC_pTW-150toInf_mWV-150to600_4f_NLO_FXFX_gridpack/work/processtmp/Cards/amcatnlo_configuration.txt  
INFO: load configuration from /pool/condor/dir_17067/genproductions/bin/MadGraph5_aMCatNLO/WmWpToLmNujj_01j_aTGC_pTW-150toInf_mWV-150to600_4f_NLO_FXFX/WmWpToLmNujj_01j_aTGC_pTW-150toInf_mWV-150to600_4f_NLO_FXFX_gridpack/work/MG5_aMC_v2_9_12/input/mg5_configuration.txt  
INFO: load configuration from /pool/condor/dir_17067/genproductions/bin/MadGraph5_aMCatNLO/WmWpToLmNujj_01j_aTGC_pTW-150toInf_mWV-150to600_4f_NLO_FXFX/WmWpToLmNujj_01j_aTGC_pTW-150toInf_mWV-150to600_4f_NLO_FXFX_gridpack/work/processtmp/Cards/amcatnlo_configuration.txt  
No valid eps viewer found. Please set in ./input/mg5_configuration.txt
No valid web browser found. Please set in ./input/mg5_configuration.txt
launch --nb_core=16 -n pilotrun
[1;34mrun_card missed argument pt_min_pdg. Takes default: {}[0m
[1;34mrun_card missed argument pt_max_pdg. Takes default: {}[0m
[1;34mrun_card missed argument mxx_min_pdg. Takes default: {}[0m
stty: standard input: Inappropriate ioctl for device
The following switches determine which programs are run:
/=============================================================================\
1. Type of perturbative computation         [1m      order[0m = [32mNLO[0m         
2. No MC@[N]LO matching / event generation  [1mfixed_order[0m = [32mOFF[0m         
3. Shower the generated events              [1m     shower[0m = [31mPYTHIA8[0m     
4. Decay onshell particles                  [1m    madspin[0m = [32mON[0m          
5. Add weights to events for new hypp.      [1m   reweight[0m = [01mNot Avail.[0m  
6. Run MadAnalysis5 on the events generated [1mmadanalysis[0m = [01mNot Avail.[0m  
\=============================================================================/
Either type the switch number (1 to 6) to change its setting,
Set any switch explicitly (e.g. type 'order=LO' at the prompt)
Type 'help' for the list of all valid option
Type '0', 'auto', 'done' or just press enter when you are done.[60s to answer] 
>stty: standard input: Inappropriate ioctl for device
The following switches determine which programs are run:
/=============================================================================\
1. Type of perturbative computation         [1m      order[0m = [32mNLO[0m         
2. No MC@[N]LO matching / event generation  [1mfixed_order[0m = [32mOFF[0m         
3. Shower the generated events              [1m     shower[0m = [32mOFF[0m         
4. Decay onshell particles                  [1m    madspin[0m = [32mON[0m          
5. Add weights to events for new hypp.      [1m   reweight[0m = [01mNot Avail.[0m  
6. Run MadAnalysis5 on the events generated [1mmadanalysis[0m = [01mNot Avail.[0m  
\=============================================================================/
Either type the switch number (1 to 6) to change its setting,
Set any switch explicitly (e.g. type 'order=LO' at the prompt)
Type 'help' for the list of all valid option
Type '0', 'auto', 'done' or just press enter when you are done.
>[1;34m"OFF" not valid option for "reweight"[0m
stty: standard input: Inappropriate ioctl for device
The following switches determine which programs are run:
/=============================================================================\
1. Type of perturbative computation         [1m      order[0m = [32mNLO[0m         
2. No MC@[N]LO matching / event generation  [1mfixed_order[0m = [32mOFF[0m         
3. Shower the generated events              [1m     shower[0m = [32mOFF[0m         
4. Decay onshell particles                  [1m    madspin[0m = [32mON[0m          
5. Add weights to events for new hypp.      [1m   reweight[0m = [01mNot Avail.[0m  
6. Run MadAnalysis5 on the events generated [1mmadanalysis[0m = [01mNot Avail.[0m  
\=============================================================================/
Either type the switch number (1 to 6) to change its setting,
Set any switch explicitly (e.g. type 'order=LO' at the prompt)
Type 'help' for the list of all valid option
Type '0', 'auto', 'done' or just press enter when you are done.
>stty: standard input: Inappropriate ioctl for device
INFO: will run in mode: noshower 
[1;34mWARNING: You have chosen not to run a parton shower.
    NLO events without showering are NOT physical.
    Please, shower the LesHouches events before using them for physics analyses.
    You have to choose NOW which parton-shower you WILL use and specify it in the run_card. [0m
[1;34mrun_card missed argument pt_min_pdg. Takes default: {}[0m
[1;34mrun_card missed argument pt_max_pdg. Takes default: {}[0m
[1;34mrun_card missed argument mxx_min_pdg. Takes default: {}[0m
Do you want to edit a card (press enter to bypass editing)?
/------------------------------------------------------------\
|  [31m1[0m. param   : [32mparam_card.dat[0m                               |
|  [31m2[0m. run     : [32mrun_card.dat[0m                                 |
|  [31m3[0m. madspin : [32mmadspin_card.dat[0m                             |
\------------------------------------------------------------/
 you can also
   - enter the path to a valid card or banner.
   - use the 'set' command to modify a parameter directly.
     The set option works only for param_card and run_card.
     Type 'help set' for more information on this command.
   - call an external program (ASperGE/MadWidth/...).
     Type 'help' for the list of available command
 [[4m0[0m, done, 1, param, 2, run, 3, madspin, enter path][90s to answer] 
>[1mINFO: modify param_card information BLOCK dim6 with id (1,) set to 3.6 [0m
Do you want to edit a card (press enter to bypass editing)?
/------------------------------------------------------------\
|  [31m1[0m. param   : [32mparam_card.dat[0m                               |
|  [31m2[0m. run     : [32mrun_card.dat[0m                                 |
|  [31m3[0m. madspin : [32mmadspin_card.dat[0m                             |
\------------------------------------------------------------/
 you can also
   - enter the path to a valid card or banner.
   - use the 'set' command to modify a parameter directly.
     The set option works only for param_card and run_card.
     Type 'help set' for more information on this command.
   - call an external program (ASperGE/MadWidth/...).
     Type 'help' for the list of available command
 [[4m0[0m, done, 1, param, 2, run, 3, madspin, enter path] 
>[1mINFO: modify param_card information BLOCK dim6 with id (2,) set to 4.5 [0m
Do you want to edit a card (press enter to bypass editing)?
/------------------------------------------------------------\
|  [31m1[0m. param   : [32mparam_card.dat[0m                               |
|  [31m2[0m. run     : [32mrun_card.dat[0m                                 |
|  [31m3[0m. madspin : [32mmadspin_card.dat[0m                             |
\------------------------------------------------------------/
 you can also
   - enter the path to a valid card or banner.
   - use the 'set' command to modify a parameter directly.
     The set option works only for param_card and run_card.
     Type 'help set' for more information on this command.
   - call an external program (ASperGE/MadWidth/...).
     Type 'help' for the list of available command
 [[4m0[0m, done, 1, param, 2, run, 3, madspin, enter path] 
>[1mINFO: modify param_card information BLOCK dim6 with id (3,) set to 20.0 [0m
Do you want to edit a card (press enter to bypass editing)?
/------------------------------------------------------------\
|  [31m1[0m. param   : [32mparam_card.dat[0m                               |
|  [31m2[0m. run     : [32mrun_card.dat[0m                                 |
|  [31m3[0m. madspin : [32mmadspin_card.dat[0m                             |
\------------------------------------------------------------/
 you can also
   - enter the path to a valid card or banner.
   - use the 'set' command to modify a parameter directly.
     The set option works only for param_card and run_card.
     Type 'help set' for more information on this command.
   - call an external program (ASperGE/MadWidth/...).
     Type 'help' for the list of available command
 [[4m0[0m, done, 1, param, 2, run, 3, madspin, enter path] 
>[1;34mWARNING: invalid set command param_card dim6 4 25.0 [0m
Do you want to edit a card (press enter to bypass editing)?
/------------------------------------------------------------\
|  [31m1[0m. param   : [32mparam_card.dat[0m                               |
|  [31m2[0m. run     : [32mrun_card.dat[0m                                 |
|  [31m3[0m. madspin : [32mmadspin_card.dat[0m                             |
\------------------------------------------------------------/
 you can also
   - enter the path to a valid card or banner.
   - use the 'set' command to modify a parameter directly.
     The set option works only for param_card and run_card.
     Type 'help set' for more information on this command.
   - call an external program (ASperGE/MadWidth/...).
     Type 'help' for the list of available command
 [[4m0[0m, done, 1, param, 2, run, 3, madspin, enter path] 
>[1;34mWARNING: invalid set command param_card dim6 5 1.0 [0m
Do you want to edit a card (press enter to bypass editing)?
/------------------------------------------------------------\
|  [31m1[0m. param   : [32mparam_card.dat[0m                               |
|  [31m2[0m. run     : [32mrun_card.dat[0m                                 |
|  [31m3[0m. madspin : [32mmadspin_card.dat[0m                             |
\------------------------------------------------------------/
 you can also
   - enter the path to a valid card or banner.
   - use the 'set' command to modify a parameter directly.
     The set option works only for param_card and run_card.
     Type 'help set' for more information on this command.
   - call an external program (ASperGE/MadWidth/...).
     Type 'help' for the list of available command
 [[4m0[0m, done, 1, param, 2, run, 3, madspin, enter path] 
>[1;34mWARNING: invalid set command param_card dim6 6 1.0 [0m
Do you want to edit a card (press enter to bypass editing)?
/------------------------------------------------------------\
|  [31m1[0m. param   : [32mparam_card.dat[0m                               |
|  [31m2[0m. run     : [32mrun_card.dat[0m                                 |
|  [31m3[0m. madspin : [32mmadspin_card.dat[0m                             |
\------------------------------------------------------------/
 you can also
   - enter the path to a valid card or banner.
   - use the 'set' command to modify a parameter directly.
     The set option works only for param_card and run_card.
     Type 'help set' for more information on this command.
   - call an external program (ASperGE/MadWidth/...).
     Type 'help' for the list of available command
 [[4m0[0m, done, 1, param, 2, run, 3, madspin, enter path] 
>[1;34mWARNING: invalid set command param_card dim6 7 1.0 [0m
Do you want to edit a card (press enter to bypass editing)?
/------------------------------------------------------------\
|  [31m1[0m. param   : [32mparam_card.dat[0m                               |
|  [31m2[0m. run     : [32mrun_card.dat[0m                                 |
|  [31m3[0m. madspin : [32mmadspin_card.dat[0m                             |
\------------------------------------------------------------/
 you can also
   - enter the path to a valid card or banner.
   - use the 'set' command to modify a parameter directly.
     The set option works only for param_card and run_card.
     Type 'help set' for more information on this command.
   - call an external program (ASperGE/MadWidth/...).
     Type 'help' for the list of available command
 [[4m0[0m, done, 1, param, 2, run, 3, madspin, enter path] 
>[1;34mWARNING: invalid set command param_card dim6 8 1.0 [0m
Do you want to edit a card (press enter to bypass editing)?
/------------------------------------------------------------\
|  [31m1[0m. param   : [32mparam_card.dat[0m                               |
|  [31m2[0m. run     : [32mrun_card.dat[0m                                 |
|  [31m3[0m. madspin : [32mmadspin_card.dat[0m                             |
\------------------------------------------------------------/
 you can also
   - enter the path to a valid card or banner.
   - use the 'set' command to modify a parameter directly.
     The set option works only for param_card and run_card.
     Type 'help set' for more information on this command.
   - call an external program (ASperGE/MadWidth/...).
     Type 'help' for the list of available command
 [[4m0[0m, done, 1, param, 2, run, 3, madspin, enter path] 
>INFO: Update the dependent parameter of the param_card.dat 
[1;34mrun_card missed argument pt_min_pdg. Takes default: {}[0m
[1;34mrun_card missed argument pt_max_pdg. Takes default: {}[0m
[1;34mrun_card missed argument mxx_min_pdg. Takes default: {}[0m
INFO: Starting run 
INFO: Compiling the code 
[1;34mrun_card missed argument pt_min_pdg. Takes default: {}[0m
[1;34mrun_card missed argument pt_max_pdg. Takes default: {}[0m
[1;34mrun_card missed argument mxx_min_pdg. Takes default: {}[0m
INFO: Using LHAPDF v6.4.0 interface for PDFs 
INFO: Compiling source... 
INFO:           ...done, continuing with P* directories 
INFO: Compiling directories... 
INFO: Compiling on 16 cores 
INFO:  Compiling P0_uux_emvexwp... 
INFO:  Compiling P0_ddx_emvexwp... 
INFO:  Compiling P0_uxu_emvexwp... 
INFO:  Compiling P0_dxd_emvexwp... 
INFO:  Compiling P1_gu_emvexwpu... 
INFO:  Compiling P1_gd_emvexwpd... 
INFO:  Compiling P1_gux_emvexwpux... 
INFO:  Compiling P1_gdx_emvexwpdx... 
INFO:  Compiling P1_ug_emvexwpu... 
INFO:  Compiling P1_uux_emvexwpg... 
INFO:  Compiling P1_dg_emvexwpd... 
INFO:  Compiling P1_ddx_emvexwpg... 
INFO:  Compiling P1_uxg_emvexwpux... 
INFO:  Compiling P1_uxu_emvexwpg... 
INFO:  Compiling P1_dxg_emvexwpdx... 
INFO:  Compiling P1_dxd_emvexwpg... 
INFO:     P0_uux_emvexwp done. 
INFO:     P0_dxd_emvexwp done. 
INFO:     P0_ddx_emvexwp done. 
INFO:     P0_uxu_emvexwp done. 
INFO:     P1_uxu_emvexwpg done. 
INFO:     P1_ddx_emvexwpg done. 
INFO:     P1_uux_emvexwpg done. 
INFO:     P1_dxd_emvexwpg done. 
INFO:     P1_gdx_emvexwpdx done. 
INFO:     P1_dg_emvexwpd done. 
INFO:     P1_gu_emvexwpu done. 
INFO:     P1_gd_emvexwpd done. 
INFO:     P1_gux_emvexwpux done. 
INFO:     P1_dxg_emvexwpdx done. 
INFO:     P1_ug_emvexwpu done. 
INFO:     P1_uxg_emvexwpux done. 
INFO: Checking test output: 
INFO: P0_uux_emvexwp 
INFO:  Result for test_ME: 
INFO:    Passed. 
INFO:  Result for test_MC: 
INFO:    Passed. 
INFO:  Result for check_poles: 
INFO:    Poles successfully cancel for 20 points over 20 (tolerance=-1.0e+00) 
INFO: P0_ddx_emvexwp 
INFO:  Result for test_ME: 
INFO:    Passed. 
INFO:  Result for test_MC: 
INFO:    Passed. 
INFO:  Result for check_poles: 
INFO:    Poles successfully cancel for 20 points over 20 (tolerance=-1.0e+00) 
INFO: P0_uxu_emvexwp 
INFO:  Result for test_ME: 
INFO:    Passed. 
INFO:  Result for test_MC: 
INFO:    Passed. 
INFO:  Result for check_poles: 
INFO:    Poles successfully cancel for 20 points over 20 (tolerance=-1.0e+00) 
INFO: P0_dxd_emvexwp 
INFO:  Result for test_ME: 
INFO:    Passed. 
INFO:  Result for test_MC: 
INFO:    Passed. 
INFO:  Result for check_poles: 
INFO:    Poles successfully cancel for 20 points over 20 (tolerance=-1.0e+00) 
INFO: P1_gu_emvexwpu 
INFO:  Result for test_ME: 
INFO:    Passed. 
INFO:  Result for test_MC: 
INFO:    Passed. 
INFO:  Result for check_poles: 
INFO:    Poles successfully cancel for 20 points over 20 (tolerance=-1.0e+00) 
INFO: P1_gd_emvexwpd 
INFO:  Result for test_ME: 
INFO:    Passed. 
INFO:  Result for test_MC: 
INFO:    Passed. 
INFO:  Result for check_poles: 
INFO:    Poles successfully cancel for 20 points over 20 (tolerance=-1.0e+00) 
INFO: P1_gux_emvexwpux 
INFO:  Result for test_ME: 
INFO:    Passed. 
INFO:  Result for test_MC: 
INFO:    Passed. 
INFO:  Result for check_poles: 
INFO:    Poles successfully cancel for 20 points over 20 (tolerance=-1.0e+00) 
INFO: P1_gdx_emvexwpdx 
INFO:  Result for test_ME: 
INFO:    Passed. 
INFO:  Result for test_MC: 
INFO:    Passed. 
INFO:  Result for check_poles: 
INFO:    Poles successfully cancel for 20 points over 20 (tolerance=-1.0e+00) 
INFO: P1_ug_emvexwpu 
INFO:  Result for test_ME: 
INFO:    Passed. 
INFO:  Result for test_MC: 
INFO:    Passed. 
INFO:  Result for check_poles: 
INFO:    Poles successfully cancel for 20 points over 20 (tolerance=-1.0e+00) 
INFO: P1_uux_emvexwpg 
INFO:  Result for test_ME: 
INFO:    Passed. 
INFO:  Result for test_MC: 
INFO:    Passed. 
INFO:  Result for check_poles: 
INFO:    Poles successfully cancel for 20 points over 20 (tolerance=-1.0e+00) 
INFO: P1_dg_emvexwpd 
INFO:  Result for test_ME: 
INFO:    Passed. 
INFO:  Result for test_MC: 
INFO:    Passed. 
INFO:  Result for check_poles: 
INFO:    Poles successfully cancel for 20 points over 20 (tolerance=-1.0e+00) 
INFO: P1_ddx_emvexwpg 
INFO:  Result for test_ME: 
INFO:    Passed. 
INFO:  Result for test_MC: 
INFO:    Passed. 
INFO:  Result for check_poles: 
INFO:    Poles successfully cancel for 20 points over 20 (tolerance=-1.0e+00) 
INFO: P1_uxg_emvexwpux 
INFO:  Result for test_ME: 
INFO:    Passed. 
INFO:  Result for test_MC: 
INFO:    Passed. 
INFO:  Result for check_poles: 
INFO:    Poles successfully cancel for 20 points over 20 (tolerance=-1.0e+00) 
INFO: P1_uxu_emvexwpg 
INFO:  Result for test_ME: 
INFO:    Passed. 
INFO:  Result for test_MC: 
INFO:    Passed. 
INFO:  Result for check_poles: 
INFO:    Poles successfully cancel for 20 points over 20 (tolerance=-1.0e+00) 
INFO: P1_dxg_emvexwpdx 
INFO:  Result for test_ME: 
INFO:    Passed. 
INFO:  Result for test_MC: 
INFO:    Passed. 
INFO:  Result for check_poles: 
INFO:    Poles successfully cancel for 20 points over 20 (tolerance=-1.0e+00) 
INFO: P1_dxd_emvexwpg 
INFO:  Result for test_ME: 
INFO:    Passed. 
INFO:  Result for test_MC: 
INFO:    Passed. 
INFO:  Result for check_poles: 
INFO:    Poles successfully cancel for 20 points over 20 (tolerance=-1.0e+00) 
INFO: Starting run 
INFO: Using 16 cores 
INFO: Cleaning previous results 
INFO: Generating events without running the shower. 
INFO: Setting up grids 
INFO:  Idle: 220,  Running: 16,  Completed: 0 [ current time: 11h47 ] 
INFO:  Idle: 219,  Running: 16,  Completed: 1 [  4.2s  ] 
INFO:  Idle: 218,  Running: 16,  Completed: 2 [  4.3s  ] 
INFO:  Idle: 217,  Running: 16,  Completed: 3 [  4.4s  ] 
INFO:  Idle: 216,  Running: 16,  Completed: 4 [  4.5s  ] 
INFO:  Idle: 215,  Running: 16,  Completed: 5 [  4.6s  ] 
INFO:  Idle: 214,  Running: 16,  Completed: 6 [  5s  ] 
INFO:  Idle: 213,  Running: 16,  Completed: 7 [  5.2s  ] 
INFO:  Idle: 212,  Running: 16,  Completed: 8 [  5.4s  ] 
INFO:  Idle: 211,  Running: 16,  Completed: 9 [  6.1s  ] 
INFO:  Idle: 210,  Running: 16,  Completed: 10 [  9.4s  ] 
INFO:  Idle: 209,  Running: 16,  Completed: 11 [  9.4s  ] 
INFO:  Idle: 208,  Running: 16,  Completed: 12 [  9.5s  ] 
INFO:  Idle: 207,  Running: 16,  Completed: 13 [  9.8s  ] 
INFO:  Idle: 206,  Running: 16,  Completed: 14 [  10.3s  ] 
INFO:  Idle: 205,  Running: 16,  Completed: 15 [  10.5s  ] 
INFO:  Idle: 204,  Running: 16,  Completed: 16 [  10.8s  ] 
INFO:  Idle: 203,  Running: 16,  Completed: 17 [  10.9s  ] 
INFO:  Idle: 202,  Running: 16,  Completed: 18 [  11.3s  ] 
INFO:  Idle: 201,  Running: 16,  Completed: 19 [  11.5s  ] 
INFO:  Idle: 200,  Running: 16,  Completed: 20 [  11.7s  ] 
INFO:  Idle: 199,  Running: 16,  Completed: 21 [  11.7s  ] 
INFO:  Idle: 198,  Running: 16,  Completed: 22 [  11.8s  ] 
INFO:  Idle: 197,  Running: 16,  Completed: 23 [  14.6s  ] 
INFO:  Idle: 196,  Running: 16,  Completed: 24 [  14.8s  ] 
INFO:  Idle: 195,  Running: 16,  Completed: 25 [  16.7s  ] 
INFO:  Idle: 194,  Running: 16,  Completed: 26 [  16.8s  ] 
INFO:  Idle: 193,  Running: 16,  Completed: 27 [  17.1s  ] 
INFO:  Idle: 192,  Running: 16,  Completed: 28 [  19.9s  ] 
INFO:  Idle: 191,  Running: 16,  Completed: 29 [  22.1s  ] 
INFO:  Idle: 190,  Running: 16,  Completed: 30 [  32.4s  ] 
INFO:  Idle: 189,  Running: 16,  Completed: 31 [  32.7s  ] 
INFO:  Idle: 188,  Running: 16,  Completed: 32 [  32.9s  ] 
INFO:  Idle: 187,  Running: 16,  Completed: 33 [  50.3s  ] 
INFO:  Idle: 186,  Running: 16,  Completed: 34 [  53.1s  ] 
INFO:  Idle: 185,  Running: 16,  Completed: 35 [  53.4s  ] 
INFO:  Idle: 184,  Running: 16,  Completed: 36 [  1m 5s  ] 
INFO:  Idle: 183,  Running: 16,  Completed: 37 [  1m 18s  ] 
INFO:  Idle: 182,  Running: 16,  Completed: 38 [  1m 20s  ] 
INFO:  Idle: 181,  Running: 16,  Completed: 39 [  1m 23s  ] 
INFO:  Idle: 180,  Running: 16,  Completed: 40 [  1m 25s  ] 
INFO:  Idle: 179,  Running: 16,  Completed: 41 [  1m 30s  ] 
INFO:  Idle: 178,  Running: 16,  Completed: 42 [  1m 53s  ] 
INFO:  Idle: 177,  Running: 16,  Completed: 43 [  1m 53s  ] 
INFO:  Idle: 176,  Running: 16,  Completed: 44 [  1m 57s  ] 
INFO:  Idle: 175,  Running: 16,  Completed: 45 [  1m 58s  ] 
INFO:  Idle: 174,  Running: 16,  Completed: 46 [  1m 59s  ] 
INFO:  Idle: 173,  Running: 16,  Completed: 47 [  2m 1s  ] 
INFO:  Idle: 172,  Running: 16,  Completed: 48 [  2m 2s  ] 
INFO:  Idle: 171,  Running: 16,  Completed: 49 [  2m 14s  ] 
INFO:  Idle: 170,  Running: 16,  Completed: 50 [  2m 16s  ] 
INFO:  Idle: 169,  Running: 16,  Completed: 51 [  2m 32s  ] 
INFO:  Idle: 168,  Running: 16,  Completed: 52 [  2m 45s  ] 
INFO:  Idle: 167,  Running: 16,  Completed: 53 [  3m 12s  ] 
INFO:  Idle: 166,  Running: 16,  Completed: 54 [  3m 19s  ] 
INFO:  Idle: 165,  Running: 16,  Completed: 55 [  3m 20s  ] 
INFO:  Idle: 164,  Running: 16,  Completed: 56 [  3m 25s  ] 
INFO:  Idle: 163,  Running: 16,  Completed: 57 [  3m 26s  ] 
INFO:  Idle: 162,  Running: 16,  Completed: 58 [  3m 27s  ] 
INFO:  Idle: 161,  Running: 16,  Completed: 59 [  3m 31s  ] 
INFO:  Idle: 160,  Running: 16,  Completed: 60 [  3m 32s  ] 
INFO:  Idle: 159,  Running: 16,  Completed: 61 [  3m 33s  ] 
INFO:  Idle: 158,  Running: 16,  Completed: 62 [  3m 34s  ] 
INFO:  Idle: 157,  Running: 16,  Completed: 63 [  3m 40s  ] 
INFO:  Idle: 156,  Running: 16,  Completed: 64 [  3m 47s  ] 
INFO:  Idle: 155,  Running: 16,  Completed: 65 [  3m 52s  ] 
INFO:  Idle: 154,  Running: 16,  Completed: 66 [  3m 58s  ] 
INFO:  Idle: 153,  Running: 16,  Completed: 67 [  4m 20s  ] 
INFO:  Idle: 152,  Running: 16,  Completed: 68 [  4m 36s  ] 
INFO:  Idle: 151,  Running: 16,  Completed: 69 [  4m 39s  ] 
INFO:  Idle: 150,  Running: 16,  Completed: 70 [  4m 46s  ] 
INFO:  Idle: 149,  Running: 16,  Completed: 71 [  5m 4s  ] 
INFO:  Idle: 148,  Running: 16,  Completed: 72 [  5m 9s  ] 
INFO:  Idle: 147,  Running: 16,  Completed: 73 [  5m 10s  ] 
INFO:  Idle: 146,  Running: 16,  Completed: 74 [  5m 12s  ] 
INFO:  Idle: 145,  Running: 16,  Completed: 75 [  5m 17s  ] 
INFO:  Idle: 144,  Running: 16,  Completed: 76 [  5m 18s  ] 
INFO:  Idle: 143,  Running: 16,  Completed: 77 [  5m 19s  ] 
INFO:  Idle: 142,  Running: 16,  Completed: 78 [  5m 30s  ] 
INFO:  Idle: 141,  Running: 16,  Completed: 79 [  5m 33s  ] 
INFO:  Idle: 140,  Running: 16,  Completed: 80 [  5m 43s  ] 
INFO:  Idle: 139,  Running: 16,  Completed: 81 [  5m 44s  ] 
INFO:  Idle: 138,  Running: 16,  Completed: 82 [  5m 46s  ] 
INFO:  Idle: 137,  Running: 16,  Completed: 83 [  5m 48s  ] 
INFO:  Idle: 136,  Running: 16,  Completed: 84 [  5m 52s  ] 
INFO:  Idle: 135,  Running: 16,  Completed: 85 [  6m 5s  ] 
INFO:  Idle: 134,  Running: 16,  Completed: 86 [  6m 15s  ] 
INFO:  Idle: 133,  Running: 16,  Completed: 87 [  6m 35s  ] 
INFO:  Idle: 132,  Running: 16,  Completed: 88 [  6m 44s  ] 
INFO:  Idle: 131,  Running: 16,  Completed: 89 [  6m 48s  ] 
INFO:  Idle: 130,  Running: 16,  Completed: 90 [  6m 51s  ] 
INFO:  Idle: 129,  Running: 16,  Completed: 91 [  6m 57s  ] 
INFO:  Idle: 128,  Running: 16,  Completed: 92 [  7m 8s  ] 
INFO:  Idle: 127,  Running: 16,  Completed: 93 [  7m 11s  ] 
INFO:  Idle: 126,  Running: 16,  Completed: 94 [  7m 19s  ] 
INFO:  Idle: 125,  Running: 16,  Completed: 95 [  7m 24s  ] 
INFO:  Idle: 124,  Running: 16,  Completed: 96 [  7m 25s  ] 
INFO:  Idle: 123,  Running: 16,  Completed: 97 [  7m 38s  ] 
INFO:  Idle: 122,  Running: 16,  Completed: 98 [  7m 52s  ] 
INFO:  Idle: 121,  Running: 16,  Completed: 99 [  7m 58s  ] 
INFO:  Idle: 120,  Running: 16,  Completed: 100 [  8m 1s  ] 
INFO:  Idle: 119,  Running: 16,  Completed: 101 [  8m 8s  ] 
INFO:  Idle: 118,  Running: 16,  Completed: 102 [  8m 19s  ] 
INFO:  Idle: 117,  Running: 16,  Completed: 103 [  8m 21s  ] 
INFO:  Idle: 116,  Running: 16,  Completed: 104 [  8m 37s  ] 
INFO:  Idle: 115,  Running: 16,  Completed: 105 [  8m 38s  ] 
INFO:  Idle: 114,  Running: 16,  Completed: 106 [  8m 41s  ] 
INFO:  Idle: 113,  Running: 16,  Completed: 107 [  8m 44s  ] 
INFO:  Idle: 112,  Running: 16,  Completed: 108 [  8m 47s  ] 
INFO:  Idle: 111,  Running: 16,  Completed: 109 [  8m 58s  ] 
INFO:  Idle: 110,  Running: 16,  Completed: 110 [  9m 1s  ] 
INFO:  Idle: 109,  Running: 16,  Completed: 111 [  9m 14s  ] 
INFO:  Idle: 108,  Running: 16,  Completed: 112 [  9m 22s  ] 
INFO:  Idle: 107,  Running: 16,  Completed: 113 [  9m 26s  ] 
INFO:  Idle: 106,  Running: 16,  Completed: 114 [  9m 32s  ] 
INFO:  Idle: 105,  Running: 16,  Completed: 115 [  9m 35s  ] 
INFO:  Idle: 104,  Running: 16,  Completed: 116 [  9m 37s  ] 
INFO:  Idle: 103,  Running: 16,  Completed: 117 [  9m 40s  ] 
INFO:  Idle: 102,  Running: 16,  Completed: 118 [  9m 59s  ] 
INFO:  Idle: 101,  Running: 16,  Completed: 119 [  10m 4s  ] 
INFO:  Idle: 100,  Running: 16,  Completed: 120 [  10m 10s  ] 
INFO:  Idle: 99,  Running: 16,  Completed: 121 [  10m 44s  ] 
INFO:  Idle: 98,  Running: 16,  Completed: 122 [  10m 52s  ] 
INFO:  Idle: 97,  Running: 16,  Completed: 123 [  10m 56s  ] 
INFO:  Idle: 96,  Running: 16,  Completed: 124 [  10m 57s  ] 
INFO:  Idle: 95,  Running: 16,  Completed: 125 [  10m 58s  ] 
INFO:  Idle: 94,  Running: 16,  Completed: 126 [  11m 3s  ] 
INFO:  Idle: 93,  Running: 16,  Completed: 127 [  11m 7s  ] 
INFO:  Idle: 92,  Running: 16,  Completed: 128 [  11m 11s  ] 
INFO:  Idle: 91,  Running: 16,  Completed: 129 [  11m 17s  ] 
INFO:  Idle: 90,  Running: 16,  Completed: 130 [  11m 18s  ] 
INFO:  Idle: 89,  Running: 16,  Completed: 131 [  11m 18s  ] 
INFO:  Idle: 88,  Running: 16,  Completed: 132 [  11m 26s  ] 
INFO:  Idle: 87,  Running: 16,  Completed: 133 [  11m 38s  ] 
INFO:  Idle: 86,  Running: 16,  Completed: 134 [  12m 1s  ] 
INFO:  Idle: 85,  Running: 16,  Completed: 135 [  12m 1s  ] 
INFO:  Idle: 84,  Running: 16,  Completed: 136 [  12m 4s  ] 
INFO:  Idle: 83,  Running: 16,  Completed: 137 [  12m 7s  ] 
INFO:  Idle: 82,  Running: 16,  Completed: 138 [  12m 12s  ] 
INFO:  Idle: 81,  Running: 16,  Completed: 139 [  12m 13s  ] 
INFO:  Idle: 80,  Running: 16,  Completed: 140 [  12m 46s  ] 
INFO:  Idle: 79,  Running: 16,  Completed: 141 [  12m 49s  ] 
INFO:  Idle: 78,  Running: 16,  Completed: 142 [  12m 49s  ] 
INFO:  Idle: 77,  Running: 16,  Completed: 143 [  12m 58s  ] 
INFO:  Idle: 76,  Running: 16,  Completed: 144 [  12m 59s  ] 
INFO:  Idle: 75,  Running: 16,  Completed: 145 [  13m 0s  ] 
INFO:  Idle: 74,  Running: 16,  Completed: 146 [  13m 9s  ] 
INFO:  Idle: 73,  Running: 16,  Completed: 147 [  13m 13s  ] 
INFO:  Idle: 72,  Running: 16,  Completed: 148 [  13m 34s  ] 
INFO:  Idle: 71,  Running: 16,  Completed: 149 [  13m 35s  ] 
INFO:  Idle: 70,  Running: 16,  Completed: 150 [  14m 3s  ] 
INFO:  Idle: 69,  Running: 16,  Completed: 151 [  14m 8s  ] 
INFO:  Idle: 68,  Running: 16,  Completed: 152 [  14m 22s  ] 
INFO:  Idle: 67,  Running: 16,  Completed: 153 [  14m 38s  ] 
INFO:  Idle: 66,  Running: 16,  Completed: 154 [  14m 47s  ] 
INFO:  Idle: 65,  Running: 16,  Completed: 155 [  14m 54s  ] 
INFO:  Idle: 64,  Running: 16,  Completed: 156 [  15m 9s  ] 
INFO:  Idle: 63,  Running: 16,  Completed: 157 [  15m 24s  ] 
INFO:  Idle: 62,  Running: 16,  Completed: 158 [  15m 33s  ] 
INFO:  Idle: 61,  Running: 16,  Completed: 159 [  15m 37s  ] 
INFO:  Idle: 60,  Running: 16,  Completed: 160 [  15m 38s  ] 
INFO:  Idle: 59,  Running: 16,  Completed: 161 [  15m 58s  ] 
INFO:  Idle: 58,  Running: 16,  Completed: 162 [  15m 59s  ] 
INFO:  Idle: 57,  Running: 16,  Completed: 163 [  16m 13s  ] 
INFO:  Idle: 56,  Running: 16,  Completed: 164 [  16m 17s  ] 
INFO:  Idle: 55,  Running: 16,  Completed: 165 [  16m 36s  ] 
INFO:  Idle: 54,  Running: 16,  Completed: 166 [  16m 48s  ] 
INFO:  Idle: 53,  Running: 16,  Completed: 167 [  16m 49s  ] 
INFO:  Idle: 52,  Running: 16,  Completed: 168 [  17m 4s  ] 
INFO:  Idle: 51,  Running: 16,  Completed: 169 [  17m 4s  ] 
INFO:  Idle: 50,  Running: 16,  Completed: 170 [  17m 13s  ] 
INFO:  Idle: 49,  Running: 16,  Completed: 171 [  17m 15s  ] 
INFO:  Idle: 48,  Running: 16,  Completed: 172 [  17m 17s  ] 
INFO:  Idle: 47,  Running: 16,  Completed: 173 [  17m 18s  ] 
INFO:  Idle: 46,  Running: 16,  Completed: 174 [  17m 24s  ] 
INFO:  Idle: 45,  Running: 16,  Completed: 175 [  17m 40s  ] 
INFO:  Idle: 44,  Running: 16,  Completed: 176 [  17m 41s  ] 
INFO:  Idle: 43,  Running: 16,  Completed: 177 [  17m 44s  ] 
INFO:  Idle: 42,  Running: 16,  Completed: 178 [  17m 48s  ] 
INFO:  Idle: 41,  Running: 16,  Completed: 179 [  17m 50s  ] 
INFO:  Idle: 40,  Running: 16,  Completed: 180 [  17m 56s  ] 
INFO:  Idle: 39,  Running: 16,  Completed: 181 [  17m 58s  ] 
INFO:  Idle: 38,  Running: 16,  Completed: 182 [  18m 6s  ] 
INFO:  Idle: 37,  Running: 16,  Completed: 183 [  18m 9s  ] 
INFO:  Idle: 36,  Running: 16,  Completed: 184 [  18m 15s  ] 
INFO:  Idle: 35,  Running: 16,  Completed: 185 [  18m 20s  ] 
INFO:  Idle: 34,  Running: 16,  Completed: 186 [  18m 32s  ] 
INFO:  Idle: 33,  Running: 16,  Completed: 187 [  18m 46s  ] 
INFO:  Idle: 32,  Running: 16,  Completed: 188 [  19m 12s  ] 
INFO:  Idle: 31,  Running: 16,  Completed: 189 [  19m 17s  ] 
INFO:  Idle: 30,  Running: 16,  Completed: 190 [  19m 21s  ] 
INFO:  Idle: 29,  Running: 16,  Completed: 191 [  19m 24s  ] 
INFO:  Idle: 28,  Running: 16,  Completed: 192 [  19m 27s  ] 
INFO:  Idle: 27,  Running: 16,  Completed: 193 [  19m 41s  ] 
INFO:  Idle: 26,  Running: 16,  Completed: 194 [  19m 43s  ] 
INFO:  Idle: 25,  Running: 16,  Completed: 195 [  19m 45s  ] 
INFO:  Idle: 24,  Running: 16,  Completed: 196 [  19m 45s  ] 
INFO:  Idle: 23,  Running: 16,  Completed: 197 [  19m 57s  ] 
INFO:  Idle: 22,  Running: 16,  Completed: 198 [  20m 8s  ] 
INFO:  Idle: 21,  Running: 16,  Completed: 199 [  20m 21s  ] 
INFO:  Idle: 20,  Running: 16,  Completed: 200 [  20m 22s  ] 
INFO:  Idle: 19,  Running: 16,  Completed: 201 [  20m 27s  ] 
INFO:  Idle: 18,  Running: 16,  Completed: 202 [  20m 28s  ] 
INFO:  Idle: 17,  Running: 16,  Completed: 203 [  20m 29s  ] 
INFO:  Idle: 16,  Running: 16,  Completed: 204 [  20m 34s  ] 
INFO:  Idle: 15,  Running: 16,  Completed: 205 [  20m 59s  ] 
INFO:  Idle: 14,  Running: 16,  Completed: 206 [  21m 8s  ] 
INFO:  Idle: 13,  Running: 16,  Completed: 207 [  21m 15s  ] 
INFO:  Idle: 12,  Running: 16,  Completed: 208 [  21m 37s  ] 
INFO:  Idle: 11,  Running: 16,  Completed: 209 [  21m 45s  ] 
INFO:  Idle: 10,  Running: 16,  Completed: 210 [  21m 54s  ] 
INFO:  Idle: 9,  Running: 16,  Completed: 211 [  21m 55s  ] 
INFO:  Idle: 8,  Running: 16,  Completed: 212 [  21m 59s  ] 
INFO:  Idle: 7,  Running: 16,  Completed: 213 [  22m 0s  ] 
INFO:  Idle: 6,  Running: 16,  Completed: 214 [  22m 6s  ] 
INFO:  Idle: 5,  Running: 16,  Completed: 215 [  22m 7s  ] 
INFO:  Idle: 4,  Running: 16,  Completed: 216 [  22m 8s  ] 
INFO:  Idle: 3,  Running: 16,  Completed: 217 [  22m 28s  ] 
INFO:  Idle: 2,  Running: 16,  Completed: 218 [  23m 8s  ] 
INFO:  Idle: 1,  Running: 16,  Completed: 219 [  23m 17s  ] 
INFO:  Idle: 0,  Running: 16,  Completed: 220 [  23m 25s  ] 
INFO:  Idle: 0,  Running: 15,  Completed: 221 [  23m 48s  ] 
INFO:  Idle: 0,  Running: 14,  Completed: 222 [  23m 50s  ] 
INFO:  Idle: 0,  Running: 13,  Completed: 223 [  23m 57s  ] 
INFO:  Idle: 0,  Running: 12,  Completed: 224 [  23m 58s  ] 
INFO:  Idle: 0,  Running: 11,  Completed: 225 [  24m 0s  ] 
INFO:  Idle: 0,  Running: 10,  Completed: 226 [  24m 1s  ] 
INFO:  Idle: 0,  Running: 9,  Completed: 227 [  24m 12s  ] 
INFO:  Idle: 0,  Running: 8,  Completed: 228 [  24m 15s  ] 
INFO:  Idle: 0,  Running: 7,  Completed: 229 [  24m 39s  ] 
INFO:  Idle: 0,  Running: 6,  Completed: 230 [  24m 42s  ] 
INFO:  Idle: 0,  Running: 5,  Completed: 231 [  24m 45s  ] 
INFO:  Idle: 0,  Running: 4,  Completed: 232 [  25m 18s  ] 
INFO:  Idle: 0,  Running: 3,  Completed: 233 [  26m 19s  ] 
INFO:  Idle: 0,  Running: 2,  Completed: 234 [  26m 40s  ] 
INFO:  Idle: 0,  Running: 1,  Completed: 235 [  27m 10s  ] 
INFO:  Idle: 0,  Running: 0,  Completed: 236 [  31m 47s  ] 
sum of cpu time of last step: 0 second
INFO: Determining the number of unweighted events per channel

      Intermediate results:
      Random seed: 33
      Total cross section:      2.118e+00 +- 1.0e-02 pb
      Total abs(cross section): 3.762e+00 +- 1.2e-02 pb 

 
INFO: Computing upper envelope 
INFO:  Idle: 220,  Running: 16,  Completed: 0 [ current time: 12h19 ] 
INFO:  Idle: 219,  Running: 16,  Completed: 1 [  8.7s  ] 
INFO:  Idle: 218,  Running: 16,  Completed: 2 [  8.9s  ] 
INFO:  Idle: 217,  Running: 16,  Completed: 3 [  9.3s  ] 
INFO:  Idle: 216,  Running: 16,  Completed: 4 [  10s  ] 
INFO:  Idle: 215,  Running: 16,  Completed: 5 [  10.3s  ] 
INFO:  Idle: 214,  Running: 16,  Completed: 6 [  10.3s  ] 
INFO:  Idle: 213,  Running: 16,  Completed: 7 [  10.4s  ] 
INFO:  Idle: 212,  Running: 16,  Completed: 8 [  10.8s  ] 
INFO:  Idle: 211,  Running: 16,  Completed: 9 [  10.9s  ] 
INFO:  Idle: 210,  Running: 16,  Completed: 10 [  11.5s  ] 
INFO:  Idle: 209,  Running: 16,  Completed: 11 [  11.6s  ] 
INFO:  Idle: 208,  Running: 16,  Completed: 12 [  19.1s  ] 
INFO:  Idle: 207,  Running: 16,  Completed: 13 [  19.3s  ] 
INFO:  Idle: 206,  Running: 16,  Completed: 14 [  19.3s  ] 
INFO:  Idle: 205,  Running: 16,  Completed: 15 [  21.3s  ] 
INFO:  Idle: 204,  Running: 16,  Completed: 16 [  21.3s  ] 
INFO:  Idle: 203,  Running: 16,  Completed: 17 [  21.9s  ] 
INFO:  Idle: 202,  Running: 16,  Completed: 18 [  22.1s  ] 
INFO:  Idle: 201,  Running: 16,  Completed: 19 [  23.3s  ] 
INFO:  Idle: 200,  Running: 16,  Completed: 20 [  24.1s  ] 
INFO:  Idle: 199,  Running: 16,  Completed: 21 [  29.2s  ] 
INFO:  Idle: 198,  Running: 16,  Completed: 22 [  30.6s  ] 
INFO:  Idle: 197,  Running: 16,  Completed: 23 [  31.2s  ] 
INFO:  Idle: 196,  Running: 16,  Completed: 24 [  32s  ] 
INFO:  Idle: 195,  Running: 16,  Completed: 25 [  1m 22s  ] 
INFO:  Idle: 194,  Running: 16,  Completed: 26 [  1m 22s  ] 
INFO:  Idle: 193,  Running: 16,  Completed: 27 [  1m 23s  ] 
INFO:  Idle: 192,  Running: 16,  Completed: 28 [  1m 25s  ] 
INFO:  Idle: 191,  Running: 16,  Completed: 29 [  1m 26s  ] 
INFO:  Idle: 190,  Running: 16,  Completed: 30 [  1m 31s  ] 
INFO:  Idle: 189,  Running: 16,  Completed: 31 [  1m 33s  ] 
INFO:  Idle: 188,  Running: 16,  Completed: 32 [  1m 33s  ] 
INFO:  Idle: 187,  Running: 16,  Completed: 33 [  1m 33s  ] 
INFO:  Idle: 186,  Running: 16,  Completed: 34 [  1m 35s  ] 
INFO:  Idle: 185,  Running: 16,  Completed: 35 [  1m 37s  ] 
INFO:  Idle: 184,  Running: 16,  Completed: 36 [  1m 42s  ] 
INFO:  Idle: 183,  Running: 16,  Completed: 37 [  1m 50s  ] 
INFO:  Idle: 182,  Running: 16,  Completed: 38 [  2m 35s  ] 
INFO:  Idle: 181,  Running: 16,  Completed: 39 [  2m 41s  ] 
INFO:  Idle: 180,  Running: 16,  Completed: 40 [  2m 43s  ] 
INFO:  Idle: 179,  Running: 16,  Completed: 41 [  2m 49s  ] 
INFO:  Idle: 178,  Running: 16,  Completed: 42 [  2m 49s  ] 
INFO:  Idle: 177,  Running: 16,  Completed: 43 [  2m 50s  ] 
INFO:  Idle: 176,  Running: 16,  Completed: 44 [  3m 0s  ] 
INFO:  Idle: 175,  Running: 16,  Completed: 45 [  3m 3s  ] 
INFO:  Idle: 174,  Running: 16,  Completed: 46 [  3m 8s  ] 
INFO:  Idle: 173,  Running: 16,  Completed: 47 [  3m 8s  ] 
INFO:  Idle: 172,  Running: 16,  Completed: 48 [  3m 40s  ] 
INFO:  Idle: 171,  Running: 16,  Completed: 49 [  3m 45s  ] 
INFO:  Idle: 170,  Running: 16,  Completed: 50 [  3m 48s  ] 
INFO:  Idle: 169,  Running: 16,  Completed: 51 [  4m 19s  ] 
INFO:  Idle: 168,  Running: 16,  Completed: 52 [  4m 29s  ] 
INFO:  Idle: 167,  Running: 16,  Completed: 53 [  4m 32s  ] 
INFO:  Idle: 166,  Running: 16,  Completed: 54 [  4m 36s  ] 
INFO:  Idle: 165,  Running: 16,  Completed: 55 [  4m 47s  ] 
INFO:  Idle: 164,  Running: 16,  Completed: 56 [  4m 57s  ] 
INFO:  Idle: 163,  Running: 16,  Completed: 57 [  5m 6s  ] 
INFO:  Idle: 162,  Running: 16,  Completed: 58 [  5m 20s  ] 
INFO:  Idle: 161,  Running: 16,  Completed: 59 [  5m 26s  ] 
INFO:  Idle: 160,  Running: 16,  Completed: 60 [  5m 29s  ] 
INFO:  Idle: 159,  Running: 16,  Completed: 61 [  5m 35s  ] 
INFO:  Idle: 158,  Running: 16,  Completed: 62 [  5m 41s  ] 
INFO:  Idle: 157,  Running: 16,  Completed: 63 [  5m 57s  ] 
INFO:  Idle: 156,  Running: 16,  Completed: 64 [  6m 10s  ] 
INFO:  Idle: 155,  Running: 16,  Completed: 65 [  6m 10s  ] 
INFO:  Idle: 154,  Running: 16,  Completed: 66 [  6m 16s  ] 
INFO:  Idle: 153,  Running: 16,  Completed: 67 [  7m 6s  ] 
INFO:  Idle: 152,  Running: 16,  Completed: 68 [  7m 11s  ] 
INFO:  Idle: 151,  Running: 16,  Completed: 69 [  7m 17s  ] 
INFO:  Idle: 150,  Running: 16,  Completed: 70 [  7m 23s  ] 
INFO:  Idle: 149,  Running: 16,  Completed: 71 [  7m 24s  ] 
INFO:  Idle: 148,  Running: 16,  Completed: 72 [  7m 32s  ] 
INFO:  Idle: 147,  Running: 16,  Completed: 73 [  7m 52s  ] 
INFO:  Idle: 146,  Running: 16,  Completed: 74 [  8m 6s  ] 
INFO:  Idle: 145,  Running: 16,  Completed: 75 [  8m 16s  ] 
INFO:  Idle: 144,  Running: 16,  Completed: 76 [  8m 19s  ] 
INFO:  Idle: 143,  Running: 16,  Completed: 77 [  8m 19s  ] 
INFO:  Idle: 142,  Running: 16,  Completed: 78 [  8m 20s  ] 
INFO:  Idle: 141,  Running: 16,  Completed: 79 [  8m 21s  ] 
INFO:  Idle: 140,  Running: 16,  Completed: 80 [  8m 25s  ] 
INFO:  Idle: 139,  Running: 16,  Completed: 81 [  8m 51s  ] 
INFO:  Idle: 138,  Running: 16,  Completed: 82 [  8m 57s  ] 
INFO:  Idle: 137,  Running: 16,  Completed: 83 [  9m 3s  ] 
INFO:  Idle: 136,  Running: 16,  Completed: 84 [  9m 11s  ] 
INFO:  Idle: 135,  Running: 16,  Completed: 85 [  9m 18s  ] 
INFO:  Idle: 134,  Running: 16,  Completed: 86 [  9m 30s  ] 
INFO:  Idle: 133,  Running: 16,  Completed: 87 [  9m 57s  ] 
INFO:  Idle: 132,  Running: 16,  Completed: 88 [  9m 59s  ] 
INFO:  Idle: 131,  Running: 16,  Completed: 89 [  10m 2s  ] 
INFO:  Idle: 130,  Running: 16,  Completed: 90 [  10m 14s  ] 
INFO:  Idle: 129,  Running: 16,  Completed: 91 [  10m 19s  ] 
INFO:  Idle: 128,  Running: 16,  Completed: 92 [  10m 19s  ] 
INFO:  Idle: 127,  Running: 16,  Completed: 93 [  10m 26s  ] 
INFO:  Idle: 126,  Running: 16,  Completed: 94 [  11m 2s  ] 
INFO:  Idle: 125,  Running: 16,  Completed: 95 [  11m 7s  ] 
INFO:  Idle: 124,  Running: 16,  Completed: 96 [  11m 12s  ] 
INFO:  Idle: 123,  Running: 16,  Completed: 97 [  11m 20s  ] 
INFO:  Idle: 122,  Running: 16,  Completed: 98 [  11m 25s  ] 
INFO:  Idle: 121,  Running: 16,  Completed: 99 [  11m 29s  ] 
INFO:  Idle: 120,  Running: 16,  Completed: 100 [  12m 16s  ] 
INFO:  Idle: 119,  Running: 16,  Completed: 101 [  12m 51s  ] 
INFO:  Idle: 118,  Running: 16,  Completed: 102 [  12m 55s  ] 
INFO:  Idle: 117,  Running: 16,  Completed: 103 [  13m 16s  ] 
INFO:  Idle: 116,  Running: 16,  Completed: 104 [  13m 36s  ] 
INFO:  Idle: 115,  Running: 16,  Completed: 105 [  14m 11s  ] 
INFO:  Idle: 114,  Running: 16,  Completed: 106 [  14m 27s  ] 
INFO:  Idle: 113,  Running: 16,  Completed: 107 [  14m 36s  ] 
INFO:  Idle: 112,  Running: 16,  Completed: 108 [  14m 44s  ] 
INFO:  Idle: 111,  Running: 16,  Completed: 109 [  14m 49s  ] 
INFO:  Idle: 110,  Running: 16,  Completed: 110 [  15m 11s  ] 
INFO:  Idle: 109,  Running: 16,  Completed: 111 [  15m 31s  ] 
INFO:  Idle: 108,  Running: 16,  Completed: 112 [  15m 41s  ] 
INFO:  Idle: 107,  Running: 16,  Completed: 113 [  15m 43s  ] 
INFO:  Idle: 106,  Running: 16,  Completed: 114 [  16m 3s  ] 
INFO:  Idle: 105,  Running: 16,  Completed: 115 [  16m 13s  ] 
INFO:  Idle: 104,  Running: 16,  Completed: 116 [  16m 24s  ] 
INFO:  Idle: 103,  Running: 16,  Completed: 117 [  16m 39s  ] 
INFO:  Idle: 102,  Running: 16,  Completed: 118 [  16m 56s  ] 
INFO:  Idle: 101,  Running: 16,  Completed: 119 [  17m 16s  ] 
INFO:  Idle: 100,  Running: 16,  Completed: 120 [  17m 26s  ] 
INFO:  Idle: 99,  Running: 16,  Completed: 121 [  17m 34s  ] 
INFO:  Idle: 98,  Running: 16,  Completed: 122 [  17m 59s  ] 
INFO:  Idle: 97,  Running: 16,  Completed: 123 [  17m 59s  ] 
INFO:  Idle: 96,  Running: 16,  Completed: 124 [  18m 8s  ] 
INFO:  Idle: 95,  Running: 16,  Completed: 125 [  18m 20s  ] 
INFO:  Idle: 94,  Running: 16,  Completed: 126 [  18m 30s  ] 
INFO:  Idle: 93,  Running: 16,  Completed: 127 [  18m 43s  ] 
INFO:  Idle: 92,  Running: 16,  Completed: 128 [  18m 59s  ] 
INFO:  Idle: 91,  Running: 16,  Completed: 129 [  19m 1s  ] 
INFO:  Idle: 90,  Running: 16,  Completed: 130 [  19m 11s  ] 
INFO:  Idle: 89,  Running: 16,  Completed: 131 [  19m 16s  ] 
INFO:  Idle: 88,  Running: 16,  Completed: 132 [  19m 17s  ] 
INFO:  Idle: 87,  Running: 16,  Completed: 133 [  19m 20s  ] 
INFO:  Idle: 86,  Running: 16,  Completed: 134 [  19m 31s  ] 
INFO:  Idle: 85,  Running: 16,  Completed: 135 [  20m 27s  ] 
INFO:  Idle: 84,  Running: 16,  Completed: 136 [  20m 30s  ] 
INFO:  Idle: 83,  Running: 16,  Completed: 137 [  20m 36s  ] 
INFO:  Idle: 82,  Running: 16,  Completed: 138 [  20m 39s  ] 
INFO:  Idle: 81,  Running: 16,  Completed: 139 [  20m 53s  ] 
INFO:  Idle: 80,  Running: 16,  Completed: 140 [  20m 54s  ] 
INFO:  Idle: 79,  Running: 16,  Completed: 141 [  20m 57s  ] 
INFO:  Idle: 78,  Running: 16,  Completed: 142 [  21m 42s  ] 
INFO:  Idle: 77,  Running: 16,  Completed: 143 [  21m 44s  ] 
INFO:  Idle: 76,  Running: 16,  Completed: 144 [  21m 50s  ] 
INFO:  Idle: 75,  Running: 16,  Completed: 145 [  21m 57s  ] 
INFO:  Idle: 74,  Running: 16,  Completed: 146 [  22m 8s  ] 
INFO:  Idle: 73,  Running: 16,  Completed: 147 [  22m 41s  ] 
INFO:  Idle: 72,  Running: 16,  Completed: 148 [  22m 44s  ] 
INFO:  Idle: 71,  Running: 16,  Completed: 149 [  23m 4s  ] 
INFO:  Idle: 70,  Running: 16,  Completed: 150 [  23m 16s  ] 
INFO:  Idle: 69,  Running: 16,  Completed: 151 [  23m 50s  ] 
INFO:  Idle: 68,  Running: 16,  Completed: 152 [  23m 51s  ] 
INFO:  Idle: 67,  Running: 16,  Completed: 153 [  24m 10s  ] 
INFO:  Idle: 66,  Running: 16,  Completed: 154 [  24m 17s  ] 
INFO:  Idle: 65,  Running: 16,  Completed: 155 [  24m 49s  ] 
INFO:  Idle: 64,  Running: 16,  Completed: 156 [  24m 51s  ] 
INFO:  Idle: 63,  Running: 16,  Completed: 157 [  24m 55s  ] 
INFO:  Idle: 62,  Running: 16,  Completed: 158 [  25m 2s  ] 
INFO:  Idle: 61,  Running: 16,  Completed: 159 [  25m 14s  ] 
INFO:  Idle: 60,  Running: 16,  Completed: 160 [  25m 18s  ] 
INFO:  Idle: 59,  Running: 16,  Completed: 161 [  25m 49s  ] 
INFO:  Idle: 58,  Running: 16,  Completed: 162 [  25m 50s  ] 
INFO:  Idle: 57,  Running: 16,  Completed: 163 [  25m 51s  ] 
INFO:  Idle: 56,  Running: 16,  Completed: 164 [  25m 59s  ] 
INFO:  Idle: 55,  Running: 16,  Completed: 165 [  26m 17s  ] 
INFO:  Idle: 54,  Running: 16,  Completed: 166 [  26m 18s  ] 
INFO:  Idle: 53,  Running: 16,  Completed: 167 [  27m 18s  ] 
INFO:  Idle: 52,  Running: 16,  Completed: 168 [  27m 21s  ] 
INFO:  Idle: 51,  Running: 16,  Completed: 169 [  27m 31s  ] 
INFO:  Idle: 50,  Running: 16,  Completed: 170 [  27m 33s  ] 
INFO:  Idle: 49,  Running: 16,  Completed: 171 [  27m 34s  ] 
INFO:  Idle: 48,  Running: 16,  Completed: 172 [  28m 35s  ] 
INFO:  Idle: 47,  Running: 16,  Completed: 173 [  28m 38s  ] 
INFO:  Idle: 46,  Running: 16,  Completed: 174 [  28m 41s  ] 
INFO:  Idle: 45,  Running: 16,  Completed: 175 [  28m 46s  ] 
INFO:  Idle: 44,  Running: 16,  Completed: 176 [  29m 15s  ] 
INFO:  Idle: 43,  Running: 16,  Completed: 177 [  29m 15s  ] 
INFO:  Idle: 42,  Running: 16,  Completed: 178 [  29m 18s  ] 
INFO:  Idle: 41,  Running: 16,  Completed: 179 [  29m 41s  ] 
INFO:  Idle: 40,  Running: 16,  Completed: 180 [  29m 44s  ] 
INFO:  Idle: 39,  Running: 16,  Completed: 181 [  29m 48s  ] 
INFO:  Idle: 38,  Running: 16,  Completed: 182 [  29m 50s  ] 
INFO:  Idle: 37,  Running: 16,  Completed: 183 [  30m 8s  ] 
INFO:  Idle: 36,  Running: 16,  Completed: 184 [  30m 15s  ] 
INFO:  Idle: 35,  Running: 16,  Completed: 185 [  30m 41s  ] 
INFO:  Idle: 34,  Running: 16,  Completed: 186 [  30m 52s  ] 
INFO:  Idle: 33,  Running: 16,  Completed: 187 [  30m 56s  ] 
INFO:  Idle: 32,  Running: 16,  Completed: 188 [  30m 58s  ] 
INFO:  Idle: 31,  Running: 16,  Completed: 189 [  31m 14s  ] 
INFO:  Idle: 30,  Running: 16,  Completed: 190 [  31m 17s  ] 
INFO:  Idle: 29,  Running: 16,  Completed: 191 [  31m 24s  ] 
INFO:  Idle: 28,  Running: 16,  Completed: 192 [  31m 44s  ] 
INFO:  Idle: 27,  Running: 16,  Completed: 193 [  31m 52s  ] 
INFO:  Idle: 26,  Running: 16,  Completed: 194 [  31m 59s  ] 
INFO:  Idle: 25,  Running: 16,  Completed: 195 [  32m 6s  ] 
INFO:  Idle: 24,  Running: 16,  Completed: 196 [  32m 11s  ] 
INFO:  Idle: 23,  Running: 16,  Completed: 197 [  32m 18s  ] 
INFO:  Idle: 22,  Running: 16,  Completed: 198 [  32m 19s  ] 
INFO:  Idle: 21,  Running: 16,  Completed: 199 [  32m 25s  ] 
INFO:  Idle: 20,  Running: 16,  Completed: 200 [  32m 26s  ] 
INFO:  Idle: 19,  Running: 16,  Completed: 201 [  32m 43s  ] 
INFO:  Idle: 18,  Running: 16,  Completed: 202 [  32m 55s  ] 
INFO:  Idle: 17,  Running: 16,  Completed: 203 [  32m 56s  ] 
INFO:  Idle: 16,  Running: 16,  Completed: 204 [  33m 24s  ] 
INFO:  Idle: 15,  Running: 16,  Completed: 205 [  33m 56s  ] 
INFO:  Idle: 14,  Running: 16,  Completed: 206 [  34m 3s  ] 
INFO:  Idle: 13,  Running: 16,  Completed: 207 [  34m 7s  ] 
INFO:  Idle: 12,  Running: 16,  Completed: 208 [  34m 10s  ] 
INFO:  Idle: 11,  Running: 16,  Completed: 209 [  34m 10s  ] 
INFO:  Idle: 10,  Running: 16,  Completed: 210 [  34m 15s  ] 
INFO:  Idle: 9,  Running: 16,  Completed: 211 [  34m 25s  ] 
INFO:  Idle: 8,  Running: 16,  Completed: 212 [  34m 39s  ] 
INFO:  Idle: 7,  Running: 16,  Completed: 213 [  35m 4s  ] 
INFO:  Idle: 6,  Running: 16,  Completed: 214 [  35m 18s  ] 
INFO:  Idle: 5,  Running: 16,  Completed: 215 [  35m 20s  ] 
INFO:  Idle: 4,  Running: 16,  Completed: 216 [  35m 26s  ] 
INFO:  Idle: 3,  Running: 16,  Completed: 217 [  35m 27s  ] 
INFO:  Idle: 2,  Running: 16,  Completed: 218 [  35m 42s  ] 
INFO:  Idle: 1,  Running: 16,  Completed: 219 [  36m 6s  ] 
INFO:  Idle: 0,  Running: 16,  Completed: 220 [  36m 31s  ] 
INFO:  Idle: 0,  Running: 15,  Completed: 221 [  36m 32s  ] 
INFO:  Idle: 0,  Running: 14,  Completed: 222 [  36m 33s  ] 
INFO:  Idle: 0,  Running: 13,  Completed: 223 [  36m 43s  ] 
INFO:  Idle: 0,  Running: 12,  Completed: 224 [  36m 46s  ] 
INFO:  Idle: 0,  Running: 11,  Completed: 225 [  37m 10s  ] 
INFO:  Idle: 0,  Running: 10,  Completed: 226 [  37m 29s  ] 
INFO:  Idle: 0,  Running: 9,  Completed: 227 [  38m 53s  ] 
INFO:  Idle: 0,  Running: 8,  Completed: 228 [  39m 2s  ] 
INFO:  Idle: 0,  Running: 7,  Completed: 229 [  40m 5s  ] 
INFO:  Idle: 0,  Running: 6,  Completed: 230 [  42m 52s  ] 
INFO:  Idle: 0,  Running: 5,  Completed: 231 [  43m 43s  ] 
INFO:  Idle: 0,  Running: 4,  Completed: 232 [  46m 1s  ] 
INFO:  Idle: 0,  Running: 3,  Completed: 233 [  48m 54s  ] 
INFO:  Idle: 0,  Running: 2,  Completed: 234 [  51m 39s  ] 
INFO:  Idle: 0,  Running: 1,  Completed: 235 [  1h 7m  ] 
INFO:  Idle: 0,  Running: 0,  Completed: 236 [  1h 41m  ] 
sum of cpu time of last step: 0 second
INFO: Updating the number of unweighted events per channel

      Intermediate results:
      Random seed: 33
      Total cross section:      2.123e+00 +- 2.9e-03 pb
      Total abs(cross section): 3.824e+00 +- 3.2e-03 pb 

 
INFO: Generating events 
INFO:  Idle: 46,  Running: 16,  Completed: 12 [ current time: 14h01 ] 
INFO:  Idle: 45,  Running: 16,  Completed: 13 [  0.07s  ] 
INFO:  Idle: 44,  Running: 16,  Completed: 14 [  0.095s  ] 
INFO:  Idle: 43,  Running: 16,  Completed: 15 [  0.13s  ] 
INFO:  Idle: 42,  Running: 16,  Completed: 16 [  0.17s  ] 
INFO:  Idle: 41,  Running: 16,  Completed: 17 [  0.41s  ] 
INFO:  Idle: 40,  Running: 16,  Completed: 18 [  0.42s  ] 
INFO:  Idle: 39,  Running: 16,  Completed: 19 [  0.44s  ] 
INFO:  Idle: 38,  Running: 16,  Completed: 20 [  0.46s  ] 
INFO:  Idle: 37,  Running: 16,  Completed: 21 [  0.5s  ] 
INFO:  Idle: 36,  Running: 16,  Completed: 22 [  0.54s  ] 
INFO:  Idle: 35,  Running: 16,  Completed: 23 [  0.55s  ] 
INFO:  Idle: 34,  Running: 16,  Completed: 24 [  0.69s  ] 
INFO:  Idle: 33,  Running: 16,  Completed: 25 [  0.74s  ] 
INFO:  Idle: 32,  Running: 16,  Completed: 26 [  0.74s  ] 
INFO:  Idle: 31,  Running: 16,  Completed: 27 [  0.76s  ] 
INFO:  Idle: 30,  Running: 16,  Completed: 28 [  0.86s  ] 
INFO:  Idle: 29,  Running: 16,  Completed: 29 [  0.88s  ] 
INFO:  Idle: 28,  Running: 16,  Completed: 30 [  0.91s  ] 
INFO:  Idle: 27,  Running: 16,  Completed: 31 [  0.99s  ] 
INFO:  Idle: 26,  Running: 16,  Completed: 32 [  1s  ] 
INFO:  Idle: 25,  Running: 16,  Completed: 33 [  1s  ] 
INFO:  Idle: 24,  Running: 16,  Completed: 34 [  1.1s  ] 
INFO:  Idle: 23,  Running: 16,  Completed: 35 [  1.1s  ] 
INFO:  Idle: 22,  Running: 16,  Completed: 36 [  1.2s  ] 
INFO:  Idle: 21,  Running: 16,  Completed: 37 [  1.2s  ] 
INFO:  Idle: 20,  Running: 16,  Completed: 38 [  1.2s  ] 
INFO:  Idle: 19,  Running: 16,  Completed: 39 [  1.3s  ] 
INFO:  Idle: 18,  Running: 16,  Completed: 40 [  1.3s  ] 
INFO:  Idle: 17,  Running: 16,  Completed: 41 [  1.3s  ] 
INFO:  Idle: 16,  Running: 16,  Completed: 42 [  1.4s  ] 
INFO:  Idle: 15,  Running: 16,  Completed: 43 [  1.4s  ] 
INFO:  Idle: 14,  Running: 16,  Completed: 44 [  1.5s  ] 
INFO:  Idle: 13,  Running: 16,  Completed: 45 [  1.5s  ] 
INFO:  Idle: 12,  Running: 16,  Completed: 46 [  1.5s  ] 
INFO:  Idle: 11,  Running: 16,  Completed: 47 [  1.5s  ] 
INFO:  Idle: 10,  Running: 16,  Completed: 48 [  1.5s  ] 
INFO:  Idle: 9,  Running: 16,  Completed: 49 [  1.6s  ] 
INFO:  Idle: 8,  Running: 16,  Completed: 50 [  1.6s  ] 
INFO:  Idle: 7,  Running: 16,  Completed: 51 [  1.6s  ] 
INFO:  Idle: 6,  Running: 16,  Completed: 52 [  1.6s  ] 
INFO:  Idle: 5,  Running: 16,  Completed: 53 [  1.6s  ] 
INFO:  Idle: 4,  Running: 16,  Completed: 54 [  1.6s  ] 
INFO:  Idle: 3,  Running: 16,  Completed: 55 [  1.6s  ] 
INFO:  Idle: 2,  Running: 16,  Completed: 56 [  1.7s  ] 
INFO:  Idle: 1,  Running: 16,  Completed: 57 [  1.7s  ] 
INFO:  Idle: 0,  Running: 16,  Completed: 58 [  1.7s  ] 
INFO:  Idle: 0,  Running: 15,  Completed: 59 [  1.7s  ] 
INFO:  Idle: 0,  Running: 14,  Completed: 60 [  1.7s  ] 
INFO:  Idle: 0,  Running: 13,  Completed: 61 [  1.7s  ] 
INFO:  Idle: 0,  Running: 12,  Completed: 62 [  1.7s  ] 
INFO:  Idle: 0,  Running: 11,  Completed: 63 [  1.7s  ] 
INFO:  Idle: 0,  Running: 10,  Completed: 64 [  1.8s  ] 
INFO:  Idle: 0,  Running: 9,  Completed: 65 [  1.8s  ] 
INFO:  Idle: 0,  Running: 8,  Completed: 66 [  1.8s  ] 
INFO:  Idle: 0,  Running: 7,  Completed: 67 [  1.8s  ] 
INFO:  Idle: 0,  Running: 6,  Completed: 68 [  1.8s  ] 
INFO:  Idle: 0,  Running: 5,  Completed: 69 [  1.8s  ] 
INFO:  Idle: 0,  Running: 4,  Completed: 70 [  1.9s  ] 
INFO:  Idle: 0,  Running: 3,  Completed: 71 [  2.2s  ] 
INFO:  Idle: 0,  Running: 2,  Completed: 72 [  2.6s  ] 
INFO:  Idle: 0,  Running: 1,  Completed: 73 [  3.8s  ] 
INFO:  Idle: 0,  Running: 0,  Completed: 74 [  4s  ] 
sum of cpu time of last step: 0 second
INFO:    Doing reweight 
INFO:  Idle: 0,  Running: 0,  Completed: 74 [ current time: 14h01 ] 
INFO: Collecting events 
INFO: 
   --------------------------------------------------------------
      Summary:
      Process p p > ell- vl~ w+ $$ t t~ H QED=3 [QCD] @0 ; p p > ell- vl~ w+ j $$ t t~ H QED=3 [QCD] @1
      Run at p-p collider (6500.0 + 6500.0 GeV)
      Number of events generated: 500
      Total cross section: 2.065e+00 +- 2.8e-03 pb
   --------------------------------------------------------------
 
INFO: The /pool/condor/dir_17067/genproductions/bin/MadGraph5_aMCatNLO/WmWpToLmNujj_01j_aTGC_pTW-150toInf_mWV-150to600_4f_NLO_FXFX/WmWpToLmNujj_01j_aTGC_pTW-150toInf_mWV-150to600_4f_NLO_FXFX_gridpack/work/processtmp/Events/pilotrun/events.lhe.gz file has been generated.
 
INFO: Events generated 
reweight -from_cards
decay_events -from_cards
INFO: Running MadSpin 
INFO: This functionality allows for the decay of resonances 
INFO: in a .lhe file, keeping track of the spin correlation effets. 
INFO: BE AWARE OF THE CURRENT LIMITATIONS: 
INFO:   (1) Only a succession of 2 body decay are currently allowed 
************************************************************
*                                                          *
*           W E L C O M E  to  M A D S P I N               *
*                                                          *
************************************************************
INFO: Extracting the banner ... 
INFO: process: p p > ell- vl~ w+  
INFO: options: $$ t t~ H QED=3   
INFO: detected model: EWdim6NLO-no_cmass_cwwwcbcw. Loading... 
set lhapdf to /cvmfs/cms.cern.ch/slc7_amd64_gcc10/external/lhapdf/6.4.0-68defff11ffd434c73727d03802bfb85/share/LHAPDF/../../bin/lhapdf-config
set lhapdf to /cvmfs/cms.cern.ch/slc7_amd64_gcc10/external/lhapdf/6.4.0-68defff11ffd434c73727d03802bfb85/share/LHAPDF/../../bin/lhapdf-config
set ninja to /pool/condor/dir_17067/genproductions/bin/MadGraph5_aMCatNLO/WmWpToLmNujj_01j_aTGC_pTW-150toInf_mWV-150to600_4f_NLO_FXFX/WmWpToLmNujj_01j_aTGC_pTW-150toInf_mWV-150to600_4f_NLO_FXFX_gridpack/work/MG5_aMC_v2_9_12/HEPTools/lib
set ms_dir ./madspingrid
set Nevents_for_max_weight 250 # number of events for the estimate of the max. weight
set max_weight_ps_point 400  # number of PS to estimate the maximum for each event
set BW_cut 15
set max_running_process 1
define q = g u c d s u~ c~ d~ s~
define q = g u c d s u~ c~ d~ s~
Defined multiparticle q = g u c d s u~ c~ d~ s~
decay w+ > q q
decay w- > q q
launch
INFO: Will use seed 830736622 
[1;34mWARNING: set the mass of the b-quark to its value in the param_card.dat: 4.7 GeV  [0m
INFO: We need to recalculate the branching fractions for w-,w+ 
INFO: using the FeynRules formula present in the model (arXiv:1402.1178) 
INFO: Restrict model /pool/condor/dir_17067/genproductions/bin/MadGraph5_aMCatNLO/WmWpToLmNujj_01j_aTGC_pTW-150toInf_mWV-150to600_4f_NLO_FXFX/WmWpToLmNujj_01j_aTGC_pTW-150toInf_mWV-150to600_4f_NLO_FXFX_gridpack/work/MG5_aMC_v2_9_12/models/EWdim6NLO-no_cmass_cwwwcbcw with file ../MG5_aMC_v2_9_12/models/EWdim6NLO/restrict_no_cmass_cwwwcbcw.dat . 
INFO: Run "set stdout_level DEBUG" before import for more information. 
INFO:    
INFO: decay channels for w+ : ( width = 2.002945 GeV ) 
INFO:        BR                 d1  d2 
INFO:    3.333333e-01            s~  c  
INFO:    3.333333e-01            d~  u  
INFO:    1.111111e-01            ta+  vt  
INFO:    1.111111e-01            mu+  vm  
INFO:    1.111111e-01            e+  ve  
INFO:    
INFO:    
INFO: decay channels for w- : ( width = 2.002945 GeV ) 
INFO:        BR                 d1  d2 
INFO:    3.333333e-01            s  c~  
INFO:    3.333333e-01            d  u~  
INFO:    1.111111e-01            ta-  vt~  
INFO:    1.111111e-01            mu-  vm~  
INFO:    1.111111e-01            e-  ve~  
INFO:    
INFO: generating the production square matrix element 
INFO: generate p p > ell- vl~ w+ $$ t t~ H QED=3   @0 --no_warning=duplicate;define pert_QCD = -4 -3 -2 -1 1 2 3 4 21;add process p p > ell- vl~ w+  pert_QCD $$ t t~ H QED=3   @0 --no_warning=duplicate;add process p p > ell- vl~ w+ j $$ t t~ H QED=3   @1 --no_warning=duplicate;define pert_QCD = -4 -3 -2 -1 1 2 3 4 21;add process p p > ell- vl~ w+ j  pert_QCD $$ t t~ H QED=3   @1 --no_warning=duplicate; 
INFO: Done 164.9 
INFO: generating the full matrix element squared (with decay) 
INFO: generate p p > ell- vl~ w+ $$ t t~ H QED=3 , w+ > q q  QCD=99 @0 --no_warning=duplicate;define pert_QCD = -4 -3 -2 -1 1 2 3 4 21;add process p p > ell- vl~ w+ pert_QCD $$ t t~ H QED=3 , w+ > q q  QCD=99 @0 --no_warning=duplicate;add process p p > ell- vl~ w+ j $$ t t~ H QED=3 , w+ > q q  QCD=99 @1 --no_warning=duplicate;define pert_QCD = -4 -3 -2 -1 1 2 3 4 21;add process p p > ell- vl~ w+ j pert_QCD $$ t t~ H QED=3 , w+ > q q  QCD=99 @1 --no_warning=duplicate; 
INFO: Done 174.2 
INFO: generate matrix element for decay only (1 - > N). 
INFO: output standalone_msF /pool/condor/dir_17067/genproductions/bin/MadGraph5_aMCatNLO/WmWpToLmNujj_01j_aTGC_pTW-150toInf_mWV-150to600_4f_NLO_FXFX/WmWpToLmNujj_01j_aTGC_pTW-150toInf_mWV-150to600_4f_NLO_FXFX_gridpack/work/processtmp/madspingrid/decay_me 
INFO: Done 0.8069 
INFO: Compiling code 
INFO: detect independant decays 
INFO:    
INFO:    Estimating the maximum weight     
INFO:    *****************************     
INFO:      Probing the first 250 events 
INFO:      with 400 phase space points 
INFO:    
INFO: Event 1/250 :  0.12s   
INFO: Event 6/250 :  1.1s   
INFO: Event 11/250 :  1.6s   
INFO: Event 16/250 :  2.6s   
INFO: Event 21/250 :  4s   
INFO: Event 26/250 :  5.8s   
INFO: Event 31/250 :  7.4s   
INFO: Event 36/250 :  8.4s   
INFO: Event 41/250 :  9.6s   
INFO: Event 46/250 :  10.7s   
INFO: Event 51/250 :  12.2s   
INFO: Event 56/250 :  13.8s   
INFO: Event 61/250 :  15.8s   
INFO: Event 66/250 :  16.8s   
INFO: Event 71/250 :  17.1s   
INFO: Event 76/250 :  18.6s   
INFO: Event 81/250 :  19.2s   
INFO: Event 86/250 :  19.8s   
INFO: Event 91/250 :  20.9s   
INFO: Event 96/250 :  22.4s   
INFO: Event 101/250 :  23.9s   
INFO: Event 106/250 :  24.4s   
INFO: Event 111/250 :  24.9s   
INFO: Event 116/250 :  25.5s   
INFO: Event 121/250 :  25.9s   
INFO: Event 126/250 :  26.3s   
INFO: Event 131/250 :  27.9s   
INFO: Event 136/250 :  29.9s   
INFO: Event 141/250 :  31s   
INFO: Event 146/250 :  32.5s   
INFO: Event 151/250 :  33.5s   
INFO: Event 156/250 :  34.1s   
INFO: Event 161/250 :  35.7s   
INFO: Event 166/250 :  36.2s   
INFO: Event 171/250 :  37.8s   
INFO: Event 176/250 :  38.7s   
INFO: Event 181/250 :  40.7s   
INFO: Event 186/250 :  41.7s   
INFO: Event 191/250 :  42.1s   
INFO: Event 196/250 :  42.6s   
INFO: Event 201/250 :  44.1s   
INFO: Event 206/250 :  45.2s   
INFO: Event 211/250 :  46.7s   
INFO: Event 216/250 :  47.7s   
INFO: Event 221/250 :  49.1s   
INFO: Event 226/250 :  50.6s   
INFO: Event 231/250 :  52.2s   
INFO: Event 236/250 :  53.3s   
INFO: Event 241/250 :  54.3s   
INFO: Event 246/250 :  54.9s   
INFO:   
INFO: Decaying the events...  
INFO: Total number of events written: 500/500  
INFO: Average number of trial points per production event: 6.07 
INFO: Branching ratio to allowed decays: 0.666667 
INFO: Number of events with weights larger than max_weight: 0 
INFO: Number of subprocesses 1 
INFO: Number of failures when restoring the Monte Carlo masses: 0  
INFO: The decayed event file has been moved to the following location:  
INFO: /pool/condor/dir_17067/genproductions/bin/MadGraph5_aMCatNLO/WmWpToLmNujj_01j_aTGC_pTW-150toInf_mWV-150to600_4f_NLO_FXFX/WmWpToLmNujj_01j_aTGC_pTW-150toInf_mWV-150to600_4f_NLO_FXFX_gridpack/work/processtmp/Events/pilotrun_decayed_1/events.lhe.gz 
INFO: MadSpin Done 
[1;34mWARNING: You have chosen not to run a parton shower. NLO events without showering are NOT physical.
Please, shower the Les Houches events before using them for physics analyses. [0m
INFO:  
[1;34mWARNING: You are running with FxFx merging enabled.
To be able to merge samples of various multiplicities without double counting,
you have to remove some events after showering 'by hand'.
Please read http://amcatnlo.cern.ch/FxFx_merging.htm for more details. [0m
quit
INFO:  
preparing reweighting step
preparing reweighting step
Running MG5 in debug mode
No module named 'madgraph'
[1;32mDEBUG:  No hepmc reader since No module named 'madgraph' [1;30m[lhe_parser.py at line 50][0m [0m
INFO: ************************************************************
*                                                          *
*           W E L C O M E  to  M A D G R A P H 5           *
*                       a M C @ N L O                      *
*                                                          *
*                 *                       *                *
*                   *        * *        *                  *
*                     * * * * 5 * * * *                    *
*                   *        * *        *                  *
*                 *                       *                *
*                                                          *
*         VERSION 5.2.9.12              20xx-xx-xx         *
*                                                          *
*    The MadGraph5_aMC@NLO Development Team - Find us at   *
*                 http://amcatnlo.cern.ch                  *
*                                                          *
*               Type 'help' for in-line help.              *
*                                                          *
************************************************************ 
INFO: load configuration from /pool/condor/dir_17067/genproductions/bin/MadGraph5_aMCatNLO/WmWpToLmNujj_01j_aTGC_pTW-150toInf_mWV-150to600_4f_NLO_FXFX/WmWpToLmNujj_01j_aTGC_pTW-150toInf_mWV-150to600_4f_NLO_FXFX_gridpack/work/processtmp/Cards/amcatnlo_configuration.txt  
INFO: load configuration from /pool/condor/dir_17067/genproductions/bin/MadGraph5_aMCatNLO/WmWpToLmNujj_01j_aTGC_pTW-150toInf_mWV-150to600_4f_NLO_FXFX/WmWpToLmNujj_01j_aTGC_pTW-150toInf_mWV-150to600_4f_NLO_FXFX_gridpack/work/MG5_aMC_v2_9_12/input/mg5_configuration.txt  
INFO: load configuration from /pool/condor/dir_17067/genproductions/bin/MadGraph5_aMCatNLO/WmWpToLmNujj_01j_aTGC_pTW-150toInf_mWV-150to600_4f_NLO_FXFX/WmWpToLmNujj_01j_aTGC_pTW-150toInf_mWV-150to600_4f_NLO_FXFX_gridpack/work/processtmp/Cards/amcatnlo_configuration.txt  
INFO: set f2py compiler to /cvmfs/cms.cern.ch/slc7_amd64_gcc10/external/py3-numpy/1.21.2-99508e874b8d39bfba40879990ed24fc/bin/f2py3 
No valid eps viewer found. Please set in ./input/mg5_configuration.txt
No valid web browser found. Please set in ./input/mg5_configuration.txt
reweight pilotrun
Do you want to edit a card (press enter to bypass editing)?
/------------------------------------------------------------\
|  [31m1[0m. reweight : [32mreweight_card.dat[0m                           |
\------------------------------------------------------------/
 you can also
   - enter the path to a valid card.
 [[4m0[0m, done, 1, reweight, enter path][90s to answer] 
>[1;34mrun_card missed argument pt_min_pdg. Takes default: {}[0m
[1;34mrun_card missed argument pt_max_pdg. Takes default: {}[0m
[1;34mrun_card missed argument mxx_min_pdg. Takes default: {}[0m
[1;34mrun_card missed argument pt_min_pdg. Takes default: {}[0m
[1;34mrun_card missed argument pt_max_pdg. Takes default: {}[0m
[1;34mrun_card missed argument mxx_min_pdg. Takes default: {}[0m
[1;34mrun_card missed argument pt_min_pdg. Takes default: {}[0m
[1;34mrun_card missed argument pt_max_pdg. Takes default: {}[0m
[1;34mrun_card missed argument mxx_min_pdg. Takes default: {}[0m
INFO: split the event file in bunch of 100 events 
INFO:  Idle: 5,  Running: 0,  Completed: 0 [ current time: 14h09 ] 
No module named 'madgraph'
 No hepmc reader since No module named 'madgraph' [1;30m[lhe_parser.py at line 50][0m
/pool/condor/dir_17067/genproductions/bin/MadGraph5_aMCatNLO/WmWpToLmNujj_01j_aTGC_pTW-150toInf_mWV-150to600_4f_NLO_FXFX/WmWpToLmNujj_01j_aTGC_pTW-150toInf_mWV-150to600_4f_NLO_FXFX_gridpack/work/processtmp/bin/internal/me5_logging.conf
INFO: ************************************************************
*                                                          *
*           W E L C O M E  to  M A D G R A P H 5           *
*                       a M C @ N L O                      *
*                                                          *
*                 *                       *                *
*                   *        * *        *                  *
*                     * * * * 5 * * * *                    *
*                   *        * *        *                  *
*                 *                       *                *
*                                                          *
*         VERSION 5.2.9.12              20xx-xx-xx         *
*                                                          *
*    The MadGraph5_aMC@NLO Development Team - Find us at   *
*                 http://amcatnlo.cern.ch                  *
*                                                          *
*               Type 'help' for in-line help.              *
*                                                          *
************************************************************ 
INFO: load configuration from /pool/condor/dir_17067/genproductions/bin/MadGraph5_aMCatNLO/WmWpToLmNujj_01j_aTGC_pTW-150toInf_mWV-150to600_4f_NLO_FXFX/WmWpToLmNujj_01j_aTGC_pTW-150toInf_mWV-150to600_4f_NLO_FXFX_gridpack/work/processtmp/Cards/amcatnlo_configuration.txt  
INFO: load configuration from /pool/condor/dir_17067/genproductions/bin/MadGraph5_aMCatNLO/WmWpToLmNujj_01j_aTGC_pTW-150toInf_mWV-150to600_4f_NLO_FXFX/WmWpToLmNujj_01j_aTGC_pTW-150toInf_mWV-150to600_4f_NLO_FXFX_gridpack/work/MG5_aMC_v2_9_12/input/mg5_configuration.txt  
INFO: load configuration from /pool/condor/dir_17067/genproductions/bin/MadGraph5_aMCatNLO/WmWpToLmNujj_01j_aTGC_pTW-150toInf_mWV-150to600_4f_NLO_FXFX/WmWpToLmNujj_01j_aTGC_pTW-150toInf_mWV-150to600_4f_NLO_FXFX_gridpack/work/processtmp/Cards/amcatnlo_configuration.txt  
INFO: set f2py compiler to /cvmfs/cms.cern.ch/slc7_amd64_gcc10/external/py3-numpy/1.21.2-99508e874b8d39bfba40879990ed24fc/bin/f2py3 
No valid eps viewer found. Please set in ./input/mg5_configuration.txt
No valid web browser found. Please set in ./input/mg5_configuration.txt
reweight /pool/condor/dir_17067/genproductions/bin/MadGraph5_aMCatNLO/WmWpToLmNujj_01j_aTGC_pTW-150toInf_mWV-150to600_4f_NLO_FXFX/WmWpToLmNujj_01j_aTGC_pTW-150toInf_mWV-150to600_4f_NLO_FXFX_gridpack/work/processtmp/Events/pilotrun/events.lhe.gz_0.lhe -from_cards --multicore=create
[1;34mrun_card missed argument pt_min_pdg. Takes default: {}[0m
[1;34mrun_card missed argument pt_max_pdg. Takes default: {}[0m
[1;34mrun_card missed argument mxx_min_pdg. Takes default: {}[0m
INFO: Extracting the banner ... 
INFO: process: p p > ell- vl~ w+  
INFO: options: $$ t t~ H QED=3   
INFO: Running Reweighting 
change helicity False
change mode LO
change rwgt_dir rwgt
launch --rwgt_name=cwwwm3p6_cwm4p50_cbm20
INFO: detected model: EWdim6NLO-no_cmass_cwwwcbcw. Loading... 
INFO: generating the square matrix element for reweighting 
INFO: generate p p > ell- vl~ w+ $$ t t~ H QED=3   @0 --no_warning=duplicate;define pert_QCD = -4 -3 -2 -1 1 2 3 4 21;add process p p > ell- vl~ w+  pert_QCD $$ t t~ H QED=3   @0 --no_warning=duplicate;define pert_QCD = -4 -3 -2 -1 1 2 3 4 21;add process p p > ell- vl~ w+ j  pert_QCD $$ t t~ H QED=3   @1 --no_warning=duplicate; 
INFO: Done 152.2 
Do you want to edit a card (press enter to bypass editing)?
/------------------------------------------------------------\
|  [31m1[0m. param : [32mparam_card.dat[0m                                 |
|  [31m9[0m. plot  : [32mplot_card.dat[0m                                  |
\------------------------------------------------------------/
 you can also
   - enter the path to a valid card or banner.
   - use the 'set' command to modify a parameter directly.
     The set option works only for param_card and run_card.
     Type 'help set' for more information on this command.
   - call an external program (ASperGE/MadWidth/...).
     Type 'help' for the list of available command
 [[4m0[0m, done, 1, param, 9, plot, enter path]
>INFO: starts to compute weight for events with the following modification to the param_card: 
INFO: set param_card dim6 1 -3.6 # orig: 3.6
KEEP:set param_card dim6 2 -4.5 # orig: 4.5
KEEP:set param_card dim6 3 -20.0 # orig: 20.0
KEEP: 
INFO: Event nb 0 current time: 14h12 
INFO: Event nb 10 current time: 14h12 
INFO: Event nb 20  0.038s  
INFO: Event nb 30  0.072s  
INFO: Event nb 40  0.094s  
INFO: Event nb 50  0.12s  
INFO: Event nb 60  0.15s  
INFO: Event nb 70  0.17s  
INFO: Event nb 80  0.18s  
INFO: Event nb 90  0.2s  
INFO: All event done  (nb_event: 100)  0.23s  
INFO: Event /pool/condor/dir_17067/genproductions/bin/MadGraph5_aMCatNLO/WmWpToLmNujj_01j_aTGC_pTW-150toInf_mWV-150to600_4f_NLO_FXFX/WmWpToLmNujj_01j_aTGC_pTW-150toInf_mWV-150to600_4f_NLO_FXFX_gridpack/work/processtmp/Events/pilotrun/events.lhe.gz_0.lhe have now the additional weight 
launch --rwgt_name=cwwwm3p6_cwm4p50_cbm10
Do you want to edit a card (press enter to bypass editing)?
/------------------------------------------------------------\
|  [31m1[0m. param : [32mparam_card.dat[0m                                 |
|  [31m9[0m. plot  : [32mplot_card.dat[0m                                  |
\------------------------------------------------------------/
 you can also
   - enter the path to a valid card or banner.
   - use the 'set' command to modify a parameter directly.
     The set option works only for param_card and run_card.
     Type 'help set' for more information on this command.
   - call an external program (ASperGE/MadWidth/...).
     Type 'help' for the list of available command
 [[4m0[0m, done, 1, param, 9, plot, enter path]
>INFO: starts to compute weight for events with the following modification to the param_card: 
INFO: set param_card dim6 1 -3.6 # orig: 3.6
KEEP:set param_card dim6 2 -4.5 # orig: 4.5
KEEP:set param_card dim6 3 -10.0 # orig: 20.0
KEEP: 
INFO: Event nb 0 current time: 14h12 
INFO: Event nb 10 current time: 14h12 
INFO: Event nb 20  0.038s  
INFO: Event nb 30  0.072s  
INFO: Event nb 40  0.095s  
INFO: Event nb 50  0.12s  
INFO: Event nb 60  0.15s  
INFO: Event nb 70  0.17s  
INFO: Event nb 80  0.19s  
INFO: Event nb 90  0.2s  
INFO: All event done  (nb_event: 100)  0.23s  
INFO: Event /pool/condor/dir_17067/genproductions/bin/MadGraph5_aMCatNLO/WmWpToLmNujj_01j_aTGC_pTW-150toInf_mWV-150to600_4f_NLO_FXFX/WmWpToLmNujj_01j_aTGC_pTW-150toInf_mWV-150to600_4f_NLO_FXFX_gridpack/work/processtmp/Events/pilotrun/events.lhe.gz_0.lhe have now the additional weight 
launch --rwgt_name=cwww0p0_cw0p00_cb0
Do you want to edit a card (press enter to bypass editing)?
/------------------------------------------------------------\
|  [31m1[0m. param : [32mparam_card.dat[0m                                 |
|  [31m9[0m. plot  : [32mplot_card.dat[0m                                  |
\------------------------------------------------------------/
 you can also
   - enter the path to a valid card or banner.
   - use the 'set' command to modify a parameter directly.
     The set option works only for param_card and run_card.
     Type 'help set' for more information on this command.
   - call an external program (ASperGE/MadWidth/...).
     Type 'help' for the list of available command
 [[4m0[0m, done, 1, param, 9, plot, enter path]
>INFO: starts to compute weight for events with the following modification to the param_card: 
INFO: set param_card dim6 1 0.0 # orig: 3.6
KEEP:set param_card dim6 2 0.0 # orig: 4.5
KEEP:set param_card dim6 3 0.0 # orig: 20.0
KEEP: 
INFO: Event nb 0 current time: 14h12 
INFO: Event nb 10 current time: 14h12 
INFO: Event nb 20  0.037s  
INFO: Event nb 30  0.071s  
INFO: Event nb 40  0.093s  
INFO: Event nb 50  0.11s  
INFO: Event nb 60  0.15s  
INFO: Event nb 70  0.17s  
INFO: Event nb 80  0.18s  
INFO: Event nb 90  0.2s  
INFO: All event done  (nb_event: 100)  0.23s  
INFO: Event /pool/condor/dir_17067/genproductions/bin/MadGraph5_aMCatNLO/WmWpToLmNujj_01j_aTGC_pTW-150toInf_mWV-150to600_4f_NLO_FXFX/WmWpToLmNujj_01j_aTGC_pTW-150toInf_mWV-150to600_4f_NLO_FXFX_gridpack/work/processtmp/Events/pilotrun/events.lhe.gz_0.lhe have now the additional weight 
INFO: quit rwgt 
quit
INFO:  
INFO:  Idle: 0,  Running: 4,  Completed: 1 [  3m 7s  ] 
