Cloning into 'genproductions'...
Running gridpack generation step ALL
Starting job on  Fri Sep 8 07:05:42 CEST 2023
Running on  Linux b7g23p0256.cern.ch 3.10.0-1160.88.1.el7.x86_64 #1 SMP Tue Mar 7 15:41:52 UTC 2023 x86_64 x86_64 x86_64 GNU/Linux
System release  CentOS Linux release 7.9.2009 (Core)
name: WpWmToLpNujj_01j_aTGC_pTW-150toInf_mWV-150to600_4f_NLO_FXFX
carddir: cards_to_run
queue: local
scram_arch: slc7_amd64_gcc700
cmssw_version: CMSSW_10_6_19
# On branch mg265UL
# Changes not staged for commit:
#   (use "git add <file>..." to update what will be committed)
#   (use "git checkout -- <file>..." to discard changes in working directory)
#
#	modified:   gridpack_generation.sh
#
# Untracked files:
#   (use "git add <file>..." to include in what will be committed)
#
#	WpWmToLpNujj_01j_aTGC_pTW-150toInf_mWV-150to600_4f_NLO_FXFX.log
#	cards_to_run/
no changes added to commit (use "git add" and/or "git commit -a")
Current git revision is:
21a9fc70d492c951e8c18cde7fe56b9ebab77eed
diff --git a/bin/MadGraph5_aMCatNLO/gridpack_generation.sh b/bin/MadGraph5_aMCatNLO/gridpack_generation.sh
index c4ad11e..2621ca8 100755
--- a/bin/MadGraph5_aMCatNLO/gridpack_generation.sh
+++ b/bin/MadGraph5_aMCatNLO/gridpack_generation.sh
@@ -262,6 +262,7 @@ make_gridpack () {
               tar zxvf ../$model
             elif [[ $model == *".tar"* ]]; then
               tar xavf ../$model
+	      cp /afs/cern.ch/work/a/anmehta/public/mg265UL_semilepWV/genproductions/bin/MadGraph5_aMCatNLO/restrict_no_cmass_cwwwcbcw.dat EWdim6NLO/ ##am
             else 
               echo "A BSM model is specified but it is not in a standard archive (.zip or .tar)"
             fi
@@ -495,7 +496,7 @@ make_gridpack () {
       fi
       echo "done" >> makegrid.dat
 
-      cat makegrid.dat | ./bin/generate_events -n pilotrun
+      cat makegrid.dat | ./bin/generate_events --nb_core=32 -n pilotrun
       # Run this step separately in debug mode since it gives so many problems
       if [ -e $CARDSDIR/${name}_reweight_card.dat ]; then
           echo "preparing reweighting step"
@@ -550,7 +551,7 @@ make_gridpack () {
       echo "done" >> makegrid.dat
     
     #   set +e
-      cat makegrid.dat | ./bin/generate_events pilotrun
+      cat makegrid.dat | ./bin/generate_events --nb_core=32 pilotrun
       echo "finished pilot run"
     
       cd $WORKDIR
/pool/condor/dir_19850/genproductions/bin/MadGraph5_aMCatNLO
WARNING: In non-interactive mode release checks e.g. deprecated releases, production architectures are disabled.
--2023-09-08 07:05:44--  https://cms-project-generators.web.cern.ch/cms-project-generators/MG5_aMC_v2.6.5.tar.gz
Resolving cms-project-generators.web.cern.ch (cms-project-generators.web.cern.ch)... 2001:1458:d00:4e::100:3c0, 188.184.74.207
Connecting to cms-project-generators.web.cern.ch (cms-project-generators.web.cern.ch)|2001:1458:d00:4e::100:3c0|:443... connected.
HTTP request sent, awaiting response... 200 OK
Length: 34635867 (33M) [application/gzip]
Saving to: 'MG5_aMC_v2.6.5.tar.gz'

     0K .......... .......... .......... .......... ..........  0% 55.9M 1s
    50K .......... .......... .......... .......... ..........  0% 58.4M 1s
   100K .......... .......... .......... .......... ..........  0% 56.0M 1s
   150K .......... .......... .......... .......... ..........  0% 61.0M 1s
   200K .......... .......... .......... .......... ..........  0% 47.8M 1s
   250K .......... .......... .......... .......... ..........  0% 61.9M 1s
   300K .......... .......... .......... .......... ..........  1% 59.1M 1s
   350K .......... .......... .......... .......... ..........  1% 61.4M 1s
   400K .......... .......... .......... .......... ..........  1% 47.9M 1s
   450K .......... .......... .......... .......... ..........  1% 61.0M 1s
   500K .......... .......... .......... .......... ..........  1% 62.0M 1s
   550K .......... .......... .......... .......... ..........  1% 58.8M 1s
   600K .......... .......... .......... .......... ..........  1% 61.6M 1s
   650K .......... .......... .......... .......... ..........  2% 47.6M 1s
   700K .......... .......... .......... .......... ..........  2% 60.6M 1s
   750K .......... .......... .......... .......... ..........  2% 60.0M 1s
   800K .......... .......... .......... .......... ..........  2% 61.3M 1s
   850K .......... .......... .......... .......... ..........  2% 47.7M 1s
   900K .......... .......... .......... .......... ..........  2% 62.6M 1s
   950K .......... .......... .......... .......... ..........  2% 62.5M 1s
  1000K .......... .......... .......... .......... ..........  3% 59.5M 1s
  1050K .......... .......... .......... .......... ..........  3% 61.1M 1s
  1100K .......... .......... .......... .......... ..........  3% 47.1M 1s
  1150K .......... .......... .......... .......... ..........  3% 62.2M 1s
  1200K .......... .......... .......... .......... ..........  3% 58.2M 1s
  1250K .......... .......... .......... .......... ..........  3% 61.5M 1s
  1300K .......... .......... .......... .......... ..........  3% 47.1M 1s
  1350K .......... .......... .......... .......... ..........  4% 61.4M 1s
  1400K .......... .......... .......... .......... ..........  4% 59.1M 1s
  1450K .......... .......... .......... .......... ..........  4% 62.5M 1s
  1500K .......... .......... .......... .......... ..........  4% 62.4M 1s
  1550K .......... .......... .......... .......... ..........  4% 47.5M 1s
  1600K .......... .......... .......... .......... ..........  4% 62.3M 1s
  1650K .......... .......... .......... .......... ..........  5% 59.7M 1s
  1700K .......... .......... .......... .......... ..........  5% 61.1M 1s
  1750K .......... .......... .......... .......... ..........  5% 49.2M 1s
  1800K .......... .......... .......... .......... ..........  5% 63.2M 1s
  1850K .......... .......... .......... .......... ..........  5% 62.5M 1s
  1900K .......... .......... .......... .......... ..........  5% 62.6M 1s
  1950K .......... .......... .......... .......... ..........  5% 49.4M 1s
  2000K .......... .......... .......... .......... ..........  6% 63.2M 1s
  2050K .......... .......... .......... .......... ..........  6% 62.7M 1s
  2100K .......... .......... .......... .......... ..........  6% 62.4M 1s
  2150K .......... .......... .......... .......... ..........  6% 62.0M 1s
  2200K .......... .......... .......... .......... ..........  6% 49.1M 1s
  2250K .......... .......... .......... .......... ..........  6% 62.9M 1s
  2300K .......... .......... .......... .......... ..........  6% 60.2M 1s
  2350K .......... .......... .......... .......... ..........  7% 63.4M 1s
  2400K .......... .......... .......... .......... ..........  7% 48.1M 1s
  2450K .......... .......... .......... .......... ..........  7% 63.3M 1s
  2500K .......... .......... .......... .......... ..........  7% 61.6M 1s
  2550K .......... .......... .......... .......... ..........  7% 58.4M 1s
  2600K .......... .......... .......... .......... ..........  7% 62.1M 1s
  2650K .......... .......... .......... .......... ..........  7% 48.1M 1s
  2700K .......... .......... .......... .......... ..........  8% 62.9M 1s
  2750K .......... .......... .......... .......... ..........  8% 59.7M 1s
  2800K .......... .......... .......... .......... ..........  8% 61.5M 1s
  2850K .......... .......... .......... .......... ..........  8% 48.3M 1s
  2900K .......... .......... .......... .......... ..........  8% 61.5M 1s
  2950K .......... .......... .......... .......... ..........  8% 59.9M 1s
  3000K .......... .......... .......... .......... ..........  9% 62.4M 1s
  3050K .......... .......... .......... .......... ..........  9% 62.2M 1s
  3100K .......... .......... .......... .......... ..........  9% 48.2M 1s
  3150K .......... .......... .......... .......... ..........  9% 60.0M 1s
  3200K .......... .......... .......... .......... ..........  9% 58.4M 1s
  3250K .......... .......... .......... .......... ..........  9% 59.8M 1s
  3300K .......... .......... .......... .......... ..........  9% 46.5M 1s
  3350K .......... .......... .......... .......... .......... 10% 62.1M 1s
  3400K .......... .......... .......... .......... .......... 10% 58.7M 1s
  3450K .......... .......... .......... .......... .......... 10% 61.3M 1s
  3500K .......... .......... .......... .......... .......... 10% 59.9M 1s
  3550K .......... .......... .......... .......... .......... 10% 98.0M 1s
  3600K .......... .......... .......... .......... .......... 10% 62.1M 1s
  3650K .......... .......... .......... .......... .......... 10% 59.9M 1s
  3700K .......... .......... .......... .......... .......... 11% 60.9M 1s
  3750K .......... .......... .......... .......... .......... 11% 47.5M 1s
  3800K .......... .......... .......... .......... .......... 11% 60.1M 1s
  3850K .......... .......... .......... .......... .......... 11% 57.1M 1s
  3900K .......... .......... .......... .......... .......... 11% 60.1M 1s
  3950K .......... .......... .......... .......... .......... 11% 46.5M 1s
  4000K .......... .......... .......... .......... .......... 11% 61.2M 1s
  4050K .......... .......... .......... .......... .......... 12% 54.9M 1s
  4100K .......... .......... .......... .......... .......... 12% 73.9M 1s
  4150K .......... .......... .......... .......... .......... 12% 95.0M 0s
  4200K .......... .......... .......... .......... .......... 12% 98.4M 0s
  4250K .......... .......... .......... .......... .......... 12% 77.3M 0s
  4300K .......... .......... .......... .......... .......... 12%  101M 0s
  4350K .......... .......... .......... .......... .......... 13% 94.0M 0s
  4400K .......... .......... .......... .......... .......... 13%  100M 0s
  4450K .......... .......... .......... .......... .......... 13% 77.0M 0s
  4500K .......... .......... .......... .......... .......... 13%  100M 0s
  4550K .......... .......... .......... .......... .......... 13%  101M 0s
  4600K .......... .......... .......... .......... .......... 13% 96.1M 0s
  4650K .......... .......... .......... .......... .......... 13%  100M 0s
  4700K .......... .......... .......... .......... .......... 14% 77.7M 0s
  4750K .......... .......... .......... .......... .......... 14% 98.9M 0s
  4800K .......... .......... .......... .......... .......... 14% 97.7M 0s
  4850K .......... .......... .......... .......... .......... 14% 98.0M 0s
  4900K .......... .......... .......... .......... .......... 14% 78.2M 0s
  4950K .......... .......... .......... .......... .......... 14%  100M 0s
  5000K .......... .......... .......... .......... .......... 14% 95.6M 0s
  5050K .......... .......... .......... .......... .......... 15%  101M 0s
  5100K .......... .......... .......... .......... .......... 15%  100M 0s
  5150K .......... .......... .......... .......... .......... 15% 77.9M 0s
  5200K .......... .......... .......... .......... .......... 15%  102M 0s
  5250K .......... .......... .......... .......... .......... 15% 95.8M 0s
  5300K .......... .......... .......... .......... .......... 15%  102M 0s
  5350K .......... .......... .......... .......... .......... 15% 77.9M 0s
  5400K .......... .......... .......... .......... .......... 16% 98.2M 0s
  5450K .......... .......... .......... .......... .......... 16% 96.9M 0s
  5500K .......... .......... .......... .......... .......... 16% 93.2M 0s
  5550K .......... .......... .......... .......... .......... 16% 70.3M 0s
  5600K .......... .......... .......... .......... .......... 16% 95.4M 0s
  5650K .......... .......... .......... .......... .......... 16% 99.4M 0s
  5700K .......... .......... .......... .......... .......... 16% 86.7M 0s
  5750K .......... .......... .......... .......... .......... 17% 94.6M 0s
  5800K .......... .......... .......... .......... .......... 17% 71.2M 0s
  5850K .......... .......... .......... .......... .......... 17% 92.2M 0s
  5900K .......... .......... .......... .......... .......... 17% 95.9M 0s
  5950K .......... .......... .......... .......... .......... 17% 99.9M 0s
  6000K .......... .......... .......... .......... .......... 17% 77.5M 0s
  6050K .......... .......... .......... .......... .......... 18%  101M 0s
  6100K .......... .......... .......... .......... .......... 18%  100M 0s
  6150K .......... .......... .......... .......... .......... 18% 92.1M 0s
  6200K .......... .......... .......... .......... .......... 18%  101M 0s
  6250K .......... .......... .......... .......... .......... 18% 77.2M 0s
  6300K .......... .......... .......... .......... .......... 18%  101M 0s
  6350K .......... .......... .......... .......... .......... 18% 95.2M 0s
  6400K .......... .......... .......... .......... .......... 19% 99.1M 0s
  6450K .......... .......... .......... .......... .......... 19% 77.2M 0s
  6500K .......... .......... .......... .......... .......... 19%  101M 0s
  6550K .......... .......... .......... .......... .......... 19% 96.7M 0s
  6600K .......... .......... .......... .......... .......... 19%  100M 0s
  6650K .......... .......... .......... .......... .......... 19% 99.9M 0s
  6700K .......... .......... .......... .......... .......... 19% 78.3M 0s
  6750K .......... .......... .......... .......... .......... 20%  101M 0s
  6800K .......... .......... .......... .......... .......... 20% 97.6M 0s
  6850K .......... .......... .......... .......... .......... 20% 99.8M 0s
  6900K .......... .......... .......... .......... .......... 20% 77.7M 0s
  6950K .......... .......... .......... .......... .......... 20% 95.9M 0s
  7000K .......... .......... .......... .......... .......... 20% 87.9M 0s
  7050K .......... .......... .......... .......... .......... 20% 96.3M 0s
  7100K .......... .......... .......... .......... .......... 21% 72.4M 0s
  7150K .......... .......... .......... .......... .......... 21% 97.3M 0s
  7200K .......... .......... .......... .......... .......... 21% 98.6M 0s
  7250K .......... .......... .......... .......... .......... 21% 97.4M 0s
  7300K .......... .......... .......... .......... .......... 21%  101M 0s
  7350K .......... .......... .......... .......... .......... 21% 78.4M 0s
  7400K .......... .......... .......... .......... .......... 22% 96.9M 0s
  7450K .......... .......... .......... .......... .......... 22% 96.7M 0s
  7500K .......... .......... .......... .......... .......... 22%  100M 0s
  7550K .......... .......... .......... .......... .......... 22% 78.2M 0s
  7600K .......... .......... .......... .......... .......... 22%  102M 0s
  7650K .......... .......... .......... .......... .......... 22% 99.3M 0s
  7700K .......... .......... .......... .......... .......... 22% 97.2M 0s
  7750K .......... .......... .......... .......... .......... 23% 99.1M 0s
  7800K .......... .......... .......... .......... .......... 23% 77.8M 0s
  7850K .......... .......... .......... .......... .......... 23%  100M 0s
  7900K .......... .......... .......... .......... .......... 23% 97.8M 0s
  7950K .......... .......... .......... .......... .......... 23% 99.0M 0s
  8000K .......... .......... .......... .......... .......... 23% 77.9M 0s
  8050K .......... .......... .......... .......... .......... 23% 93.2M 0s
  8100K .......... .......... .......... .......... .......... 24% 96.8M 0s
  8150K .......... .......... .......... .......... .......... 24% 93.7M 0s
  8200K .......... .......... .......... .......... .......... 24% 97.2M 0s
  8250K .......... .......... .......... .......... .......... 24%  101M 0s
  8300K .......... .......... .......... .......... .......... 24% 78.2M 0s
  8350K .......... .......... .......... .......... .......... 24% 99.5M 0s
  8400K .......... .......... .......... .......... .......... 24% 95.7M 0s
  8450K .......... .......... .......... .......... .......... 25% 98.7M 0s
  8500K .......... .......... .......... .......... .......... 25% 77.8M 0s
  8550K .......... .......... .......... .......... .......... 25%  101M 0s
  8600K .......... .......... .......... .......... .......... 25% 91.5M 0s
  8650K .......... .......... .......... .......... .......... 25% 94.9M 0s
  8700K .......... .......... .......... .......... .......... 25% 90.1M 0s
  8750K .......... .......... .......... .......... .......... 26% 67.9M 0s
  8800K .......... .......... .......... .......... .......... 26% 98.4M 0s
  8850K .......... .......... .......... .......... .......... 26% 96.2M 0s
  8900K .......... .......... .......... .......... .......... 26% 98.4M 0s
  8950K .......... .......... .......... .......... .......... 26% 77.4M 0s
  9000K .......... .......... .......... .......... .......... 26%  101M 0s
  9050K .......... .......... .......... .......... .......... 26% 97.7M 0s
  9100K .......... .......... .......... .......... .......... 27%  101M 0s
  9150K .......... .......... .......... .......... .......... 27% 77.1M 0s
  9200K .......... .......... .......... .......... .......... 27% 99.6M 0s
  9250K .......... .......... .......... .......... .......... 27% 99.8M 0s
  9300K .......... .......... .......... .......... .......... 27% 97.7M 0s
  9350K .......... .......... .......... .......... .......... 27% 98.7M 0s
  9400K .......... .......... .......... .......... .......... 27% 79.3M 0s
  9450K .......... .......... .......... .......... .......... 28% 98.9M 0s
  9500K .......... .......... .......... .......... .......... 28% 96.9M 0s
  9550K .......... .......... .......... .......... .......... 28% 99.2M 0s
  9600K .......... .......... .......... .......... .......... 28% 76.7M 0s
  9650K .......... .......... .......... .......... .......... 28% 97.2M 0s
  9700K .......... .......... .......... .......... .......... 28% 94.7M 0s
  9750K .......... .......... .......... .......... .......... 28% 95.8M 0s
  9800K .......... .......... .......... .......... .......... 29%  102M 0s
  9850K .......... .......... .......... .......... .......... 29% 77.5M 0s
  9900K .......... .......... .......... .......... .......... 29%  102M 0s
  9950K .......... .......... .......... .......... .......... 29% 95.7M 0s
 10000K .......... .......... .......... .......... .......... 29%  101M 0s
 10050K .......... .......... .......... .......... .......... 29% 77.7M 0s
 10100K .......... .......... .......... .......... .......... 30% 98.2M 0s
 10150K .......... .......... .......... .......... .......... 30% 97.2M 0s
 10200K .......... .......... .......... .......... .......... 30% 98.7M 0s
 10250K .......... .......... .......... .......... .......... 30%  102M 0s
 10300K .......... .......... .......... .......... .......... 30% 76.9M 0s
 10350K .......... .......... .......... .......... .......... 30% 99.4M 0s
 10400K .......... .......... .......... .......... .......... 30% 97.0M 0s
 10450K .......... .......... .......... .......... .......... 31% 99.0M 0s
 10500K .......... .......... .......... .......... .......... 31% 77.8M 0s
 10550K .......... .......... .......... .......... .......... 31%  100M 0s
 10600K .......... .......... .......... .......... .......... 31% 89.1M 0s
 10650K .......... .......... .......... .......... .......... 31% 93.2M 0s
 10700K .......... .......... .......... .......... .......... 31% 75.2M 0s
 10750K .......... .......... .......... .......... .......... 31%  101M 0s
 10800K .......... .......... .......... .......... .......... 32%  101M 0s
 10850K .......... .......... .......... .......... .......... 32% 95.4M 0s
 10900K .......... .......... .......... .......... .......... 32% 98.7M 0s
 10950K .......... .......... .......... .......... .......... 32% 77.2M 0s
 11000K .......... .......... .......... .......... .......... 32% 99.7M 0s
 11050K .......... .......... .......... .......... .......... 32% 95.1M 0s
 11100K .......... .......... .......... .......... .......... 32% 99.3M 0s
 11150K .......... .......... .......... .......... .......... 33% 77.6M 0s
 11200K .......... .......... .......... .......... .......... 33% 99.5M 0s
 11250K .......... .......... .......... .......... .......... 33% 98.8M 0s
 11300K .......... .......... .......... .......... .......... 33% 96.6M 0s
 11350K .......... .......... .......... .......... .......... 33% 99.2M 0s
 11400K .......... .......... .......... .......... .......... 33% 79.1M 0s
 11450K .......... .......... .......... .......... .......... 33% 99.8M 0s
 11500K .......... .......... .......... .......... .......... 34% 96.5M 0s
 11550K .......... .......... .......... .......... .......... 34% 94.7M 0s
 11600K .......... .......... .......... .......... .......... 34% 71.9M 0s
 11650K .......... .......... .......... .......... .......... 34% 93.9M 0s
 11700K .......... .......... .......... .......... .......... 34% 89.1M 0s
 11750K .......... .......... .......... .......... .......... 34% 91.1M 0s
 11800K .......... .......... .......... .......... .......... 35% 99.9M 0s
 11850K .......... .......... .......... .......... .......... 35% 77.8M 0s
 11900K .......... .......... .......... .......... .......... 35%  101M 0s
 11950K .......... .......... .......... .......... .......... 35% 95.9M 0s
 12000K .......... .......... .......... .......... .......... 35%  101M 0s
 12050K .......... .......... .......... .......... .......... 35% 78.9M 0s
 12100K .......... .......... .......... .......... .......... 35%  101M 0s
 12150K .......... .......... .......... .......... .......... 36% 97.8M 0s
 12200K .......... .......... .......... .......... .......... 36%  101M 0s
 12250K .......... .......... .......... .......... .......... 36% 83.4M 0s
 12300K .......... .......... .......... .......... .......... 36% 99.9M 0s
 12350K .......... .......... .......... .......... .......... 36% 77.8M 0s
 12400K .......... .......... .......... .......... .......... 36%  101M 0s
 12450K .......... .......... .......... .......... .......... 36% 94.5M 0s
 12500K .......... .......... .......... .......... .......... 37% 98.8M 0s
 12550K .......... .......... .......... .......... .......... 37% 77.2M 0s
 12600K .......... .......... .......... .......... .......... 37%  100M 0s
 12650K .......... .......... .......... .......... .......... 37% 96.8M 0s
 12700K .......... .......... .......... .......... .......... 37%  101M 0s
 12750K .......... .......... .......... .......... .......... 37% 76.9M 0s
 12800K .......... .......... .......... .......... .......... 37% 99.0M 0s
 12850K .......... .......... .......... .......... .......... 38%  100M 0s
 12900K .......... .......... .......... .......... .......... 38% 98.1M 0s
 12950K .......... .......... .......... .......... .......... 38% 97.2M 0s
 13000K .......... .......... .......... .......... .......... 38% 79.1M 0s
 13050K .......... .......... .......... .......... .......... 38% 99.5M 0s
 13100K .......... .......... .......... .......... .......... 38% 97.4M 0s
 13150K .......... .......... .......... .......... .......... 39%  101M 0s
 13200K .......... .......... .......... .......... .......... 39% 78.7M 0s
 13250K .......... .......... .......... .......... .......... 39%  101M 0s
 13300K .......... .......... .......... .......... .......... 39%  100M 0s
 13350K .......... .......... .......... .......... .......... 39% 96.7M 0s
 13400K .......... .......... .......... .......... .......... 39%  101M 0s
 13450K .......... .......... .......... .......... .......... 39% 77.6M 0s
 13500K .......... .......... .......... .......... .......... 40%  100M 0s
 13550K .......... .......... .......... .......... .......... 40% 97.3M 0s
 13600K .......... .......... .......... .......... .......... 40% 99.5M 0s
 13650K .......... .......... .......... .......... .......... 40% 77.2M 0s
 13700K .......... .......... .......... .......... .......... 40% 96.6M 0s
 13750K .......... .......... .......... .......... .......... 40% 97.2M 0s
 13800K .......... .......... .......... .......... .......... 40%  101M 0s
 13850K .......... .......... .......... .......... .......... 41%  101M 0s
 13900K .......... .......... .......... .......... .......... 41% 75.3M 0s
 13950K .......... .......... .......... .......... .......... 41% 91.9M 0s
 14000K .......... .......... .......... .......... .......... 41% 89.2M 0s
 14050K .......... .......... .......... .......... .......... 41% 99.5M 0s
 14100K .......... .......... .......... .......... .......... 41% 75.3M 0s
 14150K .......... .......... .......... .......... .......... 41% 72.7M 0s
 14200K .......... .......... .......... .......... .......... 42% 88.5M 0s
 14250K .......... .......... .......... .......... .......... 42% 92.8M 0s
 14300K .......... .......... .......... .......... .......... 42% 73.7M 0s
 14350K .......... .......... .......... .......... .......... 42% 99.0M 0s
 14400K .......... .......... .......... .......... .......... 42%  100M 0s
 14450K .......... .......... .......... .......... .......... 42% 96.1M 0s
 14500K .......... .......... .......... .......... .......... 43%  101M 0s
 14550K .......... .......... .......... .......... .......... 43% 77.8M 0s
 14600K .......... .......... .......... .......... .......... 43% 90.9M 0s
 14650K .......... .......... .......... .......... .......... 43% 87.9M 0s
 14700K .......... .......... .......... .......... .......... 43% 92.9M 0s
 14750K .......... .......... .......... .......... .......... 43% 74.6M 0s
 14800K .......... .......... .......... .......... .......... 43% 89.3M 0s
 14850K .......... .......... .......... .......... .......... 44% 88.4M 0s
 14900K .......... .......... .......... .......... .......... 44% 82.3M 0s
 14950K .......... .......... .......... .......... .......... 44% 90.8M 0s
 15000K .......... .......... .......... .......... .......... 44% 73.2M 0s
 15050K .......... .......... .......... .......... .......... 44% 91.7M 0s
 15100K .......... .......... .......... .......... .......... 44% 96.9M 0s
 15150K .......... .......... .......... .......... .......... 44% 99.7M 0s
 15200K .......... .......... .......... .......... .......... 45% 78.4M 0s
 15250K .......... .......... .......... .......... .......... 45% 99.4M 0s
 15300K .......... .......... .......... .......... .......... 45% 96.0M 0s
 15350K .......... .......... .......... .......... .......... 45%  100M 0s
 15400K .......... .......... .......... .......... .......... 45%  101M 0s
 15450K .......... .......... .......... .......... .......... 45% 75.8M 0s
 15500K .......... .......... .......... .......... .......... 45%  101M 0s
 15550K .......... .......... .......... .......... .......... 46% 94.4M 0s
 15600K .......... .......... .......... .......... .......... 46%  101M 0s
 15650K .......... .......... .......... .......... .......... 46% 77.7M 0s
 15700K .......... .......... .......... .......... .......... 46%  100M 0s
 15750K .......... .......... .......... .......... .......... 46% 96.1M 0s
 15800K .......... .......... .......... .......... .......... 46%  100M 0s
 15850K .......... .......... .......... .......... .......... 47% 77.9M 0s
 15900K .......... .......... .......... .......... .......... 47% 94.5M 0s
 15950K .......... .......... .......... .......... .......... 47% 86.2M 0s
 16000K .......... .......... .......... .......... .......... 47% 82.3M 0s
 16050K .......... .......... .......... .......... .......... 47%  103M 0s
 16100K .......... .......... .......... .......... .......... 47% 73.7M 0s
 16150K .......... .......... .......... .......... .......... 47% 99.8M 0s
 16200K .......... .......... .......... .......... .......... 48% 95.8M 0s
 16250K .......... .......... .......... .......... .......... 48%  100M 0s
 16300K .......... .......... .......... .......... .......... 48% 77.5M 0s
 16350K .......... .......... .......... .......... .......... 48% 90.9M 0s
 16400K .......... .......... .......... .......... .......... 48%  100M 0s
 16450K .......... .......... .......... .......... .......... 48%  100M 0s
 16500K .......... .......... .......... .......... .......... 48% 97.3M 0s
 16550K .......... .......... .......... .......... .......... 49%  100M 0s
 16600K .......... .......... .......... .......... .......... 49% 78.6M 0s
 16650K .......... .......... .......... .......... .......... 49% 99.5M 0s
 16700K .......... .......... .......... .......... .......... 49% 96.9M 0s
 16750K .......... .......... .......... .......... .......... 49% 98.6M 0s
 16800K .......... .......... .......... .......... .......... 49% 77.9M 0s
 16850K .......... .......... .......... .......... .......... 49% 99.0M 0s
 16900K .......... .......... .......... .......... .......... 50%  101M 0s
 16950K .......... .......... .......... .......... .......... 50% 96.9M 0s
 17000K .......... .......... .......... .......... .......... 50% 94.3M 0s
 17050K .......... .......... .......... .......... .......... 50% 75.8M 0s
 17100K .......... .......... .......... .......... .......... 50%  103M 0s
 17150K .......... .......... .......... .......... .......... 50% 95.3M 0s
 17200K .......... .......... .......... .......... .......... 50%  100M 0s
 17250K .......... .......... .......... .......... .......... 51% 77.2M 0s
 17300K .......... .......... .......... .......... .......... 51% 98.9M 0s
 17350K .......... .......... .......... .......... .......... 51% 97.8M 0s
 17400K .......... .......... .......... .......... .......... 51% 98.9M 0s
 17450K .......... .......... .......... .......... .......... 51% 99.3M 0s
 17500K .......... .......... .......... .......... .......... 51% 78.0M 0s
 17550K .......... .......... .......... .......... .......... 52%  101M 0s
 17600K .......... .......... .......... .......... .......... 52% 96.4M 0s
 17650K .......... .......... .......... .......... .......... 52%  100M 0s
 17700K .......... .......... .......... .......... .......... 52% 78.9M 0s
 17750K .......... .......... .......... .......... .......... 52% 95.6M 0s
 17800K .......... .......... .......... .......... .......... 52% 89.3M 0s
 17850K .......... .......... .......... .......... .......... 52% 96.1M 0s
 17900K .......... .......... .......... .......... .......... 53% 71.3M 0s
 17950K .......... .......... .......... .......... .......... 53% 95.5M 0s
 18000K .......... .......... .......... .......... .......... 53%  100M 0s
 18050K .......... .......... .......... .......... .......... 53% 96.1M 0s
 18100K .......... .......... .......... .......... .......... 53%  100M 0s
 18150K .......... .......... .......... .......... .......... 53% 76.6M 0s
 18200K .......... .......... .......... .......... .......... 53%  100M 0s
 18250K .......... .......... .......... .......... .......... 54% 95.6M 0s
 18300K .......... .......... .......... .......... .......... 54%  101M 0s
 18350K .......... .......... .......... .......... .......... 54% 78.1M 0s
 18400K .......... .......... .......... .......... .......... 54% 96.0M 0s
 18450K .......... .......... .......... .......... .......... 54%  101M 0s
 18500K .......... .......... .......... .......... .......... 54% 97.5M 0s
 18550K .......... .......... .......... .......... .......... 54% 97.9M 0s
 18600K .......... .......... .......... .......... .......... 55% 73.1M 0s
 18650K .......... .......... .......... .......... .......... 55% 99.7M 0s
 18700K .......... .......... .......... .......... .......... 55% 98.3M 0s
 18750K .......... .......... .......... .......... .......... 55% 98.5M 0s
 18800K .......... .......... .......... .......... .......... 55% 78.0M 0s
 18850K .......... .......... .......... .......... .......... 55%  101M 0s
 18900K .......... .......... .......... .......... .......... 56% 95.7M 0s
 18950K .......... .......... .......... .......... .......... 56%  101M 0s
 19000K .......... .......... .......... .......... .......... 56% 99.9M 0s
 19050K .......... .......... .......... .......... .......... 56% 77.1M 0s
 19100K .......... .......... .......... .......... .......... 56%  100M 0s
 19150K .......... .......... .......... .......... .......... 56% 96.0M 0s
 19200K .......... .......... .......... .......... .......... 56% 99.4M 0s
 19250K .......... .......... .......... .......... .......... 57% 78.5M 0s
 19300K .......... .......... .......... .......... .......... 57% 99.3M 0s
 19350K .......... .......... .......... .......... .......... 57% 94.2M 0s
 19400K .......... .......... .......... .......... .......... 57%  101M 0s
 19450K .......... .......... .......... .......... .......... 57% 77.9M 0s
 19500K .......... .......... .......... .......... .......... 57% 98.7M 0s
 19550K .......... .......... .......... .......... .......... 57%  101M 0s
 19600K .......... .......... .......... .......... .......... 58% 91.4M 0s
 19650K .......... .......... .......... .......... .......... 58% 94.1M 0s
 19700K .......... .......... .......... .......... .......... 58% 73.2M 0s
 19750K .......... .......... .......... .......... .......... 58% 90.7M 0s
 19800K .......... .......... .......... .......... .......... 58% 94.3M 0s
 19850K .......... .......... .......... .......... .......... 58% 99.8M 0s
 19900K .......... .......... .......... .......... .......... 58% 78.4M 0s
 19950K .......... .......... .......... .......... .......... 59% 98.2M 0s
 20000K .......... .......... .......... .......... .......... 59%  101M 0s
 20050K .......... .......... .......... .......... .......... 59% 96.5M 0s
 20100K .......... .......... .......... .......... .......... 59%  101M 0s
 20150K .......... .......... .......... .......... .......... 59% 77.7M 0s
 20200K .......... .......... .......... .......... .......... 59%  101M 0s
 20250K .......... .......... .......... .......... .......... 60% 95.1M 0s
 20300K .......... .......... .......... .......... .......... 60% 99.9M 0s
 20350K .......... .......... .......... .......... .......... 60% 78.0M 0s
 20400K .......... .......... .......... .......... .......... 60%  101M 0s
 20450K .......... .......... .......... .......... .......... 60% 91.5M 0s
 20500K .......... .......... .......... .......... .......... 60%  100M 0s
 20550K .......... .......... .......... .......... .......... 60% 96.3M 0s
 20600K .......... .......... .......... .......... .......... 61% 99.7M 0s
 20650K .......... .......... .......... .......... .......... 61% 71.8M 0s
 20700K .......... .......... .......... .......... .......... 61% 94.4M 0s
 20750K .......... .......... .......... .......... .......... 61% 97.2M 0s
 20800K .......... .......... .......... .......... .......... 61% 99.6M 0s
 20850K .......... .......... .......... .......... .......... 61% 79.5M 0s
 20900K .......... .......... .......... .......... .......... 61% 99.8M 0s
 20950K .......... .......... .......... .......... .......... 62% 98.3M 0s
 21000K .......... .......... .......... .......... .......... 62%  101M 0s
 21050K .......... .......... .......... .......... .......... 62%  102M 0s
 21100K .......... .......... .......... .......... .......... 62% 78.6M 0s
 21150K .......... .......... .......... .......... .......... 62%  101M 0s
 21200K .......... .......... .......... .......... .......... 62% 97.0M 0s
 21250K .......... .......... .......... .......... .......... 62%  101M 0s
 21300K .......... .......... .......... .......... .......... 63% 78.5M 0s
 21350K .......... .......... .......... .......... .......... 63%  101M 0s
 21400K .......... .......... .......... .......... .......... 63% 94.4M 0s
 21450K .......... .......... .......... .......... .......... 63%  103M 0s
 21500K .......... .......... .......... .......... .......... 63% 78.0M 0s
 21550K .......... .......... .......... .......... .......... 63%  101M 0s
 21600K .......... .......... .......... .......... .......... 64%  100M 0s
 21650K .......... .......... .......... .......... .......... 64% 96.6M 0s
 21700K .......... .......... .......... .......... .......... 64%  100M 0s
 21750K .......... .......... .......... .......... .......... 64% 78.8M 0s
 21800K .......... .......... .......... .......... .......... 64%  102M 0s
 21850K .......... .......... .......... .......... .......... 64% 95.0M 0s
 21900K .......... .......... .......... .......... .......... 64%  101M 0s
 21950K .......... .......... .......... .......... .......... 65% 77.8M 0s
 22000K .......... .......... .......... .......... .......... 65%  100M 0s
 22050K .......... .......... .......... .......... .......... 65% 97.4M 0s
 22100K .......... .......... .......... .......... .......... 65% 97.1M 0s
 22150K .......... .......... .......... .......... .......... 65% 98.2M 0s
 22200K .......... .......... .......... .......... .......... 65% 77.8M 0s
 22250K .......... .......... .......... .......... .......... 65% 99.2M 0s
 22300K .......... .......... .......... .......... .......... 66% 97.0M 0s
 22350K .......... .......... .......... .......... .......... 66% 99.0M 0s
 22400K .......... .......... .......... .......... .......... 66% 78.9M 0s
 22450K .......... .......... .......... .......... .......... 66% 90.6M 0s
 22500K .......... .......... .......... .......... .......... 66% 97.3M 0s
 22550K .......... .......... .......... .......... .......... 66% 99.8M 0s
 22600K .......... .......... .......... .......... .......... 66%  100M 0s
 22650K .......... .......... .......... .......... .......... 67% 79.1M 0s
 22700K .......... .......... .......... .......... .......... 67%  100M 0s
 22750K .......... .......... .......... .......... .......... 67% 97.2M 0s
 22800K .......... .......... .......... .......... .......... 67% 99.6M 0s
 22850K .......... .......... .......... .......... .......... 67% 78.6M 0s
 22900K .......... .......... .......... .......... .......... 67% 97.9M 0s
 22950K .......... .......... .......... .......... .......... 67% 97.2M 0s
 23000K .......... .......... .......... .......... .......... 68% 99.2M 0s
 23050K .......... .......... .......... .......... .......... 68% 78.4M 0s
 23100K .......... .......... .......... .......... .......... 68% 98.9M 0s
 23150K .......... .......... .......... .......... .......... 68%  101M 0s
 23200K .......... .......... .......... .......... .......... 68% 97.0M 0s
 23250K .......... .......... .......... .......... .......... 68%  102M 0s
 23300K .......... .......... .......... .......... .......... 69% 78.3M 0s
 23350K .......... .......... .......... .......... .......... 69%  100M 0s
 23400K .......... .......... .......... .......... .......... 69% 93.9M 0s
 23450K .......... .......... .......... .......... .......... 69%  102M 0s
 23500K .......... .......... .......... .......... .......... 69% 77.5M 0s
 23550K .......... .......... .......... .......... .......... 69%  102M 0s
 23600K .......... .......... .......... .......... .......... 69% 97.4M 0s
 23650K .......... .......... .......... .......... .......... 70% 92.9M 0s
 23700K .......... .......... .......... .......... .......... 70% 97.0M 0s
 23750K .......... .......... .......... .......... .......... 70% 78.2M 0s
 23800K .......... .......... .......... .......... .......... 70%  102M 0s
 23850K .......... .......... .......... .......... .......... 70% 95.8M 0s
 23900K .......... .......... .......... .......... .......... 70%  102M 0s
 23950K .......... .......... .......... .......... .......... 70% 77.9M 0s
 24000K .......... .......... .......... .......... .......... 71%  100M 0s
 24050K .......... .......... .......... .......... .......... 71% 97.6M 0s
 24100K .......... .......... .......... .......... .......... 71% 99.2M 0s
 24150K .......... .......... .......... .......... .......... 71% 99.3M 0s
 24200K .......... .......... .......... .......... .......... 71% 78.4M 0s
 24250K .......... .......... .......... .......... .......... 71%  100M 0s
 24300K .......... .......... .......... .......... .......... 71% 95.0M 0s
 24350K .......... .......... .......... .......... .......... 72% 97.0M 0s
 24400K .......... .......... .......... .......... .......... 72% 78.1M 0s
 24450K .......... .......... .......... .......... .......... 72% 98.9M 0s
 24500K .......... .......... .......... .......... .......... 72% 98.2M 0s
 24550K .......... .......... .......... .......... .......... 72% 92.3M 0s
 24600K .......... .......... .......... .......... .......... 72% 94.5M 0s
 24650K .......... .......... .......... .......... .......... 73% 94.5M 0s
 24700K .......... .......... .......... .......... .......... 73% 78.6M 0s
 24750K .......... .......... .......... .......... .......... 73%  101M 0s
 24800K .......... .......... .......... .......... .......... 73% 96.8M 0s
 24850K .......... .......... .......... .......... .......... 73% 99.9M 0s
 24900K .......... .......... .......... .......... .......... 73% 77.5M 0s
 24950K .......... .......... .......... .......... .......... 73% 99.7M 0s
 25000K .......... .......... .......... .......... .......... 74% 95.8M 0s
 25050K .......... .......... .......... .......... .......... 74%  101M 0s
 25100K .......... .......... .......... .......... .......... 74% 78.2M 0s
 25150K .......... .......... .......... .......... .......... 74%  101M 0s
 25200K .......... .......... .......... .......... .......... 74%  101M 0s
 25250K .......... .......... .......... .......... .......... 74% 97.3M 0s
 25300K .......... .......... .......... .......... .......... 74%  101M 0s
 25350K .......... .......... .......... .......... .......... 75% 75.9M 0s
 25400K .......... .......... .......... .......... .......... 75% 94.6M 0s
 25450K .......... .......... .......... .......... .......... 75% 96.7M 0s
 25500K .......... .......... .......... .......... .......... 75%  100M 0s
 25550K .......... .......... .......... .......... .......... 75% 78.5M 0s
 25600K .......... .......... .......... .......... .......... 75%  101M 0s
 25650K .......... .......... .......... .......... .......... 75% 98.6M 0s
 25700K .......... .......... .......... .......... .......... 76% 96.8M 0s
 25750K .......... .......... .......... .......... .......... 76% 98.5M 0s
 25800K .......... .......... .......... .......... .......... 76% 78.2M 0s
 25850K .......... .......... .......... .......... .......... 76%  100M 0s
 25900K .......... .......... .......... .......... .......... 76% 97.2M 0s
 25950K .......... .......... .......... .......... .......... 76%  100M 0s
 26000K .......... .......... .......... .......... .......... 77% 78.2M 0s
 26050K .......... .......... .......... .......... .......... 77%  100M 0s
 26100K .......... .......... .......... .......... .......... 77% 97.3M 0s
 26150K .......... .......... .......... .......... .......... 77%  100M 0s
 26200K .......... .......... .......... .......... .......... 77%  101M 0s
 26250K .......... .......... .......... .......... .......... 77% 77.1M 0s
 26300K .......... .......... .......... .......... .......... 77% 99.9M 0s
 26350K .......... .......... .......... .......... .......... 78% 95.8M 0s
 26400K .......... .......... .......... .......... .......... 78%  102M 0s
 26450K .......... .......... .......... .......... .......... 78% 78.1M 0s
 26500K .......... .......... .......... .......... .......... 78% 90.1M 0s
 26550K .......... .......... .......... .......... .......... 78% 89.2M 0s
 26600K .......... .......... .......... .......... .......... 78% 94.9M 0s
 26650K .......... .......... .......... .......... .......... 78% 76.3M 0s
 26700K .......... .......... .......... .......... .......... 79% 99.8M 0s
 26750K .......... .......... .......... .......... .......... 79%  101M 0s
 26800K .......... .......... .......... .......... .......... 79% 95.7M 0s
 26850K .......... .......... .......... .......... .......... 79% 98.8M 0s
 26900K .......... .......... .......... .......... .......... 79% 78.1M 0s
 26950K .......... .......... .......... .......... .......... 79%  100M 0s
 27000K .......... .......... .......... .......... .......... 79% 96.4M 0s
 27050K .......... .......... .......... .......... .......... 80%  102M 0s
 27100K .......... .......... .......... .......... .......... 80% 77.6M 0s
 27150K .......... .......... .......... .......... .......... 80%  102M 0s
 27200K .......... .......... .......... .......... .......... 80% 99.1M 0s
 27250K .......... .......... .......... .......... .......... 80% 96.8M 0s
 27300K .......... .......... .......... .......... .......... 80% 98.5M 0s
 27350K .......... .......... .......... .......... .......... 81% 78.0M 0s
 27400K .......... .......... .......... .......... .......... 81%  100M 0s
 27450K .......... .......... .......... .......... .......... 81% 96.2M 0s
 27500K .......... .......... .......... .......... .......... 81% 99.7M 0s
 27550K .......... .......... .......... .......... .......... 81% 77.7M 0s
 27600K .......... .......... .......... .......... .......... 81% 99.9M 0s
 27650K .......... .......... .......... .......... .......... 81% 90.9M 0s
 27700K .......... .......... .......... .......... .......... 82% 92.4M 0s
 27750K .......... .......... .......... .......... .......... 82% 98.8M 0s
 27800K .......... .......... .......... .......... .......... 82% 78.8M 0s
 27850K .......... .......... .......... .......... .......... 82%  100M 0s
 27900K .......... .......... .......... .......... .......... 82% 96.4M 0s
 27950K .......... .......... .......... .......... .......... 82% 98.4M 0s
 28000K .......... .......... .......... .......... .......... 82% 78.1M 0s
 28050K .......... .......... .......... .......... .......... 83% 99.2M 0s
 28100K .......... .......... .......... .......... .......... 83% 97.0M 0s
 28150K .......... .......... .......... .......... .......... 83%  100M 0s
 28200K .......... .......... .......... .......... .......... 83% 72.2M 0s
 28250K .......... .......... .......... .......... .......... 83% 99.7M 0s
 28300K .......... .......... .......... .......... .......... 83%  100M 0s
 28350K .......... .......... .......... .......... .......... 83% 97.0M 0s
 28400K .......... .......... .......... .......... .......... 84%  100M 0s
 28450K .......... .......... .......... .......... .......... 84% 78.5M 0s
 28500K .......... .......... .......... .......... .......... 84%  101M 0s
 28550K .......... .......... .......... .......... .......... 84% 97.4M 0s
 28600K .......... .......... .......... .......... .......... 84% 99.5M 0s
 28650K .......... .......... .......... .......... .......... 84% 91.6M 0s
 28700K .......... .......... .......... .......... .......... 84% 77.1M 0s
 28750K .......... .......... .......... .......... .......... 85%  100M 0s
 28800K .......... .......... .......... .......... .......... 85%  100M 0s
 28850K .......... .......... .......... .......... .......... 85% 97.5M 0s
 28900K .......... .......... .......... .......... .......... 85%  100M 0s
 28950K .......... .......... .......... .......... .......... 85% 75.9M 0s
 29000K .......... .......... .......... .......... .......... 85%  101M 0s
 29050K .......... .......... .......... .......... .......... 86% 97.6M 0s
 29100K .......... .......... .......... .......... .......... 86%  101M 0s
 29150K .......... .......... .......... .......... .......... 86% 78.5M 0s
 29200K .......... .......... .......... .......... .......... 86% 97.8M 0s
 29250K .......... .......... .......... .......... .......... 86%  101M 0s
 29300K .......... .......... .......... .......... .......... 86% 95.7M 0s
 29350K .......... .......... .......... .......... .......... 86%  101M 0s
 29400K .......... .......... .......... .......... .......... 87% 77.9M 0s
 29450K .......... .......... .......... .......... .......... 87% 99.6M 0s
 29500K .......... .......... .......... .......... .......... 87% 96.9M 0s
 29550K .......... .......... .......... .......... .......... 87% 98.7M 0s
 29600K .......... .......... .......... .......... .......... 87% 77.9M 0s
 29650K .......... .......... .......... .......... .......... 87% 99.5M 0s
 29700K .......... .......... .......... .......... .......... 87% 97.9M 0s
 29750K .......... .......... .......... .......... .......... 88%  102M 0s
 29800K .......... .......... .......... .......... .......... 88%  100M 0s
 29850K .......... .......... .......... .......... .......... 88% 77.9M 0s
 29900K .......... .......... .......... .......... .......... 88%  100M 0s
 29950K .......... .......... .......... .......... .......... 88% 95.7M 0s
 30000K .......... .......... .......... .......... .......... 88%  101M 0s
 30050K .......... .......... .......... .......... .......... 88% 77.7M 0s
 30100K .......... .......... .......... .......... .......... 89%  100M 0s
 30150K .......... .......... .......... .......... .......... 89% 97.2M 0s
 30200K .......... .......... .......... .......... .......... 89% 98.4M 0s
 30250K .......... .......... .......... .......... .......... 89% 78.1M 0s
 30300K .......... .......... .......... .......... .......... 89%  102M 0s
 30350K .......... .......... .......... .......... .......... 89%  101M 0s
 30400K .......... .......... .......... .......... .......... 90% 97.1M 0s
 30450K .......... .......... .......... .......... .......... 90% 99.8M 0s
 30500K .......... .......... .......... .......... .......... 90% 74.7M 0s
 30550K .......... .......... .......... .......... .......... 90% 95.1M 0s
 30600K .......... .......... .......... .......... .......... 90% 96.6M 0s
 30650K .......... .......... .......... .......... .......... 90%  102M 0s
 30700K .......... .......... .......... .......... .......... 90% 77.8M 0s
 30750K .......... .......... .......... .......... .......... 91%  101M 0s
 30800K .......... .......... .......... .......... .......... 91% 99.4M 0s
 30850K .......... .......... .......... .......... .......... 91% 95.8M 0s
 30900K .......... .......... .......... .......... .......... 91% 99.9M 0s
 30950K .......... .......... .......... .......... .......... 91% 78.2M 0s
 31000K .......... .......... .......... .......... .......... 91%  101M 0s
 31050K .......... .......... .......... .......... .......... 91% 96.8M 0s
 31100K .......... .......... .......... .......... .......... 92% 99.3M 0s
 31150K .......... .......... .......... .......... .......... 92% 78.8M 0s
 31200K .......... .......... .......... .......... .......... 92%  101M 0s
 31250K .......... .......... .......... .......... .......... 92% 97.1M 0s
 31300K .......... .......... .......... .......... .......... 92% 99.3M 0s
 31350K .......... .......... .......... .......... .......... 92%  101M 0s
 31400K .......... .......... .......... .......... .......... 92% 77.9M 0s
 31450K .......... .......... .......... .......... .......... 93%  102M 0s
 31500K .......... .......... .......... .......... .......... 93% 95.4M 0s
 31550K .......... .......... .......... .......... .......... 93%  101M 0s
 31600K .......... .......... .......... .......... .......... 93% 77.5M 0s
 31650K .......... .......... .......... .......... .......... 93% 98.0M 0s
 31700K .......... .......... .......... .......... .......... 93% 97.3M 0s
 31750K .......... .......... .......... .......... .......... 94%  100M 0s
 31800K .......... .......... .......... .......... .......... 94% 76.6M 0s
 31850K .......... .......... .......... .......... .......... 94% 85.9M 0s
 31900K .......... .......... .......... .......... .......... 94% 93.8M 0s
 31950K .......... .......... .......... .......... .......... 94% 89.8M 0s
 32000K .......... .......... .......... .......... .......... 94% 97.4M 0s
 32050K .......... .......... .......... .......... .......... 94% 78.4M 0s
 32100K .......... .......... .......... .......... .......... 95%  100M 0s
 32150K .......... .......... .......... .......... .......... 95% 94.7M 0s
 32200K .......... .......... .......... .......... .......... 95%  101M 0s
 32250K .......... .......... .......... .......... .......... 95% 77.8M 0s
 32300K .......... .......... .......... .......... .......... 95%  101M 0s
 32350K .......... .......... .......... .......... .......... 95%  101M 0s
 32400K .......... .......... .......... .......... .......... 95% 97.1M 0s
 32450K .......... .......... .......... .......... .......... 96%  101M 0s
 32500K .......... .......... .......... .......... .......... 96% 78.1M 0s
 32550K .......... .......... .......... .......... .......... 96%  102M 0s
 32600K .......... .......... .......... .......... .......... 96% 96.4M 0s
 32650K .......... .......... .......... .......... .......... 96%  100M 0s
 32700K .......... .......... .......... .......... .......... 96% 78.1M 0s
 32750K .......... .......... .......... .......... .......... 96% 91.3M 0s
 32800K .......... .......... .......... .......... .......... 97%  102M 0s
 32850K .......... .......... .......... .......... .......... 97%  102M 0s
 32900K .......... .......... .......... .......... .......... 97% 98.1M 0s
 32950K .......... .......... .......... .......... .......... 97%  100M 0s
 33000K .......... .......... .......... .......... .......... 97% 76.0M 0s
 33050K .......... .......... .......... .......... .......... 97% 98.4M 0s
 33100K .......... .......... .......... .......... .......... 98% 96.3M 0s
 33150K .......... .......... .......... .......... .......... 98%  100M 0s
 33200K .......... .......... .......... .......... .......... 98% 77.0M 0s
 33250K .......... .......... .......... .......... .......... 98%  100M 0s
 33300K .......... .......... .......... .......... .......... 98% 99.0M 0s
 33350K .......... .......... .......... .......... .......... 98%  104M 0s
 33400K .......... .......... .......... .......... .......... 98%  102M 0s
 33450K .......... .......... .......... .......... .......... 99% 80.2M 0s
 33500K .......... .......... .......... .......... .......... 99%  103M 0s
 33550K .......... .......... .......... .......... .......... 99% 99.6M 0s
 33600K .......... .......... .......... .......... .......... 99%  104M 0s
 33650K .......... .......... .......... .......... .......... 99% 79.8M 0s
 33700K .......... .......... .......... .......... .......... 99%  103M 0s
 33750K .......... .......... .......... .......... .......... 99% 98.5M 0s
 33800K .......... .......... ....                            100%  115M=0.4s

2023-09-08 07:05:45 (86.1 MB/s) - 'MG5_aMC_v2.6.5.tar.gz' saved [34635867/34635867]

patching file models/loop_qcd_qed_sm/restrict_lepton_masses_no_lepton_yukawas.dat
patching file models/loop_sm/restrict_ckm_no_b_mass.dat
patching file models/sm/restrict_ckm_lepton_masses.dat
patching file models/sm/restrict_ckm_lepton_masses_no_b_mass.dat
patching file models/sm/restrict_ckm_no_b_mass.dat
patching file models/sm/restrict_lepton_masses_no_b_mass.dat
patching file Template/NLO/SubProcesses/MCmasses_PYTHIA8.inc
patching file madgraph/interface/reweight_interface.py
patching file madgraph/interface/loop_interface.py
patching file madgraph/various/systematics.py
patching file Template/LO/Source/.make_opts
Hunk #1 succeeded at 118 (offset 4 lines).
patching file Template/NLO/Source/make_opts.inc
patching file madgraph/iolibs/export_v4.py
Hunk #1 succeeded at 521 (offset 23 lines).
patching file madgraph/iolibs/template_files/pdf_opendata.f
patching file madgraph/iolibs/template_files/pdf_wrap_lhapdf.f
Hunk #2 succeeded at 38 with fuzz 1.
patching file Template/LO/SubProcesses/refine.sh
patching file Template/LO/SubProcesses/refine_splitted.sh
patching file Template/LO/SubProcesses/survey.sh
patching file Template/NLO/SubProcesses/ajob_template
patching file Template/NLO/SubProcesses/reweight_xsec_events.local
patching file Template/LO/Source/.make_opts
Hunk #1 succeeded at 100 (offset 4 lines).
patching file Template/LO/Source/PDF/pdf_lhapdf6.cc
Hunk #1 succeeded at 16 with fuzz 2 (offset 4 lines).
patching file Template/NLO/Source/PDF/pdf_lhapdf6.cc
Hunk #1 succeeded at 16 with fuzz 2 (offset 4 lines).
patching file Template/NLO/Source/make_opts.inc
patching file madgraph/iolibs/template_files/pdf_wrap_lhapdf.f
patching file Template/LO/SubProcesses/refine.sh
Hunk #3 succeeded at 113 with fuzz 2.
patching file Template/LO/SubProcesses/refine_splitted.sh
patching file Template/LO/SubProcesses/survey.sh
patching file Template/NLO/SubProcesses/ajob_template
patching file Template/NLO/SubProcesses/reweight_xsec_events.local
patching file madgraph/interface/reweight_interface.py
Hunk #1 succeeded at 1885 (offset 37 lines).
patching file madgraph/interface/common_run_interface.py
Hunk #1 succeeded at 1701 (offset 101 lines).
patching file Template/LO/SubProcesses/refine.sh
patching file Template/LO/SubProcesses/refine_splitted.sh
patching file Template/LO/SubProcesses/survey.sh
patching file Template/NLO/SubProcesses/ajob_template
patching file Template/NLO/SubProcesses/reweight_xsec_events.local
patching file madgraph/various/misc.py
Hunk #1 succeeded at 450 (offset 48 lines).
patching file madgraph/interface/amcatnlo_run_interface.py
patching file madgraph/interface/madevent_interface.py
Hunk #1 succeeded at 6598 (offset 17 lines).
Hunk #2 succeeded at 6614 (offset 17 lines).
patching file madgraph/interface/reweight_interface.py
Hunk #2 succeeded at 1696 (offset 25 lines).
patching file MadSpin/decay.py
patching file Template/NLO/SubProcesses/handling_lhe_events.f
patching file madgraph/interface/amcatnlo_run_interface.py
patching file madgraph/interface/reweight_interface.py
Hunk #1 succeeded at 644 (offset 1 line).
Hunk #2 succeeded at 1788 (offset 7 lines).
patching file Template/NLO/SubProcesses/driver_mintFO.f
patching file Template/NLO/SubProcesses/driver_mintMC.f
patching file madgraph/core/helas_objects.py
patching file MadSpin/interface_madspin.py
patching file Template/LO/Source/PDF/PhotonFlux.f
patching file madgraph/interface/madevent_interface.py
patching file madgraph/interface/madgraph_interface.py
patching file Template/LO/bin/internal/restore_data
patching file madgraph/interface/madevent_interface.py
patching file madgraph/interface/madevent_interface.py
patching file Template/loop_material/StandAlone/SubProcesses/MadLoopCommons.inc
patching file MadSpin/interface_madspin.py
patching file madgraph/interface/common_run_interface.py
patching file MadSpin/interface_madspin.py
patching file madgraph/interface/amcatnlo_run_interface.py
Hunk #5 succeeded at 4324 (offset 1 line).
Hunk #6 succeeded at 5105 (offset 1 line).
Hunk #7 succeeded at 5440 (offset 1 line).
patching file madgraph/various/cluster.py
patching file madgraph/interface/reweight_interface.py
Hunk #1 succeeded at 751 with fuzz 1 (offset 1 line).
patching file madgraph/interface/madgraph_interface.py
ls: cannot access /pool/condor/dir_19850/genproductions/bin/MadGraph5_aMCatNLO/cards_to_run/WpWmToLpNujj_01j_aTGC_pTW-150toInf_mWV-150to600_4f_NLO_FXFX*.patch: No such file or directory
************************************************************
*                                                          *
*                     W E L C O M E to                     *
*              M A D G R A P H 5 _ a M C @ N L O           *
*                                                          *
*                                                          *
*                 *                       *                *
*                   *        * *        *                  *
*                     * * * * 5 * * * *                    *
*                   *        * *        *                  *
*                 *                       *                *
*                                                          *
*         VERSION 2.6.5                 2018-02-03         *
*                                                          *
*    The MadGraph5_aMC@NLO Development Team - Find us at   *
*    https://server06.fynu.ucl.ac.be/projects/madgraph     *
*                            and                           *
*            http://amcatnlo.web.cern.ch/amcatnlo/         *
*                                                          *
*               Type 'help' for in-line help.              *
*           Type 'tutorial' to learn how MG5 works         *
*    Type 'tutorial aMCatNLO' to learn how aMC@NLO works   *
*    Type 'tutorial MadLoop' to learn how MadLoop works    *
*                                                          *
************************************************************
load MG5 configuration from input/mg5_configuration.txt 
fastjet-config does not seem to correspond to a valid fastjet-config executable (v3+). We will use fjcore instead.
 Please set the 'fastjet'variable to the full (absolute) /PATH/TO/fastjet-config (including fastjet-config).
 MG5_aMC> set fastjet /PATH/TO/fastjet-config

set lhapdf to lhapdf-config
No valid eps viewer found. Please set in ./input/mg5_configuration.txt
No valid web browser found. Please set in ./input/mg5_configuration.txt
import /pool/condor/dir_19850/genproductions/bin/MadGraph5_aMCatNLO/WpWmToLpNujj_01j_aTGC_pTW-150toInf_mWV-150to600_4f_NLO_FXFX/WpWmToLpNujj_01j_aTGC_pTW-150toInf_mWV-150to600_4f_NLO_FXFX_gridpack/work/MG5_aMC_v2_6_5/mgconfigscript
The import format was not given, so we guess it as command
set auto_update 0
save options auto_update
save configuration file to /pool/condor/dir_19850/genproductions/bin/MadGraph5_aMCatNLO/WpWmToLpNujj_01j_aTGC_pTW-150toInf_mWV-150to600_4f_NLO_FXFX/WpWmToLpNujj_01j_aTGC_pTW-150toInf_mWV-150to600_4f_NLO_FXFX_gridpack/work/MG5_aMC_v2_6_5/input/mg5_configuration.txt
set automatic_html_opening False
This option will be the default in any output that you are going to create in this session.
In order to keep this changes permanent please run 'save options'
set lhapdf /cvmfs/cms.cern.ch/slc7_amd64_gcc700/external/lhapdf/6.2.1-pafccj3/share/LHAPDF/../../bin/lhapdf-config
set lhapdf to /cvmfs/cms.cern.ch/slc7_amd64_gcc700/external/lhapdf/6.2.1-pafccj3/share/LHAPDF/../../bin/lhapdf-config
save options lhapdf
save configuration file to /pool/condor/dir_19850/genproductions/bin/MadGraph5_aMCatNLO/WpWmToLpNujj_01j_aTGC_pTW-150toInf_mWV-150to600_4f_NLO_FXFX/WpWmToLpNujj_01j_aTGC_pTW-150toInf_mWV-150to600_4f_NLO_FXFX_gridpack/work/MG5_aMC_v2_6_5/input/mg5_configuration.txt
set run_mode 2
This option will be the default in any output that you are going to create in this session.
In order to keep this changes permanent please run 'save options'
save options
save configuration file to /pool/condor/dir_19850/genproductions/bin/MadGraph5_aMCatNLO/WpWmToLpNujj_01j_aTGC_pTW-150toInf_mWV-150to600_4f_NLO_FXFX/WpWmToLpNujj_01j_aTGC_pTW-150toInf_mWV-150to600_4f_NLO_FXFX_gridpack/work/MG5_aMC_v2_6_5/input/mg5_configuration.txt
quit
Loading extra models specified in /pool/condor/dir_19850/genproductions/bin/MadGraph5_aMCatNLO/cards_to_run/WpWmToLpNujj_01j_aTGC_pTW-150toInf_mWV-150to600_4f_NLO_FXFX_extramodels.dat
Loading extra model EWdim6NLO.tar.gz
--2023-09-08 07:05:48--  https://cms-project-generators.web.cern.ch/cms-project-generators/EWdim6NLO.tar.gz
Resolving cms-project-generators.web.cern.ch (cms-project-generators.web.cern.ch)... 2001:1458:d00:4e::100:3c0, 188.184.74.207
Connecting to cms-project-generators.web.cern.ch (cms-project-generators.web.cern.ch)|2001:1458:d00:4e::100:3c0|:443... connected.
HTTP request sent, awaiting response... 200 OK
Length: 36311 (35K) [application/gzip]
Saving to: 'EWdim6NLO.tar.gz'

     0K .......... .......... .......... .....                100% 90.4M=0s

2023-09-08 07:05:48 (90.4 MB/s) - 'EWdim6NLO.tar.gz' saved [36311/36311]

EWdim6NLO/CT_couplings.py
EWdim6NLO/CT_vertices.py
EWdim6NLO/EWdim6NLO.log
EWdim6NLO/__init__.py
EWdim6NLO/coupling_orders.py
EWdim6NLO/couplings.py
EWdim6NLO/decays.py
EWdim6NLO/function_library.py
EWdim6NLO/lorentz.py
EWdim6NLO/object_library.py
EWdim6NLO/parameters.py
EWdim6NLO/particles.py
EWdim6NLO/propagators.py
EWdim6NLO/vertices.py
EWdim6NLO/write_param_card.py
/pool/condor/dir_19850/genproductions/bin/MadGraph5_aMCatNLO/WpWmToLpNujj_01j_aTGC_pTW-150toInf_mWV-150to600_4f_NLO_FXFX/WpWmToLpNujj_01j_aTGC_pTW-150toInf_mWV-150to600_4f_NLO_FXFX_gridpack/work
************************************************************
*                                                          *
*                     W E L C O M E to                     *
*              M A D G R A P H 5 _ a M C @ N L O           *
*                                                          *
*                                                          *
*                 *                       *                *
*                   *        * *        *                  *
*                     * * * * 5 * * * *                    *
*                   *        * *        *                  *
*                 *                       *                *
*                                                          *
*         VERSION 2.6.5                 2018-02-03         *
*                                                          *
*    The MadGraph5_aMC@NLO Development Team - Find us at   *
*    https://server06.fynu.ucl.ac.be/projects/madgraph     *
*                            and                           *
*            http://amcatnlo.web.cern.ch/amcatnlo/         *
*                                                          *
*               Type 'help' for in-line help.              *
*           Type 'tutorial' to learn how MG5 works         *
*    Type 'tutorial aMCatNLO' to learn how aMC@NLO works   *
*    Type 'tutorial MadLoop' to learn how MadLoop works    *
*                                                          *
************************************************************
load MG5 configuration from MG5_aMC_v2_6_5/input/mg5_configuration.txt 
None does not seem to correspond to a valid fastjet-config executable (v3+). We will use fjcore instead.
 Please set the 'fastjet'variable to the full (absolute) /PATH/TO/fastjet-config (including fastjet-config).
 MG5_aMC> set fastjet /PATH/TO/fastjet-config

set lhapdf to /cvmfs/cms.cern.ch/slc7_amd64_gcc700/external/lhapdf/6.2.1-pafccj3/share/LHAPDF/../../bin/lhapdf-config
No valid eps viewer found. Please set in ./input/mg5_configuration.txt
No valid web browser found. Please set in ./input/mg5_configuration.txt
import /pool/condor/dir_19850/genproductions/bin/MadGraph5_aMCatNLO/WpWmToLpNujj_01j_aTGC_pTW-150toInf_mWV-150to600_4f_NLO_FXFX/WpWmToLpNujj_01j_aTGC_pTW-150toInf_mWV-150to600_4f_NLO_FXFX_gridpack/work/WpWmToLpNujj_01j_aTGC_pTW-150toInf_mWV-150to600_4f_NLO_FXFX_proc_card.dat
The import format was not given, so we guess it as command
import model EWdim6NLO-no_cmass_cwwwcbcw
INFO: load particles 
INFO: load vertices 
INFO: Restrict model EWdim6NLO with file MG5_aMC_v2_6_5/models/EWdim6NLO/restrict_no_cmass_cwwwcbcw.dat . 
INFO: Run "set stdout_level DEBUG" before import for more information. 
INFO: Change particles name to pass to MG5 convention 
Defined multiparticle p = g u c d s u~ c~ d~ s~
Defined multiparticle j = g u c d s u~ c~ d~ s~
Defined multiparticle l+ = e+ mu+
Defined multiparticle l- = e- mu-
Defined multiparticle vl = ve vm vt
Defined multiparticle vl~ = ve~ vm~ vt~
Defined multiparticle all = g ghg ghg~ u c d s u~ c~ d~ s~ a gha gha~ ve vm vt e- mu- ta- ve~ vm~ vt~ e+ mu+ ta+ t b t~ b~ z w+ ghz ghwp ghwm h w- ghz~ ghwp~ ghwm~
define j = g u c d s u~ c~ d~ s~
Defined multiparticle j = g u c d s u~ c~ d~ s~
define p = g u c d s u~ c~ d~ s~
Defined multiparticle p = g u c d s u~ c~ d~ s~
define ell+ = e+ mu+ ta+
Defined multiparticle ell+ = e+ mu+ ta+
define ell- = e- mu- ta-
Defined multiparticle ell- = e- mu- ta-
define V = w+ w-
Defined multiparticle v = w+ w-
define vl = ve vm vt
Defined multiparticle vl = ve vm vt
define vl~ = ve~ vm~ vt~
Defined multiparticle vl~ = ve~ vm~ vt~
generate p p > ell+ vl w- $$ t t~ H QED=3 [QCD] @0
[1;34mInterpreting 'QED=3' as 'QED<=3'[0m
INFO: Generating FKS-subtracted matrix elements for born process: u u~ > e+ ve w- NP<=2 QED<=3 [ all = QCD ] $$ t t~ h (1 / 24) 
INFO: Generating FKS-subtracted matrix elements for born process: u u~ > mu+ vm w- NP<=2 QED<=3 [ all = QCD ] $$ t t~ h (2 / 24) 
INFO: Generating FKS-subtracted matrix elements for born process: u u~ > ta+ vt w- NP<=2 QED<=3 [ all = QCD ] $$ t t~ h (3 / 24) 
INFO: Generating FKS-subtracted matrix elements for born process: c c~ > e+ ve w- NP<=2 QED<=3 [ all = QCD ] $$ t t~ h (4 / 24) 
INFO: Generating FKS-subtracted matrix elements for born process: c c~ > mu+ vm w- NP<=2 QED<=3 [ all = QCD ] $$ t t~ h (5 / 24) 
INFO: Generating FKS-subtracted matrix elements for born process: c c~ > ta+ vt w- NP<=2 QED<=3 [ all = QCD ] $$ t t~ h (6 / 24) 
INFO: Generating FKS-subtracted matrix elements for born process: d d~ > e+ ve w- NP<=2 QED<=3 [ all = QCD ] $$ t t~ h (7 / 24) 
INFO: Generating FKS-subtracted matrix elements for born process: d d~ > mu+ vm w- NP<=2 QED<=3 [ all = QCD ] $$ t t~ h (8 / 24) 
INFO: Generating FKS-subtracted matrix elements for born process: d d~ > ta+ vt w- NP<=2 QED<=3 [ all = QCD ] $$ t t~ h (9 / 24) 
INFO: Generating FKS-subtracted matrix elements for born process: s s~ > e+ ve w- NP<=2 QED<=3 [ all = QCD ] $$ t t~ h (10 / 24) 
INFO: Generating FKS-subtracted matrix elements for born process: s s~ > mu+ vm w- NP<=2 QED<=3 [ all = QCD ] $$ t t~ h (11 / 24) 
INFO: Generating FKS-subtracted matrix elements for born process: s s~ > ta+ vt w- NP<=2 QED<=3 [ all = QCD ] $$ t t~ h (12 / 24) 
INFO: Generating FKS-subtracted matrix elements for born process: u~ u > e+ ve w- NP<=2 QED<=3 [ all = QCD ] $$ t t~ h (13 / 24) 
INFO: Generating FKS-subtracted matrix elements for born process: u~ u > mu+ vm w- NP<=2 QED<=3 [ all = QCD ] $$ t t~ h (14 / 24) 
INFO: Generating FKS-subtracted matrix elements for born process: u~ u > ta+ vt w- NP<=2 QED<=3 [ all = QCD ] $$ t t~ h (15 / 24) 
INFO: Generating FKS-subtracted matrix elements for born process: c~ c > e+ ve w- NP<=2 QED<=3 [ all = QCD ] $$ t t~ h (16 / 24) 
INFO: Generating FKS-subtracted matrix elements for born process: c~ c > mu+ vm w- NP<=2 QED<=3 [ all = QCD ] $$ t t~ h (17 / 24) 
INFO: Generating FKS-subtracted matrix elements for born process: c~ c > ta+ vt w- NP<=2 QED<=3 [ all = QCD ] $$ t t~ h (18 / 24) 
INFO: Generating FKS-subtracted matrix elements for born process: d~ d > e+ ve w- NP<=2 QED<=3 [ all = QCD ] $$ t t~ h (19 / 24) 
INFO: Generating FKS-subtracted matrix elements for born process: d~ d > mu+ vm w- NP<=2 QED<=3 [ all = QCD ] $$ t t~ h (20 / 24) 
INFO: Generating FKS-subtracted matrix elements for born process: d~ d > ta+ vt w- NP<=2 QED<=3 [ all = QCD ] $$ t t~ h (21 / 24) 
INFO: Generating FKS-subtracted matrix elements for born process: s~ s > e+ ve w- NP<=2 QED<=3 [ all = QCD ] $$ t t~ h (22 / 24) 
INFO: Generating FKS-subtracted matrix elements for born process: s~ s > mu+ vm w- NP<=2 QED<=3 [ all = QCD ] $$ t t~ h (23 / 24) 
INFO: Generating FKS-subtracted matrix elements for born process: s~ s > ta+ vt w- NP<=2 QED<=3 [ all = QCD ] $$ t t~ h (24 / 24) 
INFO: Generating virtual matrix elements using MadLoop: 
INFO: Generating virtual matrix element with MadLoop for process: u u~ > e+ ve w- NP<=2 QED<=3 [ all = QCD ] $$ t t~ h (1 / 24) 
INFO: Generating virtual matrix elements using MadLoop: 
INFO: Generating virtual matrix element with MadLoop for process: u u~ > mu+ vm w- NP<=2 QED<=3 [ all = QCD ] $$ t t~ h (2 / 24) 
INFO: Generating virtual matrix elements using MadLoop: 
INFO: Generating virtual matrix element with MadLoop for process: u u~ > ta+ vt w- NP<=2 QED<=3 [ all = QCD ] $$ t t~ h (3 / 24) 
INFO: Generating virtual matrix elements using MadLoop: 
INFO: Generating virtual matrix element with MadLoop for process: c c~ > e+ ve w- NP<=2 QED<=3 [ all = QCD ] $$ t t~ h (4 / 24) 
INFO: Generating virtual matrix elements using MadLoop: 
INFO: Generating virtual matrix element with MadLoop for process: c c~ > mu+ vm w- NP<=2 QED<=3 [ all = QCD ] $$ t t~ h (5 / 24) 
INFO: Generating virtual matrix elements using MadLoop: 
INFO: Generating virtual matrix element with MadLoop for process: c c~ > ta+ vt w- NP<=2 QED<=3 [ all = QCD ] $$ t t~ h (6 / 24) 
INFO: Generating virtual matrix elements using MadLoop: 
INFO: Generating virtual matrix element with MadLoop for process: d d~ > e+ ve w- NP<=2 QED<=3 [ all = QCD ] $$ t t~ h (7 / 24) 
INFO: Generating virtual matrix elements using MadLoop: 
INFO: Generating virtual matrix element with MadLoop for process: d d~ > mu+ vm w- NP<=2 QED<=3 [ all = QCD ] $$ t t~ h (8 / 24) 
INFO: Generating virtual matrix elements using MadLoop: 
INFO: Generating virtual matrix element with MadLoop for process: d d~ > ta+ vt w- NP<=2 QED<=3 [ all = QCD ] $$ t t~ h (9 / 24) 
INFO: Generating virtual matrix elements using MadLoop: 
INFO: Generating virtual matrix element with MadLoop for process: s s~ > e+ ve w- NP<=2 QED<=3 [ all = QCD ] $$ t t~ h (10 / 24) 
INFO: Generating virtual matrix elements using MadLoop: 
INFO: Generating virtual matrix element with MadLoop for process: s s~ > mu+ vm w- NP<=2 QED<=3 [ all = QCD ] $$ t t~ h (11 / 24) 
INFO: Generating virtual matrix elements using MadLoop: 
INFO: Generating virtual matrix element with MadLoop for process: s s~ > ta+ vt w- NP<=2 QED<=3 [ all = QCD ] $$ t t~ h (12 / 24) 
INFO: Generating virtual matrix elements using MadLoop: 
INFO: Generating virtual matrix element with MadLoop for process: u~ u > e+ ve w- NP<=2 QED<=3 [ all = QCD ] $$ t t~ h (13 / 24) 
INFO: Generating virtual matrix elements using MadLoop: 
INFO: Generating virtual matrix element with MadLoop for process: u~ u > mu+ vm w- NP<=2 QED<=3 [ all = QCD ] $$ t t~ h (14 / 24) 
INFO: Generating virtual matrix elements using MadLoop: 
INFO: Generating virtual matrix element with MadLoop for process: u~ u > ta+ vt w- NP<=2 QED<=3 [ all = QCD ] $$ t t~ h (15 / 24) 
INFO: Generating virtual matrix elements using MadLoop: 
INFO: Generating virtual matrix element with MadLoop for process: c~ c > e+ ve w- NP<=2 QED<=3 [ all = QCD ] $$ t t~ h (16 / 24) 
INFO: Generating virtual matrix elements using MadLoop: 
INFO: Generating virtual matrix element with MadLoop for process: c~ c > mu+ vm w- NP<=2 QED<=3 [ all = QCD ] $$ t t~ h (17 / 24) 
INFO: Generating virtual matrix elements using MadLoop: 
INFO: Generating virtual matrix element with MadLoop for process: c~ c > ta+ vt w- NP<=2 QED<=3 [ all = QCD ] $$ t t~ h (18 / 24) 
INFO: Generating virtual matrix elements using MadLoop: 
INFO: Generating virtual matrix element with MadLoop for process: d~ d > e+ ve w- NP<=2 QED<=3 [ all = QCD ] $$ t t~ h (19 / 24) 
INFO: Generating virtual matrix elements using MadLoop: 
INFO: Generating virtual matrix element with MadLoop for process: d~ d > mu+ vm w- NP<=2 QED<=3 [ all = QCD ] $$ t t~ h (20 / 24) 
INFO: Generating virtual matrix elements using MadLoop: 
INFO: Generating virtual matrix element with MadLoop for process: d~ d > ta+ vt w- NP<=2 QED<=3 [ all = QCD ] $$ t t~ h (21 / 24) 
INFO: Generating virtual matrix elements using MadLoop: 
INFO: Generating virtual matrix element with MadLoop for process: s~ s > e+ ve w- NP<=2 QED<=3 [ all = QCD ] $$ t t~ h (22 / 24) 
INFO: Generating virtual matrix elements using MadLoop: 
INFO: Generating virtual matrix element with MadLoop for process: s~ s > mu+ vm w- NP<=2 QED<=3 [ all = QCD ] $$ t t~ h (23 / 24) 
INFO: Generating virtual matrix elements using MadLoop: 
INFO: Generating virtual matrix element with MadLoop for process: s~ s > ta+ vt w- NP<=2 QED<=3 [ all = QCD ] $$ t t~ h (24 / 24) 
INFO: Generated 24 subprocesses with 1224 real emission diagrams, 192 born diagrams and 264 virtual diagrams 
add process p p > ell+ vl w- j $$ t t~ H QED=3 [QCD] @1
[1;34mInterpreting 'QED=3' as 'QED<=3'[0m
INFO: Generating FKS-subtracted matrix elements for born process: g u > e+ ve w- u NP<=2 QED<=3 [ all = QCD ] $$ t t~ h @1 (1 / 72) 
INFO: Generating FKS-subtracted matrix elements for born process: g u > mu+ vm w- u NP<=2 QED<=3 [ all = QCD ] $$ t t~ h @1 (2 / 72) 
INFO: Generating FKS-subtracted matrix elements for born process: g u > ta+ vt w- u NP<=2 QED<=3 [ all = QCD ] $$ t t~ h @1 (3 / 72) 
INFO: Generating FKS-subtracted matrix elements for born process: g c > e+ ve w- c NP<=2 QED<=3 [ all = QCD ] $$ t t~ h @1 (4 / 72) 
INFO: Generating FKS-subtracted matrix elements for born process: g c > mu+ vm w- c NP<=2 QED<=3 [ all = QCD ] $$ t t~ h @1 (5 / 72) 
INFO: Generating FKS-subtracted matrix elements for born process: g c > ta+ vt w- c NP<=2 QED<=3 [ all = QCD ] $$ t t~ h @1 (6 / 72) 
INFO: Generating FKS-subtracted matrix elements for born process: g d > e+ ve w- d NP<=2 QED<=3 [ all = QCD ] $$ t t~ h @1 (7 / 72) 
INFO: Generating FKS-subtracted matrix elements for born process: g d > mu+ vm w- d NP<=2 QED<=3 [ all = QCD ] $$ t t~ h @1 (8 / 72) 
INFO: Generating FKS-subtracted matrix elements for born process: g d > ta+ vt w- d NP<=2 QED<=3 [ all = QCD ] $$ t t~ h @1 (9 / 72) 
INFO: Generating FKS-subtracted matrix elements for born process: g s > e+ ve w- s NP<=2 QED<=3 [ all = QCD ] $$ t t~ h @1 (10 / 72) 
INFO: Generating FKS-subtracted matrix elements for born process: g s > mu+ vm w- s NP<=2 QED<=3 [ all = QCD ] $$ t t~ h @1 (11 / 72) 
INFO: Generating FKS-subtracted matrix elements for born process: g s > ta+ vt w- s NP<=2 QED<=3 [ all = QCD ] $$ t t~ h @1 (12 / 72) 
INFO: Generating FKS-subtracted matrix elements for born process: g u~ > e+ ve w- u~ NP<=2 QED<=3 [ all = QCD ] $$ t t~ h @1 (13 / 72) 
INFO: Generating FKS-subtracted matrix elements for born process: g u~ > mu+ vm w- u~ NP<=2 QED<=3 [ all = QCD ] $$ t t~ h @1 (14 / 72) 
INFO: Generating FKS-subtracted matrix elements for born process: g u~ > ta+ vt w- u~ NP<=2 QED<=3 [ all = QCD ] $$ t t~ h @1 (15 / 72) 
INFO: Generating FKS-subtracted matrix elements for born process: g c~ > e+ ve w- c~ NP<=2 QED<=3 [ all = QCD ] $$ t t~ h @1 (16 / 72) 
INFO: Generating FKS-subtracted matrix elements for born process: g c~ > mu+ vm w- c~ NP<=2 QED<=3 [ all = QCD ] $$ t t~ h @1 (17 / 72) 
INFO: Generating FKS-subtracted matrix elements for born process: g c~ > ta+ vt w- c~ NP<=2 QED<=3 [ all = QCD ] $$ t t~ h @1 (18 / 72) 
INFO: Generating FKS-subtracted matrix elements for born process: g d~ > e+ ve w- d~ NP<=2 QED<=3 [ all = QCD ] $$ t t~ h @1 (19 / 72) 
INFO: Generating FKS-subtracted matrix elements for born process: g d~ > mu+ vm w- d~ NP<=2 QED<=3 [ all = QCD ] $$ t t~ h @1 (20 / 72) 
INFO: Generating FKS-subtracted matrix elements for born process: g d~ > ta+ vt w- d~ NP<=2 QED<=3 [ all = QCD ] $$ t t~ h @1 (21 / 72) 
INFO: Generating FKS-subtracted matrix elements for born process: g s~ > e+ ve w- s~ NP<=2 QED<=3 [ all = QCD ] $$ t t~ h @1 (22 / 72) 
INFO: Generating FKS-subtracted matrix elements for born process: g s~ > mu+ vm w- s~ NP<=2 QED<=3 [ all = QCD ] $$ t t~ h @1 (23 / 72) 
INFO: Generating FKS-subtracted matrix elements for born process: g s~ > ta+ vt w- s~ NP<=2 QED<=3 [ all = QCD ] $$ t t~ h @1 (24 / 72) 
INFO: Generating FKS-subtracted matrix elements for born process: u g > e+ ve w- u NP<=2 QED<=3 [ all = QCD ] $$ t t~ h @1 (25 / 72) 
INFO: Generating FKS-subtracted matrix elements for born process: u g > mu+ vm w- u NP<=2 QED<=3 [ all = QCD ] $$ t t~ h @1 (26 / 72) 
INFO: Generating FKS-subtracted matrix elements for born process: u g > ta+ vt w- u NP<=2 QED<=3 [ all = QCD ] $$ t t~ h @1 (27 / 72) 
INFO: Generating FKS-subtracted matrix elements for born process: u u~ > e+ ve w- g NP<=2 QED<=3 [ all = QCD ] $$ t t~ h @1 (28 / 72) 
INFO: Generating FKS-subtracted matrix elements for born process: u u~ > mu+ vm w- g NP<=2 QED<=3 [ all = QCD ] $$ t t~ h @1 (29 / 72) 
INFO: Generating FKS-subtracted matrix elements for born process: u u~ > ta+ vt w- g NP<=2 QED<=3 [ all = QCD ] $$ t t~ h @1 (30 / 72) 
INFO: Generating FKS-subtracted matrix elements for born process: c g > e+ ve w- c NP<=2 QED<=3 [ all = QCD ] $$ t t~ h @1 (31 / 72) 
INFO: Generating FKS-subtracted matrix elements for born process: c g > mu+ vm w- c NP<=2 QED<=3 [ all = QCD ] $$ t t~ h @1 (32 / 72) 
INFO: Generating FKS-subtracted matrix elements for born process: c g > ta+ vt w- c NP<=2 QED<=3 [ all = QCD ] $$ t t~ h @1 (33 / 72) 
INFO: Generating FKS-subtracted matrix elements for born process: c c~ > e+ ve w- g NP<=2 QED<=3 [ all = QCD ] $$ t t~ h @1 (34 / 72) 
INFO: Generating FKS-subtracted matrix elements for born process: c c~ > mu+ vm w- g NP<=2 QED<=3 [ all = QCD ] $$ t t~ h @1 (35 / 72) 
INFO: Generating FKS-subtracted matrix elements for born process: c c~ > ta+ vt w- g NP<=2 QED<=3 [ all = QCD ] $$ t t~ h @1 (36 / 72) 
INFO: Generating FKS-subtracted matrix elements for born process: d g > e+ ve w- d NP<=2 QED<=3 [ all = QCD ] $$ t t~ h @1 (37 / 72) 
INFO: Generating FKS-subtracted matrix elements for born process: d g > mu+ vm w- d NP<=2 QED<=3 [ all = QCD ] $$ t t~ h @1 (38 / 72) 
INFO: Generating FKS-subtracted matrix elements for born process: d g > ta+ vt w- d NP<=2 QED<=3 [ all = QCD ] $$ t t~ h @1 (39 / 72) 
INFO: Generating FKS-subtracted matrix elements for born process: d d~ > e+ ve w- g NP<=2 QED<=3 [ all = QCD ] $$ t t~ h @1 (40 / 72) 
INFO: Generating FKS-subtracted matrix elements for born process: d d~ > mu+ vm w- g NP<=2 QED<=3 [ all = QCD ] $$ t t~ h @1 (41 / 72) 
INFO: Generating FKS-subtracted matrix elements for born process: d d~ > ta+ vt w- g NP<=2 QED<=3 [ all = QCD ] $$ t t~ h @1 (42 / 72) 
INFO: Generating FKS-subtracted matrix elements for born process: s g > e+ ve w- s NP<=2 QED<=3 [ all = QCD ] $$ t t~ h @1 (43 / 72) 
INFO: Generating FKS-subtracted matrix elements for born process: s g > mu+ vm w- s NP<=2 QED<=3 [ all = QCD ] $$ t t~ h @1 (44 / 72) 
INFO: Generating FKS-subtracted matrix elements for born process: s g > ta+ vt w- s NP<=2 QED<=3 [ all = QCD ] $$ t t~ h @1 (45 / 72) 
INFO: Generating FKS-subtracted matrix elements for born process: s s~ > e+ ve w- g NP<=2 QED<=3 [ all = QCD ] $$ t t~ h @1 (46 / 72) 
INFO: Generating FKS-subtracted matrix elements for born process: s s~ > mu+ vm w- g NP<=2 QED<=3 [ all = QCD ] $$ t t~ h @1 (47 / 72) 
INFO: Generating FKS-subtracted matrix elements for born process: s s~ > ta+ vt w- g NP<=2 QED<=3 [ all = QCD ] $$ t t~ h @1 (48 / 72) 
INFO: Generating FKS-subtracted matrix elements for born process: u~ g > e+ ve w- u~ NP<=2 QED<=3 [ all = QCD ] $$ t t~ h @1 (49 / 72) 
INFO: Generating FKS-subtracted matrix elements for born process: u~ g > mu+ vm w- u~ NP<=2 QED<=3 [ all = QCD ] $$ t t~ h @1 (50 / 72) 
INFO: Generating FKS-subtracted matrix elements for born process: u~ g > ta+ vt w- u~ NP<=2 QED<=3 [ all = QCD ] $$ t t~ h @1 (51 / 72) 
INFO: Generating FKS-subtracted matrix elements for born process: u~ u > e+ ve w- g NP<=2 QED<=3 [ all = QCD ] $$ t t~ h @1 (52 / 72) 
INFO: Generating FKS-subtracted matrix elements for born process: u~ u > mu+ vm w- g NP<=2 QED<=3 [ all = QCD ] $$ t t~ h @1 (53 / 72) 
INFO: Generating FKS-subtracted matrix elements for born process: u~ u > ta+ vt w- g NP<=2 QED<=3 [ all = QCD ] $$ t t~ h @1 (54 / 72) 
INFO: Generating FKS-subtracted matrix elements for born process: c~ g > e+ ve w- c~ NP<=2 QED<=3 [ all = QCD ] $$ t t~ h @1 (55 / 72) 
INFO: Generating FKS-subtracted matrix elements for born process: c~ g > mu+ vm w- c~ NP<=2 QED<=3 [ all = QCD ] $$ t t~ h @1 (56 / 72) 
INFO: Generating FKS-subtracted matrix elements for born process: c~ g > ta+ vt w- c~ NP<=2 QED<=3 [ all = QCD ] $$ t t~ h @1 (57 / 72) 
INFO: Generating FKS-subtracted matrix elements for born process: c~ c > e+ ve w- g NP<=2 QED<=3 [ all = QCD ] $$ t t~ h @1 (58 / 72) 
INFO: Generating FKS-subtracted matrix elements for born process: c~ c > mu+ vm w- g NP<=2 QED<=3 [ all = QCD ] $$ t t~ h @1 (59 / 72) 
INFO: Generating FKS-subtracted matrix elements for born process: c~ c > ta+ vt w- g NP<=2 QED<=3 [ all = QCD ] $$ t t~ h @1 (60 / 72) 
INFO: Generating FKS-subtracted matrix elements for born process: d~ g > e+ ve w- d~ NP<=2 QED<=3 [ all = QCD ] $$ t t~ h @1 (61 / 72) 
INFO: Generating FKS-subtracted matrix elements for born process: d~ g > mu+ vm w- d~ NP<=2 QED<=3 [ all = QCD ] $$ t t~ h @1 (62 / 72) 
INFO: Generating FKS-subtracted matrix elements for born process: d~ g > ta+ vt w- d~ NP<=2 QED<=3 [ all = QCD ] $$ t t~ h @1 (63 / 72) 
INFO: Generating FKS-subtracted matrix elements for born process: d~ d > e+ ve w- g NP<=2 QED<=3 [ all = QCD ] $$ t t~ h @1 (64 / 72) 
INFO: Generating FKS-subtracted matrix elements for born process: d~ d > mu+ vm w- g NP<=2 QED<=3 [ all = QCD ] $$ t t~ h @1 (65 / 72) 
INFO: Generating FKS-subtracted matrix elements for born process: d~ d > ta+ vt w- g NP<=2 QED<=3 [ all = QCD ] $$ t t~ h @1 (66 / 72) 
INFO: Generating FKS-subtracted matrix elements for born process: s~ g > e+ ve w- s~ NP<=2 QED<=3 [ all = QCD ] $$ t t~ h @1 (67 / 72) 
INFO: Generating FKS-subtracted matrix elements for born process: s~ g > mu+ vm w- s~ NP<=2 QED<=3 [ all = QCD ] $$ t t~ h @1 (68 / 72) 
INFO: Generating FKS-subtracted matrix elements for born process: s~ g > ta+ vt w- s~ NP<=2 QED<=3 [ all = QCD ] $$ t t~ h @1 (69 / 72) 
INFO: Generating FKS-subtracted matrix elements for born process: s~ s > e+ ve w- g NP<=2 QED<=3 [ all = QCD ] $$ t t~ h @1 (70 / 72) 
INFO: Generating FKS-subtracted matrix elements for born process: s~ s > mu+ vm w- g NP<=2 QED<=3 [ all = QCD ] $$ t t~ h @1 (71 / 72) 
INFO: Generating FKS-subtracted matrix elements for born process: s~ s > ta+ vt w- g NP<=2 QED<=3 [ all = QCD ] $$ t t~ h @1 (72 / 72) 
INFO: Generating virtual matrix elements using MadLoop: 
INFO: Generating virtual matrix element with MadLoop for process: g u > e+ ve w- u NP<=2 QCD<=1 QED<=3 [ all = QCD ] $$ t t~ h @1 (1 / 72) 
INFO: Generating virtual matrix elements using MadLoop: 
INFO: Generating virtual matrix element with MadLoop for process: g u > mu+ vm w- u NP<=2 QCD<=1 QED<=3 [ all = QCD ] $$ t t~ h @1 (2 / 72) 
INFO: Generating virtual matrix elements using MadLoop: 
INFO: Generating virtual matrix element with MadLoop for process: g u > ta+ vt w- u NP<=2 QCD<=1 QED<=3 [ all = QCD ] $$ t t~ h @1 (3 / 72) 
INFO: Generating virtual matrix elements using MadLoop: 
INFO: Generating virtual matrix element with MadLoop for process: g c > e+ ve w- c NP<=2 QCD<=1 QED<=3 [ all = QCD ] $$ t t~ h @1 (4 / 72) 
INFO: Generating virtual matrix elements using MadLoop: 
INFO: Generating virtual matrix element with MadLoop for process: g c > mu+ vm w- c NP<=2 QCD<=1 QED<=3 [ all = QCD ] $$ t t~ h @1 (5 / 72) 
INFO: Generating virtual matrix elements using MadLoop: 
INFO: Generating virtual matrix element with MadLoop for process: g c > ta+ vt w- c NP<=2 QCD<=1 QED<=3 [ all = QCD ] $$ t t~ h @1 (6 / 72) 
INFO: Generating virtual matrix elements using MadLoop: 
INFO: Generating virtual matrix element with MadLoop for process: g d > e+ ve w- d NP<=2 QCD<=1 QED<=3 [ all = QCD ] $$ t t~ h @1 (7 / 72) 
INFO: Generating virtual matrix elements using MadLoop: 
INFO: Generating virtual matrix element with MadLoop for process: g d > mu+ vm w- d NP<=2 QCD<=1 QED<=3 [ all = QCD ] $$ t t~ h @1 (8 / 72) 
INFO: Generating virtual matrix elements using MadLoop: 
INFO: Generating virtual matrix element with MadLoop for process: g d > ta+ vt w- d NP<=2 QCD<=1 QED<=3 [ all = QCD ] $$ t t~ h @1 (9 / 72) 
INFO: Generating virtual matrix elements using MadLoop: 
INFO: Generating virtual matrix element with MadLoop for process: g s > e+ ve w- s NP<=2 QCD<=1 QED<=3 [ all = QCD ] $$ t t~ h @1 (10 / 72) 
INFO: Generating virtual matrix elements using MadLoop: 
INFO: Generating virtual matrix element with MadLoop for process: g s > mu+ vm w- s NP<=2 QCD<=1 QED<=3 [ all = QCD ] $$ t t~ h @1 (11 / 72) 
INFO: Generating virtual matrix elements using MadLoop: 
INFO: Generating virtual matrix element with MadLoop for process: g s > ta+ vt w- s NP<=2 QCD<=1 QED<=3 [ all = QCD ] $$ t t~ h @1 (12 / 72) 
INFO: Generating virtual matrix elements using MadLoop: 
INFO: Generating virtual matrix element with MadLoop for process: g u~ > e+ ve w- u~ NP<=2 QCD<=1 QED<=3 [ all = QCD ] $$ t t~ h @1 (13 / 72) 
INFO: Generating virtual matrix elements using MadLoop: 
INFO: Generating virtual matrix element with MadLoop for process: g u~ > mu+ vm w- u~ NP<=2 QCD<=1 QED<=3 [ all = QCD ] $$ t t~ h @1 (14 / 72) 
INFO: Generating virtual matrix elements using MadLoop: 
INFO: Generating virtual matrix element with MadLoop for process: g u~ > ta+ vt w- u~ NP<=2 QCD<=1 QED<=3 [ all = QCD ] $$ t t~ h @1 (15 / 72) 
INFO: Generating virtual matrix elements using MadLoop: 
INFO: Generating virtual matrix element with MadLoop for process: g c~ > e+ ve w- c~ NP<=2 QCD<=1 QED<=3 [ all = QCD ] $$ t t~ h @1 (16 / 72) 
INFO: Generating virtual matrix elements using MadLoop: 
INFO: Generating virtual matrix element with MadLoop for process: g c~ > mu+ vm w- c~ NP<=2 QCD<=1 QED<=3 [ all = QCD ] $$ t t~ h @1 (17 / 72) 
INFO: Generating virtual matrix elements using MadLoop: 
INFO: Generating virtual matrix element with MadLoop for process: g c~ > ta+ vt w- c~ NP<=2 QCD<=1 QED<=3 [ all = QCD ] $$ t t~ h @1 (18 / 72) 
INFO: Generating virtual matrix elements using MadLoop: 
INFO: Generating virtual matrix element with MadLoop for process: g d~ > e+ ve w- d~ NP<=2 QCD<=1 QED<=3 [ all = QCD ] $$ t t~ h @1 (19 / 72) 
INFO: Generating virtual matrix elements using MadLoop: 
INFO: Generating virtual matrix element with MadLoop for process: g d~ > mu+ vm w- d~ NP<=2 QCD<=1 QED<=3 [ all = QCD ] $$ t t~ h @1 (20 / 72) 
INFO: Generating virtual matrix elements using MadLoop: 
INFO: Generating virtual matrix element with MadLoop for process: g d~ > ta+ vt w- d~ NP<=2 QCD<=1 QED<=3 [ all = QCD ] $$ t t~ h @1 (21 / 72) 
INFO: Generating virtual matrix elements using MadLoop: 
INFO: Generating virtual matrix element with MadLoop for process: g s~ > e+ ve w- s~ NP<=2 QCD<=1 QED<=3 [ all = QCD ] $$ t t~ h @1 (22 / 72) 
INFO: Generating virtual matrix elements using MadLoop: 
INFO: Generating virtual matrix element with MadLoop for process: g s~ > mu+ vm w- s~ NP<=2 QCD<=1 QED<=3 [ all = QCD ] $$ t t~ h @1 (23 / 72) 
INFO: Generating virtual matrix elements using MadLoop: 
INFO: Generating virtual matrix element with MadLoop for process: g s~ > ta+ vt w- s~ NP<=2 QCD<=1 QED<=3 [ all = QCD ] $$ t t~ h @1 (24 / 72) 
INFO: Generating virtual matrix elements using MadLoop: 
INFO: Generating virtual matrix element with MadLoop for process: u g > e+ ve w- u NP<=2 QCD<=1 QED<=3 [ all = QCD ] $$ t t~ h @1 (25 / 72) 
INFO: Generating virtual matrix elements using MadLoop: 
INFO: Generating virtual matrix element with MadLoop for process: u g > mu+ vm w- u NP<=2 QCD<=1 QED<=3 [ all = QCD ] $$ t t~ h @1 (26 / 72) 
INFO: Generating virtual matrix elements using MadLoop: 
INFO: Generating virtual matrix element with MadLoop for process: u g > ta+ vt w- u NP<=2 QCD<=1 QED<=3 [ all = QCD ] $$ t t~ h @1 (27 / 72) 
INFO: Generating virtual matrix elements using MadLoop: 
INFO: Generating virtual matrix element with MadLoop for process: u u~ > e+ ve w- g NP<=2 QCD<=1 QED<=3 [ all = QCD ] $$ t t~ h @1 (28 / 72) 
INFO: Generating virtual matrix elements using MadLoop: 
INFO: Generating virtual matrix element with MadLoop for process: u u~ > mu+ vm w- g NP<=2 QCD<=1 QED<=3 [ all = QCD ] $$ t t~ h @1 (29 / 72) 
INFO: Generating virtual matrix elements using MadLoop: 
INFO: Generating virtual matrix element with MadLoop for process: u u~ > ta+ vt w- g NP<=2 QCD<=1 QED<=3 [ all = QCD ] $$ t t~ h @1 (30 / 72) 
INFO: Generating virtual matrix elements using MadLoop: 
INFO: Generating virtual matrix element with MadLoop for process: c g > e+ ve w- c NP<=2 QCD<=1 QED<=3 [ all = QCD ] $$ t t~ h @1 (31 / 72) 
INFO: Generating virtual matrix elements using MadLoop: 
INFO: Generating virtual matrix element with MadLoop for process: c g > mu+ vm w- c NP<=2 QCD<=1 QED<=3 [ all = QCD ] $$ t t~ h @1 (32 / 72) 
INFO: Generating virtual matrix elements using MadLoop: 
INFO: Generating virtual matrix element with MadLoop for process: c g > ta+ vt w- c NP<=2 QCD<=1 QED<=3 [ all = QCD ] $$ t t~ h @1 (33 / 72) 
INFO: Generating virtual matrix elements using MadLoop: 
INFO: Generating virtual matrix element with MadLoop for process: c c~ > e+ ve w- g NP<=2 QCD<=1 QED<=3 [ all = QCD ] $$ t t~ h @1 (34 / 72) 
INFO: Generating virtual matrix elements using MadLoop: 
INFO: Generating virtual matrix element with MadLoop for process: c c~ > mu+ vm w- g NP<=2 QCD<=1 QED<=3 [ all = QCD ] $$ t t~ h @1 (35 / 72) 
INFO: Generating virtual matrix elements using MadLoop: 
INFO: Generating virtual matrix element with MadLoop for process: c c~ > ta+ vt w- g NP<=2 QCD<=1 QED<=3 [ all = QCD ] $$ t t~ h @1 (36 / 72) 
INFO: Generating virtual matrix elements using MadLoop: 
INFO: Generating virtual matrix element with MadLoop for process: d g > e+ ve w- d NP<=2 QCD<=1 QED<=3 [ all = QCD ] $$ t t~ h @1 (37 / 72) 
INFO: Generating virtual matrix elements using MadLoop: 
INFO: Generating virtual matrix element with MadLoop for process: d g > mu+ vm w- d NP<=2 QCD<=1 QED<=3 [ all = QCD ] $$ t t~ h @1 (38 / 72) 
INFO: Generating virtual matrix elements using MadLoop: 
INFO: Generating virtual matrix element with MadLoop for process: d g > ta+ vt w- d NP<=2 QCD<=1 QED<=3 [ all = QCD ] $$ t t~ h @1 (39 / 72) 
INFO: Generating virtual matrix elements using MadLoop: 
INFO: Generating virtual matrix element with MadLoop for process: d d~ > e+ ve w- g NP<=2 QCD<=1 QED<=3 [ all = QCD ] $$ t t~ h @1 (40 / 72) 
INFO: Generating virtual matrix elements using MadLoop: 
INFO: Generating virtual matrix element with MadLoop for process: d d~ > mu+ vm w- g NP<=2 QCD<=1 QED<=3 [ all = QCD ] $$ t t~ h @1 (41 / 72) 
INFO: Generating virtual matrix elements using MadLoop: 
INFO: Generating virtual matrix element with MadLoop for process: d d~ > ta+ vt w- g NP<=2 QCD<=1 QED<=3 [ all = QCD ] $$ t t~ h @1 (42 / 72) 
INFO: Generating virtual matrix elements using MadLoop: 
INFO: Generating virtual matrix element with MadLoop for process: s g > e+ ve w- s NP<=2 QCD<=1 QED<=3 [ all = QCD ] $$ t t~ h @1 (43 / 72) 
INFO: Generating virtual matrix elements using MadLoop: 
INFO: Generating virtual matrix element with MadLoop for process: s g > mu+ vm w- s NP<=2 QCD<=1 QED<=3 [ all = QCD ] $$ t t~ h @1 (44 / 72) 
INFO: Generating virtual matrix elements using MadLoop: 
INFO: Generating virtual matrix element with MadLoop for process: s g > ta+ vt w- s NP<=2 QCD<=1 QED<=3 [ all = QCD ] $$ t t~ h @1 (45 / 72) 
INFO: Generating virtual matrix elements using MadLoop: 
INFO: Generating virtual matrix element with MadLoop for process: s s~ > e+ ve w- g NP<=2 QCD<=1 QED<=3 [ all = QCD ] $$ t t~ h @1 (46 / 72) 
INFO: Generating virtual matrix elements using MadLoop: 
INFO: Generating virtual matrix element with MadLoop for process: s s~ > mu+ vm w- g NP<=2 QCD<=1 QED<=3 [ all = QCD ] $$ t t~ h @1 (47 / 72) 
INFO: Generating virtual matrix elements using MadLoop: 
INFO: Generating virtual matrix element with MadLoop for process: s s~ > ta+ vt w- g NP<=2 QCD<=1 QED<=3 [ all = QCD ] $$ t t~ h @1 (48 / 72) 
INFO: Generating virtual matrix elements using MadLoop: 
INFO: Generating virtual matrix element with MadLoop for process: u~ g > e+ ve w- u~ NP<=2 QCD<=1 QED<=3 [ all = QCD ] $$ t t~ h @1 (49 / 72) 
INFO: Generating virtual matrix elements using MadLoop: 
INFO: Generating virtual matrix element with MadLoop for process: u~ g > mu+ vm w- u~ NP<=2 QCD<=1 QED<=3 [ all = QCD ] $$ t t~ h @1 (50 / 72) 
INFO: Generating virtual matrix elements using MadLoop: 
INFO: Generating virtual matrix element with MadLoop for process: u~ g > ta+ vt w- u~ NP<=2 QCD<=1 QED<=3 [ all = QCD ] $$ t t~ h @1 (51 / 72) 
INFO: Generating virtual matrix elements using MadLoop: 
INFO: Generating virtual matrix element with MadLoop for process: u~ u > e+ ve w- g NP<=2 QCD<=1 QED<=3 [ all = QCD ] $$ t t~ h @1 (52 / 72) 
INFO: Generating virtual matrix elements using MadLoop: 
INFO: Generating virtual matrix element with MadLoop for process: u~ u > mu+ vm w- g NP<=2 QCD<=1 QED<=3 [ all = QCD ] $$ t t~ h @1 (53 / 72) 
INFO: Generating virtual matrix elements using MadLoop: 
INFO: Generating virtual matrix element with MadLoop for process: u~ u > ta+ vt w- g NP<=2 QCD<=1 QED<=3 [ all = QCD ] $$ t t~ h @1 (54 / 72) 
INFO: Generating virtual matrix elements using MadLoop: 
INFO: Generating virtual matrix element with MadLoop for process: c~ g > e+ ve w- c~ NP<=2 QCD<=1 QED<=3 [ all = QCD ] $$ t t~ h @1 (55 / 72) 
INFO: Generating virtual matrix elements using MadLoop: 
INFO: Generating virtual matrix element with MadLoop for process: c~ g > mu+ vm w- c~ NP<=2 QCD<=1 QED<=3 [ all = QCD ] $$ t t~ h @1 (56 / 72) 
INFO: Generating virtual matrix elements using MadLoop: 
INFO: Generating virtual matrix element with MadLoop for process: c~ g > ta+ vt w- c~ NP<=2 QCD<=1 QED<=3 [ all = QCD ] $$ t t~ h @1 (57 / 72) 
INFO: Generating virtual matrix elements using MadLoop: 
INFO: Generating virtual matrix element with MadLoop for process: c~ c > e+ ve w- g NP<=2 QCD<=1 QED<=3 [ all = QCD ] $$ t t~ h @1 (58 / 72) 
INFO: Generating virtual matrix elements using MadLoop: 
INFO: Generating virtual matrix element with MadLoop for process: c~ c > mu+ vm w- g NP<=2 QCD<=1 QED<=3 [ all = QCD ] $$ t t~ h @1 (59 / 72) 
INFO: Generating virtual matrix elements using MadLoop: 
INFO: Generating virtual matrix element with MadLoop for process: c~ c > ta+ vt w- g NP<=2 QCD<=1 QED<=3 [ all = QCD ] $$ t t~ h @1 (60 / 72) 
INFO: Generating virtual matrix elements using MadLoop: 
INFO: Generating virtual matrix element with MadLoop for process: d~ g > e+ ve w- d~ NP<=2 QCD<=1 QED<=3 [ all = QCD ] $$ t t~ h @1 (61 / 72) 
INFO: Generating virtual matrix elements using MadLoop: 
INFO: Generating virtual matrix element with MadLoop for process: d~ g > mu+ vm w- d~ NP<=2 QCD<=1 QED<=3 [ all = QCD ] $$ t t~ h @1 (62 / 72) 
INFO: Generating virtual matrix elements using MadLoop: 
INFO: Generating virtual matrix element with MadLoop for process: d~ g > ta+ vt w- d~ NP<=2 QCD<=1 QED<=3 [ all = QCD ] $$ t t~ h @1 (63 / 72) 
INFO: Generating virtual matrix elements using MadLoop: 
INFO: Generating virtual matrix element with MadLoop for process: d~ d > e+ ve w- g NP<=2 QCD<=1 QED<=3 [ all = QCD ] $$ t t~ h @1 (64 / 72) 
INFO: Generating virtual matrix elements using MadLoop: 
INFO: Generating virtual matrix element with MadLoop for process: d~ d > mu+ vm w- g NP<=2 QCD<=1 QED<=3 [ all = QCD ] $$ t t~ h @1 (65 / 72) 
INFO: Generating virtual matrix elements using MadLoop: 
INFO: Generating virtual matrix element with MadLoop for process: d~ d > ta+ vt w- g NP<=2 QCD<=1 QED<=3 [ all = QCD ] $$ t t~ h @1 (66 / 72) 
INFO: Generating virtual matrix elements using MadLoop: 
INFO: Generating virtual matrix element with MadLoop for process: s~ g > e+ ve w- s~ NP<=2 QCD<=1 QED<=3 [ all = QCD ] $$ t t~ h @1 (67 / 72) 
INFO: Generating virtual matrix elements using MadLoop: 
INFO: Generating virtual matrix element with MadLoop for process: s~ g > mu+ vm w- s~ NP<=2 QCD<=1 QED<=3 [ all = QCD ] $$ t t~ h @1 (68 / 72) 
INFO: Generating virtual matrix elements using MadLoop: 
INFO: Generating virtual matrix element with MadLoop for process: s~ g > ta+ vt w- s~ NP<=2 QCD<=1 QED<=3 [ all = QCD ] $$ t t~ h @1 (69 / 72) 
INFO: Generating virtual matrix elements using MadLoop: 
INFO: Generating virtual matrix element with MadLoop for process: s~ s > e+ ve w- g NP<=2 QCD<=1 QED<=3 [ all = QCD ] $$ t t~ h @1 (70 / 72) 
INFO: Generating virtual matrix elements using MadLoop: 
INFO: Generating virtual matrix element with MadLoop for process: s~ s > mu+ vm w- g NP<=2 QCD<=1 QED<=3 [ all = QCD ] $$ t t~ h @1 (71 / 72) 
INFO: Generating virtual matrix elements using MadLoop: 
INFO: Generating virtual matrix element with MadLoop for process: s~ s > ta+ vt w- g NP<=2 QCD<=1 QED<=3 [ all = QCD ] $$ t t~ h @1 (72 / 72) 
INFO: Generated 72 subprocesses with 19404 real emission diagrams, 1224 born diagrams and 10872 virtual diagrams 
output WpWmToLpNujj_01j_aTGC_pTW-150toInf_mWV-150to600_4f_NLO_FXFX -nojpeg
[1mFirst output using loop matrix-elements has been detected. Now asking for loop reduction:[0m
For loop computations, MadLoop requires dedicated tools to perform the reduction of loop Feynman diagrams using OPP-based and/or TIR approaches.

Which one do you want to install? (this needs to be done only once)
1. [34mcuttools  (OPP) [0711.3596]  [0m : will be installed (required)
2. [34miregi     (TIR) [1405.0301]  [0m : will be installed (required)
3. [34mninja     (OPP) [1403.1229]  [0m : [92mwill be installed [0m(recommended)
4. [34mcollier   (TIR) [1604.06792] [0m : [91mdo not install[0m
5. [34mgolem     (TIR) [0807.0605]  [0m : [91mdo not install[0m
You can:
 -> hit 'enter' to proceed
 -> type a number to cycle its options
 -> enter the following command:
    [34m{tool_name}[0m [[34minstall[0m|[34mnoinstall[0m|[34m{prefixed_installation_path}[0m]

[1m[91mIf you are unsure about what this question means, just type enter to proceed. [0m
[1;34mfound line : display multiparticles[0m
[1;34mThis answer is not valid for current question. Keep it for next question and use here default: 0[0m
set golem ''
save options golem
save configuration file to /pool/condor/dir_19850/genproductions/bin/MadGraph5_aMCatNLO/WpWmToLpNujj_01j_aTGC_pTW-150toInf_mWV-150to600_4f_NLO_FXFX/WpWmToLpNujj_01j_aTGC_pTW-150toInf_mWV-150to600_4f_NLO_FXFX_gridpack/work/MG5_aMC_v2_6_5/input/mg5_configuration.txt
save options golem
save configuration file to /pool/condor/dir_19850/genproductions/bin/MadGraph5_aMCatNLO/WpWmToLpNujj_01j_aTGC_pTW-150toInf_mWV-150to600_4f_NLO_FXFX/WpWmToLpNujj_01j_aTGC_pTW-150toInf_mWV-150to600_4f_NLO_FXFX_gridpack/work/MG5_aMC_v2_6_5/input/mg5_configuration.txt
set pjfry ''
save options pjfry
save configuration file to /pool/condor/dir_19850/genproductions/bin/MadGraph5_aMCatNLO/WpWmToLpNujj_01j_aTGC_pTW-150toInf_mWV-150to600_4f_NLO_FXFX/WpWmToLpNujj_01j_aTGC_pTW-150toInf_mWV-150to600_4f_NLO_FXFX_gridpack/work/MG5_aMC_v2_6_5/input/mg5_configuration.txt
save options pjfry
save configuration file to /pool/condor/dir_19850/genproductions/bin/MadGraph5_aMCatNLO/WpWmToLpNujj_01j_aTGC_pTW-150toInf_mWV-150to600_4f_NLO_FXFX/WpWmToLpNujj_01j_aTGC_pTW-150toInf_mWV-150to600_4f_NLO_FXFX_gridpack/work/MG5_aMC_v2_6_5/input/mg5_configuration.txt
set collier ''
save options collier
save configuration file to /pool/condor/dir_19850/genproductions/bin/MadGraph5_aMCatNLO/WpWmToLpNujj_01j_aTGC_pTW-150toInf_mWV-150to600_4f_NLO_FXFX/WpWmToLpNujj_01j_aTGC_pTW-150toInf_mWV-150to600_4f_NLO_FXFX_gridpack/work/MG5_aMC_v2_6_5/input/mg5_configuration.txt
save options collier
save configuration file to /pool/condor/dir_19850/genproductions/bin/MadGraph5_aMCatNLO/WpWmToLpNujj_01j_aTGC_pTW-150toInf_mWV-150to600_4f_NLO_FXFX/WpWmToLpNujj_01j_aTGC_pTW-150toInf_mWV-150to600_4f_NLO_FXFX_gridpack/work/MG5_aMC_v2_6_5/input/mg5_configuration.txt
install ninja
[1m   You are installing 'ninja', please cite ref(s): [92marXiv:1203.0291, arXiv:1403.1229, arXiv:1604.01363[0m. [0m
Downloading the HEPToolInstaller at:
   http://madgraph.phys.ucl.ac.be//Downloads/HEPToolsInstaller/HEPToolsInstaller_V168.tar.gz
Now installing ninja. Be patient...
Detected 'ninja' missing dependency: 'oneloop'. Will install it now.
Fetching data with command:
  wget --no-check-certificate http://helac-phegas.web.cern.ch/helac-phegas/tar-files/OneLOop-3.6.tgz
--2023-09-08 07:22:39--  http://helac-phegas.web.cern.ch/helac-phegas/tar-files/OneLOop-3.6.tgz
Resolving helac-phegas.web.cern.ch (helac-phegas.web.cern.ch)... 188.184.100.128
Connecting to helac-phegas.web.cern.ch (helac-phegas.web.cern.ch)|188.184.100.128|:80... connected.
HTTP request sent, awaiting response... 301 Moved Permanently
Location: https://helac-phegas.web.cern.ch/tar-files/OneLOop-3.6.tgz [following]
--2023-09-08 07:22:39--  https://helac-phegas.web.cern.ch/tar-files/OneLOop-3.6.tgz
Connecting to helac-phegas.web.cern.ch (helac-phegas.web.cern.ch)|188.184.100.128|:443... connected.
HTTP request sent, awaiting response... 200 OK
Length: 111734 (109K) [application/x-compressed]
Saving to: 'OneLOop-3.6.tgz'

     0K .......... .......... .......... .......... .......... 45% 62.4M 0s
    50K .......... .......... .......... .......... .......... 91% 76.3M 0s
   100K .........                                             100%  364M=0.001s

2023-09-08 07:22:39 (73.6 MB/s) - 'OneLOop-3.6.tgz' saved [111734/111734]

Installing tool 'oneloop'...
    > Follow the installation progress by running the command below in a separate terminal)
    > tail -f /pool/condor/dir_19850/genproductions/bin/MadGraph5_aMCatNLO/WpWmToLpNujj_01j_aTGC_pTW-150toInf_mWV-150to600_4f_NLO_FXFX/WpWmToLpNujj_01j_aTGC_pTW-150toInf_mWV-150to600_4f_NLO_FXFX_gridpack/work/MG5_aMC_v2_6_5/HEPTools/oneloop/oneloop_install.log
    > Successful installation of dependency 'oneloop' in '/pool/condor/dir_19850/genproductions/bin/MadGraph5_aMCatNLO/WpWmToLpNujj_01j_aTGC_pTW-150toInf_mWV-150to600_4f_NLO_FXFX/WpWmToLpNujj_01j_aTGC_pTW-150toInf_mWV-150to600_4f_NLO_FXFX_gridpack/work/MG5_aMC_v2_6_5/HEPTools'.
    > See installation log at '/pool/condor/dir_19850/genproductions/bin/MadGraph5_aMCatNLO/WpWmToLpNujj_01j_aTGC_pTW-150toInf_mWV-150to600_4f_NLO_FXFX/WpWmToLpNujj_01j_aTGC_pTW-150toInf_mWV-150to600_4f_NLO_FXFX_gridpack/work/MG5_aMC_v2_6_5/HEPTools/oneloop/oneloop_install.log'.
Fetching data with command:
  wget --no-check-certificate https://ninja.hepforge.org/downloads//ninja-1.1.0.tar.gz
--2023-09-08 07:22:51--  https://ninja.hepforge.org/downloads//ninja-1.1.0.tar.gz
Resolving ninja.hepforge.org (ninja.hepforge.org)... 129.234.186.186
Connecting to ninja.hepforge.org (ninja.hepforge.org)|129.234.186.186|:443... connected.
HTTP request sent, awaiting response... 302 Found
Location: /downloads?f=/ninja-1.1.0.tar.gz [following]
--2023-09-08 07:22:55--  https://ninja.hepforge.org/downloads?f=/ninja-1.1.0.tar.gz
Reusing existing connection to ninja.hepforge.org:443.
HTTP request sent, awaiting response... 302 Found
Location: /downloads?f=ninja-1.1.0.tar.gz [following]
--2023-09-08 07:22:55--  https://ninja.hepforge.org/downloads?f=ninja-1.1.0.tar.gz
Reusing existing connection to ninja.hepforge.org:443.
HTTP request sent, awaiting response... 200 OK
Length: unspecified [application/x-gzip]
Saving to: 'ninja-1.1.0.tar.gz'

     0K .......... .......... .......... .......... ..........  778K
    50K .......... .......... .......... .......... .......... 1.62M
   100K .......... .......... .......... .......... .......... 72.8M
   150K .......... .......... .......... .......... .......... 1.65M
   200K .......... .......... .......... .......... .......... 64.9M
   250K .......... .......... .......... .......... .......... 69.3M
   300K .......... .......... .......... .......... .......... 1.67M
   350K .......... .......... .......... .......... .......... 67.8M
   400K .......... .......... .......... .......... .......... 54.0M
   450K .......... .......... .......... .......... .......... 74.2M
   500K .......... .......... .......... .......... .......... 73.9M
   550K .......... .......                                      132M=0.2s

2023-09-08 07:22:55 (3.50 MB/s) - 'ninja-1.1.0.tar.gz' saved [581566]

Installing tool 'ninja'...
    > Follow the installation progress by running the command below in a separate terminal)
    > tail -f /pool/condor/dir_19850/genproductions/bin/MadGraph5_aMCatNLO/WpWmToLpNujj_01j_aTGC_pTW-150toInf_mWV-150to600_4f_NLO_FXFX/WpWmToLpNujj_01j_aTGC_pTW-150toInf_mWV-150to600_4f_NLO_FXFX_gridpack/work/MG5_aMC_v2_6_5/HEPTools/ninja/ninja_install.log
Successful installation of 'ninja' in '/pool/condor/dir_19850/genproductions/bin/MadGraph5_aMCatNLO/WpWmToLpNujj_01j_aTGC_pTW-150toInf_mWV-150to600_4f_NLO_FXFX/WpWmToLpNujj_01j_aTGC_pTW-150toInf_mWV-150to600_4f_NLO_FXFX_gridpack/work/MG5_aMC_v2_6_5/HEPTools'.
[1;32mninja successfully installed in /pool/condor/dir_19850/genproductions/bin/MadGraph5_aMCatNLO/WpWmToLpNujj_01j_aTGC_pTW-150toInf_mWV-150to600_4f_NLO_FXFX/WpWmToLpNujj_01j_aTGC_pTW-150toInf_mWV-150to600_4f_NLO_FXFX_gridpack/work/MG5_aMC_v2_6_5/HEPTools.[0m
save configuration file to /pool/condor/dir_19850/genproductions/bin/MadGraph5_aMCatNLO/WpWmToLpNujj_01j_aTGC_pTW-150toInf_mWV-150to600_4f_NLO_FXFX/WpWmToLpNujj_01j_aTGC_pTW-150toInf_mWV-150to600_4f_NLO_FXFX_gridpack/work/MG5_aMC_v2_6_5/input/mg5_configuration.txt
INFO: Writing out the aMC@NLO code, using optimized Loops 
INFO: initialize a new directory: WpWmToLpNujj_01j_aTGC_pTW-150toInf_mWV-150to600_4f_NLO_FXFX 
INFO: remove old information in WpWmToLpNujj_01j_aTGC_pTW-150toInf_mWV-150to600_4f_NLO_FXFX 
[1mINFO: Compiling CutTools. This has to be done only once and can take a couple of minutes. [0m
[1mINFO: Compiling IREGI. This has to be done only once and can take a couple of minutes. [0m
INFO: Generating real emission matrix-elements... 
INFO: Generating Helas calls for FKS process: u u~ > e+ ve w- NP<=2 QED<=3 [ all = QCD ] $$ t t~ h (1 / 96) 
INFO: Processing color information for process: u u~ > e+ ve w- NP<=2 QED<=3 [ all = QCD ] $$ t t~ h 
INFO: Generating Helas calls for FKS process: u u~ > mu+ vm w- NP<=2 QED<=3 [ all = QCD ] $$ t t~ h (2 / 96) 
INFO: Generating Helas calls for FKS process: u u~ > ta+ vt w- NP<=2 QED<=3 [ all = QCD ] $$ t t~ h (3 / 96) 
INFO: Generating Helas calls for FKS process: c c~ > e+ ve w- NP<=2 QED<=3 [ all = QCD ] $$ t t~ h (4 / 96) 
INFO: Generating Helas calls for FKS process: c c~ > mu+ vm w- NP<=2 QED<=3 [ all = QCD ] $$ t t~ h (5 / 96) 
INFO: Generating Helas calls for FKS process: c c~ > ta+ vt w- NP<=2 QED<=3 [ all = QCD ] $$ t t~ h (6 / 96) 
INFO: Generating Helas calls for FKS process: d d~ > e+ ve w- NP<=2 QED<=3 [ all = QCD ] $$ t t~ h (7 / 96) 
INFO: Reusing existing color information for process: d d~ > e+ ve w- NP<=2 QED<=3 [ all = QCD ] $$ t t~ h 
INFO: Generating Helas calls for FKS process: d d~ > mu+ vm w- NP<=2 QED<=3 [ all = QCD ] $$ t t~ h (8 / 96) 
INFO: Generating Helas calls for FKS process: d d~ > ta+ vt w- NP<=2 QED<=3 [ all = QCD ] $$ t t~ h (9 / 96) 
INFO: Generating Helas calls for FKS process: s s~ > e+ ve w- NP<=2 QED<=3 [ all = QCD ] $$ t t~ h (10 / 96) 
INFO: Generating Helas calls for FKS process: s s~ > mu+ vm w- NP<=2 QED<=3 [ all = QCD ] $$ t t~ h (11 / 96) 
INFO: Generating Helas calls for FKS process: s s~ > ta+ vt w- NP<=2 QED<=3 [ all = QCD ] $$ t t~ h (12 / 96) 
INFO: Generating Helas calls for FKS process: u~ u > e+ ve w- NP<=2 QED<=3 [ all = QCD ] $$ t t~ h (13 / 96) 
INFO: Processing color information for process: u~ u > e+ ve w- NP<=2 QED<=3 [ all = QCD ] $$ t t~ h 
INFO: Generating Helas calls for FKS process: u~ u > mu+ vm w- NP<=2 QED<=3 [ all = QCD ] $$ t t~ h (14 / 96) 
INFO: Generating Helas calls for FKS process: u~ u > ta+ vt w- NP<=2 QED<=3 [ all = QCD ] $$ t t~ h (15 / 96) 
INFO: Generating Helas calls for FKS process: c~ c > e+ ve w- NP<=2 QED<=3 [ all = QCD ] $$ t t~ h (16 / 96) 
INFO: Generating Helas calls for FKS process: c~ c > mu+ vm w- NP<=2 QED<=3 [ all = QCD ] $$ t t~ h (17 / 96) 
INFO: Generating Helas calls for FKS process: c~ c > ta+ vt w- NP<=2 QED<=3 [ all = QCD ] $$ t t~ h (18 / 96) 
INFO: Generating Helas calls for FKS process: d~ d > e+ ve w- NP<=2 QED<=3 [ all = QCD ] $$ t t~ h (19 / 96) 
INFO: Reusing existing color information for process: d~ d > e+ ve w- NP<=2 QED<=3 [ all = QCD ] $$ t t~ h 
INFO: Generating Helas calls for FKS process: d~ d > mu+ vm w- NP<=2 QED<=3 [ all = QCD ] $$ t t~ h (20 / 96) 
INFO: Generating Helas calls for FKS process: d~ d > ta+ vt w- NP<=2 QED<=3 [ all = QCD ] $$ t t~ h (21 / 96) 
INFO: Generating Helas calls for FKS process: s~ s > e+ ve w- NP<=2 QED<=3 [ all = QCD ] $$ t t~ h (22 / 96) 
INFO: Generating Helas calls for FKS process: s~ s > mu+ vm w- NP<=2 QED<=3 [ all = QCD ] $$ t t~ h (23 / 96) 
INFO: Generating Helas calls for FKS process: s~ s > ta+ vt w- NP<=2 QED<=3 [ all = QCD ] $$ t t~ h (24 / 96) 
INFO: Generating Helas calls for FKS process: g u > e+ ve w- u NP<=2 QED<=3 [ all = QCD ] $$ t t~ h @1 (25 / 96) 
INFO: Processing color information for process: g u > e+ ve w- u NP<=2 QED<=3 [ all = QCD ] $$ t t~ h @1 
INFO: Generating Helas calls for FKS process: g u > mu+ vm w- u NP<=2 QED<=3 [ all = QCD ] $$ t t~ h @1 (26 / 96) 
INFO: Generating Helas calls for FKS process: g u > ta+ vt w- u NP<=2 QED<=3 [ all = QCD ] $$ t t~ h @1 (27 / 96) 
INFO: Generating Helas calls for FKS process: g c > e+ ve w- c NP<=2 QED<=3 [ all = QCD ] $$ t t~ h @1 (28 / 96) 
INFO: Generating Helas calls for FKS process: g c > mu+ vm w- c NP<=2 QED<=3 [ all = QCD ] $$ t t~ h @1 (29 / 96) 
INFO: Generating Helas calls for FKS process: g c > ta+ vt w- c NP<=2 QED<=3 [ all = QCD ] $$ t t~ h @1 (30 / 96) 
INFO: Generating Helas calls for FKS process: g d > e+ ve w- d NP<=2 QED<=3 [ all = QCD ] $$ t t~ h @1 (31 / 96) 
INFO: Processing color information for process: g d > e+ ve w- d NP<=2 QED<=3 [ all = QCD ] $$ t t~ h @1 
INFO: Generating Helas calls for FKS process: g d > mu+ vm w- d NP<=2 QED<=3 [ all = QCD ] $$ t t~ h @1 (32 / 96) 
INFO: Generating Helas calls for FKS process: g d > ta+ vt w- d NP<=2 QED<=3 [ all = QCD ] $$ t t~ h @1 (33 / 96) 
INFO: Generating Helas calls for FKS process: g s > e+ ve w- s NP<=2 QED<=3 [ all = QCD ] $$ t t~ h @1 (34 / 96) 
INFO: Generating Helas calls for FKS process: g s > mu+ vm w- s NP<=2 QED<=3 [ all = QCD ] $$ t t~ h @1 (35 / 96) 
INFO: Generating Helas calls for FKS process: g s > ta+ vt w- s NP<=2 QED<=3 [ all = QCD ] $$ t t~ h @1 (36 / 96) 
INFO: Generating Helas calls for FKS process: g u~ > e+ ve w- u~ NP<=2 QED<=3 [ all = QCD ] $$ t t~ h @1 (37 / 96) 
INFO: Processing color information for process: g u~ > e+ ve w- u~ NP<=2 QED<=3 [ all = QCD ] $$ t t~ h @1 
INFO: Generating Helas calls for FKS process: g u~ > mu+ vm w- u~ NP<=2 QED<=3 [ all = QCD ] $$ t t~ h @1 (38 / 96) 
INFO: Generating Helas calls for FKS process: g u~ > ta+ vt w- u~ NP<=2 QED<=3 [ all = QCD ] $$ t t~ h @1 (39 / 96) 
INFO: Generating Helas calls for FKS process: g c~ > e+ ve w- c~ NP<=2 QED<=3 [ all = QCD ] $$ t t~ h @1 (40 / 96) 
INFO: Generating Helas calls for FKS process: g c~ > mu+ vm w- c~ NP<=2 QED<=3 [ all = QCD ] $$ t t~ h @1 (41 / 96) 
INFO: Generating Helas calls for FKS process: g c~ > ta+ vt w- c~ NP<=2 QED<=3 [ all = QCD ] $$ t t~ h @1 (42 / 96) 
INFO: Generating Helas calls for FKS process: g d~ > e+ ve w- d~ NP<=2 QED<=3 [ all = QCD ] $$ t t~ h @1 (43 / 96) 
INFO: Processing color information for process: g d~ > e+ ve w- d~ NP<=2 QED<=3 [ all = QCD ] $$ t t~ h @1 
INFO: Generating Helas calls for FKS process: g d~ > mu+ vm w- d~ NP<=2 QED<=3 [ all = QCD ] $$ t t~ h @1 (44 / 96) 
INFO: Generating Helas calls for FKS process: g d~ > ta+ vt w- d~ NP<=2 QED<=3 [ all = QCD ] $$ t t~ h @1 (45 / 96) 
INFO: Generating Helas calls for FKS process: g s~ > e+ ve w- s~ NP<=2 QED<=3 [ all = QCD ] $$ t t~ h @1 (46 / 96) 
INFO: Generating Helas calls for FKS process: g s~ > mu+ vm w- s~ NP<=2 QED<=3 [ all = QCD ] $$ t t~ h @1 (47 / 96) 
INFO: Generating Helas calls for FKS process: g s~ > ta+ vt w- s~ NP<=2 QED<=3 [ all = QCD ] $$ t t~ h @1 (48 / 96) 
INFO: Generating Helas calls for FKS process: u g > e+ ve w- u NP<=2 QED<=3 [ all = QCD ] $$ t t~ h @1 (49 / 96) 
INFO: Processing color information for process: u g > e+ ve w- u NP<=2 QED<=3 [ all = QCD ] $$ t t~ h @1 
INFO: Generating Helas calls for FKS process: u g > mu+ vm w- u NP<=2 QED<=3 [ all = QCD ] $$ t t~ h @1 (50 / 96) 
INFO: Generating Helas calls for FKS process: u g > ta+ vt w- u NP<=2 QED<=3 [ all = QCD ] $$ t t~ h @1 (51 / 96) 
INFO: Generating Helas calls for FKS process: u u~ > e+ ve w- g NP<=2 QED<=3 [ all = QCD ] $$ t t~ h @1 (52 / 96) 
INFO: Processing color information for process: u u~ > e+ ve w- g NP<=2 QED<=3 [ all = QCD ] $$ t t~ h @1 
INFO: Generating Helas calls for FKS process: u u~ > mu+ vm w- g NP<=2 QED<=3 [ all = QCD ] $$ t t~ h @1 (53 / 96) 
INFO: Generating Helas calls for FKS process: u u~ > ta+ vt w- g NP<=2 QED<=3 [ all = QCD ] $$ t t~ h @1 (54 / 96) 
INFO: Generating Helas calls for FKS process: c g > e+ ve w- c NP<=2 QED<=3 [ all = QCD ] $$ t t~ h @1 (55 / 96) 
INFO: Generating Helas calls for FKS process: c g > mu+ vm w- c NP<=2 QED<=3 [ all = QCD ] $$ t t~ h @1 (56 / 96) 
INFO: Generating Helas calls for FKS process: c g > ta+ vt w- c NP<=2 QED<=3 [ all = QCD ] $$ t t~ h @1 (57 / 96) 
INFO: Generating Helas calls for FKS process: c c~ > e+ ve w- g NP<=2 QED<=3 [ all = QCD ] $$ t t~ h @1 (58 / 96) 
INFO: Generating Helas calls for FKS process: c c~ > mu+ vm w- g NP<=2 QED<=3 [ all = QCD ] $$ t t~ h @1 (59 / 96) 
INFO: Generating Helas calls for FKS process: c c~ > ta+ vt w- g NP<=2 QED<=3 [ all = QCD ] $$ t t~ h @1 (60 / 96) 
INFO: Generating Helas calls for FKS process: d g > e+ ve w- d NP<=2 QED<=3 [ all = QCD ] $$ t t~ h @1 (61 / 96) 
INFO: Processing color information for process: d g > e+ ve w- d NP<=2 QED<=3 [ all = QCD ] $$ t t~ h @1 
INFO: Generating Helas calls for FKS process: d g > mu+ vm w- d NP<=2 QED<=3 [ all = QCD ] $$ t t~ h @1 (62 / 96) 
INFO: Generating Helas calls for FKS process: d g > ta+ vt w- d NP<=2 QED<=3 [ all = QCD ] $$ t t~ h @1 (63 / 96) 
INFO: Generating Helas calls for FKS process: d d~ > e+ ve w- g NP<=2 QED<=3 [ all = QCD ] $$ t t~ h @1 (64 / 96) 
INFO: Processing color information for process: d d~ > e+ ve w- g NP<=2 QED<=3 [ all = QCD ] $$ t t~ h @1 
INFO: Generating Helas calls for FKS process: d d~ > mu+ vm w- g NP<=2 QED<=3 [ all = QCD ] $$ t t~ h @1 (65 / 96) 
INFO: Generating Helas calls for FKS process: d d~ > ta+ vt w- g NP<=2 QED<=3 [ all = QCD ] $$ t t~ h @1 (66 / 96) 
INFO: Generating Helas calls for FKS process: s g > e+ ve w- s NP<=2 QED<=3 [ all = QCD ] $$ t t~ h @1 (67 / 96) 
INFO: Generating Helas calls for FKS process: s g > mu+ vm w- s NP<=2 QED<=3 [ all = QCD ] $$ t t~ h @1 (68 / 96) 
INFO: Generating Helas calls for FKS process: s g > ta+ vt w- s NP<=2 QED<=3 [ all = QCD ] $$ t t~ h @1 (69 / 96) 
INFO: Generating Helas calls for FKS process: s s~ > e+ ve w- g NP<=2 QED<=3 [ all = QCD ] $$ t t~ h @1 (70 / 96) 
INFO: Generating Helas calls for FKS process: s s~ > mu+ vm w- g NP<=2 QED<=3 [ all = QCD ] $$ t t~ h @1 (71 / 96) 
INFO: Generating Helas calls for FKS process: s s~ > ta+ vt w- g NP<=2 QED<=3 [ all = QCD ] $$ t t~ h @1 (72 / 96) 
INFO: Generating Helas calls for FKS process: u~ g > e+ ve w- u~ NP<=2 QED<=3 [ all = QCD ] $$ t t~ h @1 (73 / 96) 
INFO: Processing color information for process: u~ g > e+ ve w- u~ NP<=2 QED<=3 [ all = QCD ] $$ t t~ h @1 
INFO: Generating Helas calls for FKS process: u~ g > mu+ vm w- u~ NP<=2 QED<=3 [ all = QCD ] $$ t t~ h @1 (74 / 96) 
INFO: Generating Helas calls for FKS process: u~ g > ta+ vt w- u~ NP<=2 QED<=3 [ all = QCD ] $$ t t~ h @1 (75 / 96) 
INFO: Generating Helas calls for FKS process: u~ u > e+ ve w- g NP<=2 QED<=3 [ all = QCD ] $$ t t~ h @1 (76 / 96) 
INFO: Processing color information for process: u~ u > e+ ve w- g NP<=2 QED<=3 [ all = QCD ] $$ t t~ h @1 
INFO: Generating Helas calls for FKS process: u~ u > mu+ vm w- g NP<=2 QED<=3 [ all = QCD ] $$ t t~ h @1 (77 / 96) 
INFO: Generating Helas calls for FKS process: u~ u > ta+ vt w- g NP<=2 QED<=3 [ all = QCD ] $$ t t~ h @1 (78 / 96) 
INFO: Generating Helas calls for FKS process: c~ g > e+ ve w- c~ NP<=2 QED<=3 [ all = QCD ] $$ t t~ h @1 (79 / 96) 
INFO: Generating Helas calls for FKS process: c~ g > mu+ vm w- c~ NP<=2 QED<=3 [ all = QCD ] $$ t t~ h @1 (80 / 96) 
INFO: Generating Helas calls for FKS process: c~ g > ta+ vt w- c~ NP<=2 QED<=3 [ all = QCD ] $$ t t~ h @1 (81 / 96) 
INFO: Generating Helas calls for FKS process: c~ c > e+ ve w- g NP<=2 QED<=3 [ all = QCD ] $$ t t~ h @1 (82 / 96) 
INFO: Generating Helas calls for FKS process: c~ c > mu+ vm w- g NP<=2 QED<=3 [ all = QCD ] $$ t t~ h @1 (83 / 96) 
INFO: Generating Helas calls for FKS process: c~ c > ta+ vt w- g NP<=2 QED<=3 [ all = QCD ] $$ t t~ h @1 (84 / 96) 
INFO: Generating Helas calls for FKS process: d~ g > e+ ve w- d~ NP<=2 QED<=3 [ all = QCD ] $$ t t~ h @1 (85 / 96) 
INFO: Processing color information for process: d~ g > e+ ve w- d~ NP<=2 QED<=3 [ all = QCD ] $$ t t~ h @1 
INFO: Generating Helas calls for FKS process: d~ g > mu+ vm w- d~ NP<=2 QED<=3 [ all = QCD ] $$ t t~ h @1 (86 / 96) 
INFO: Generating Helas calls for FKS process: d~ g > ta+ vt w- d~ NP<=2 QED<=3 [ all = QCD ] $$ t t~ h @1 (87 / 96) 
INFO: Generating Helas calls for FKS process: d~ d > e+ ve w- g NP<=2 QED<=3 [ all = QCD ] $$ t t~ h @1 (88 / 96) 
INFO: Processing color information for process: d~ d > e+ ve w- g NP<=2 QED<=3 [ all = QCD ] $$ t t~ h @1 
INFO: Generating Helas calls for FKS process: d~ d > mu+ vm w- g NP<=2 QED<=3 [ all = QCD ] $$ t t~ h @1 (89 / 96) 
INFO: Generating Helas calls for FKS process: d~ d > ta+ vt w- g NP<=2 QED<=3 [ all = QCD ] $$ t t~ h @1 (90 / 96) 
INFO: Generating Helas calls for FKS process: s~ g > e+ ve w- s~ NP<=2 QED<=3 [ all = QCD ] $$ t t~ h @1 (91 / 96) 
INFO: Generating Helas calls for FKS process: s~ g > mu+ vm w- s~ NP<=2 QED<=3 [ all = QCD ] $$ t t~ h @1 (92 / 96) 
INFO: Generating Helas calls for FKS process: s~ g > ta+ vt w- s~ NP<=2 QED<=3 [ all = QCD ] $$ t t~ h @1 (93 / 96) 
INFO: Generating Helas calls for FKS process: s~ s > e+ ve w- g NP<=2 QED<=3 [ all = QCD ] $$ t t~ h @1 (94 / 96) 
INFO: Generating Helas calls for FKS process: s~ s > mu+ vm w- g NP<=2 QED<=3 [ all = QCD ] $$ t t~ h @1 (95 / 96) 
INFO: Generating Helas calls for FKS process: s~ s > ta+ vt w- g NP<=2 QED<=3 [ all = QCD ] $$ t t~ h @1 (96 / 96) 
INFO: ... Done 
INFO: Writing files in P0_uux_epvewm (1 / 16) 
INFO: Creating files in directory V0_uux_epvewm 
ALOHA: aloha creates FFV1 set of routines with options: L3
INFO: Computing diagram color coefficients 
INFO: Drawing loop Feynman diagrams for Process: u u~ > e+ ve w- NP<=2 QED<=3 [ all = QCD ] $$ t t~ h 
INFO: Generating born Feynman diagrams for Process: u u~ > e+ ve w- NP<=2 QED<=3 [ all = QCD ] $$ t t~ h 
INFO: Writing files in P0_ddx_epvewm (2 / 16) 
INFO: Creating files in directory V0_ddx_epvewm 
ALOHA: aloha creates FFV1 set of routines with options: L3
INFO: Computing diagram color coefficients 
INFO: Drawing loop Feynman diagrams for Process: d d~ > e+ ve w- NP<=2 QED<=3 [ all = QCD ] $$ t t~ h 
INFO: Generating born Feynman diagrams for Process: d d~ > e+ ve w- NP<=2 QED<=3 [ all = QCD ] $$ t t~ h 
INFO: Writing files in P0_uxu_epvewm (3 / 16) 
INFO: Creating files in directory V0_uxu_epvewm 
ALOHA: aloha creates FFV1 set of routines with options: L3
INFO: Computing diagram color coefficients 
INFO: Drawing loop Feynman diagrams for Process: u~ u > e+ ve w- NP<=2 QED<=3 [ all = QCD ] $$ t t~ h 
INFO: Generating born Feynman diagrams for Process: u~ u > e+ ve w- NP<=2 QED<=3 [ all = QCD ] $$ t t~ h 
INFO: Writing files in P0_dxd_epvewm (4 / 16) 
INFO: Creating files in directory V0_dxd_epvewm 
ALOHA: aloha creates FFV1 set of routines with options: L3
INFO: Computing diagram color coefficients 
INFO: Drawing loop Feynman diagrams for Process: d~ d > e+ ve w- NP<=2 QED<=3 [ all = QCD ] $$ t t~ h 
INFO: Generating born Feynman diagrams for Process: d~ d > e+ ve w- NP<=2 QED<=3 [ all = QCD ] $$ t t~ h 
INFO: Writing files in P1_gu_epvewmu (5 / 16) 
INFO: Creating files in directory V1_gu_epvewmu 
ALOHA: aloha creates FFV1 set of routines with options: L2,P0
INFO: Computing diagram color coefficients 
INFO: Drawing loop Feynman diagrams for Process: g u > e+ ve w- u NP<=2 QCD<=1 QED<=3 [ all = QCD ] $$ t t~ h @1 
INFO: Generating born Feynman diagrams for Process: g u > e+ ve w- u NP<=2 QCD<=1 QED<=3 [ all = QCD ] $$ t t~ h @1 
INFO: Writing files in P1_gd_epvewmd (6 / 16) 
INFO: Creating files in directory V1_gd_epvewmd 
ALOHA: aloha creates FFV1 set of routines with options: L2,P0
INFO: Computing diagram color coefficients 
INFO: Drawing loop Feynman diagrams for Process: g d > e+ ve w- d NP<=2 QCD<=1 QED<=3 [ all = QCD ] $$ t t~ h @1 
INFO: Generating born Feynman diagrams for Process: g d > e+ ve w- d NP<=2 QCD<=1 QED<=3 [ all = QCD ] $$ t t~ h @1 
INFO: Writing files in P1_gux_epvewmux (7 / 16) 
INFO: Creating files in directory V1_gux_epvewmux 
ALOHA: aloha creates FFV1 set of routines with options: L1,P0
INFO: Computing diagram color coefficients 
INFO: Drawing loop Feynman diagrams for Process: g u~ > e+ ve w- u~ NP<=2 QCD<=1 QED<=3 [ all = QCD ] $$ t t~ h @1 
INFO: Generating born Feynman diagrams for Process: g u~ > e+ ve w- u~ NP<=2 QCD<=1 QED<=3 [ all = QCD ] $$ t t~ h @1 
INFO: Writing files in P1_gdx_epvewmdx (8 / 16) 
INFO: Creating files in directory V1_gdx_epvewmdx 
ALOHA: aloha creates FFV1 set of routines with options: L1,P0
INFO: Computing diagram color coefficients 
INFO: Drawing loop Feynman diagrams for Process: g d~ > e+ ve w- d~ NP<=2 QCD<=1 QED<=3 [ all = QCD ] $$ t t~ h @1 
INFO: Generating born Feynman diagrams for Process: g d~ > e+ ve w- d~ NP<=2 QCD<=1 QED<=3 [ all = QCD ] $$ t t~ h @1 
INFO: Writing files in P1_ug_epvewmu (9 / 16) 
INFO: Creating files in directory V1_ug_epvewmu 
ALOHA: aloha creates FFV1 set of routines with options: L2,P0
INFO: Computing diagram color coefficients 
INFO: Drawing loop Feynman diagrams for Process: u g > e+ ve w- u NP<=2 QCD<=1 QED<=3 [ all = QCD ] $$ t t~ h @1 
INFO: Generating born Feynman diagrams for Process: u g > e+ ve w- u NP<=2 QCD<=1 QED<=3 [ all = QCD ] $$ t t~ h @1 
INFO: Writing files in P1_uux_epvewmg (10 / 16) 
INFO: Creating files in directory V1_uux_epvewmg 
ALOHA: aloha creates FFV1 set of routines with options: L1,P0
INFO: Computing diagram color coefficients 
INFO: Drawing loop Feynman diagrams for Process: u u~ > e+ ve w- g NP<=2 QCD<=1 QED<=3 [ all = QCD ] $$ t t~ h @1 
INFO: Generating born Feynman diagrams for Process: u u~ > e+ ve w- g NP<=2 QCD<=1 QED<=3 [ all = QCD ] $$ t t~ h @1 
INFO: Writing files in P1_dg_epvewmd (11 / 16) 
INFO: Creating files in directory V1_dg_epvewmd 
ALOHA: aloha creates FFV1 set of routines with options: L2,P0
INFO: Computing diagram color coefficients 
INFO: Drawing loop Feynman diagrams for Process: d g > e+ ve w- d NP<=2 QCD<=1 QED<=3 [ all = QCD ] $$ t t~ h @1 
INFO: Generating born Feynman diagrams for Process: d g > e+ ve w- d NP<=2 QCD<=1 QED<=3 [ all = QCD ] $$ t t~ h @1 
INFO: Writing files in P1_ddx_epvewmg (12 / 16) 
INFO: Creating files in directory V1_ddx_epvewmg 
ALOHA: aloha creates FFV1 set of routines with options: L1,P0
INFO: Computing diagram color coefficients 
INFO: Drawing loop Feynman diagrams for Process: d d~ > e+ ve w- g NP<=2 QCD<=1 QED<=3 [ all = QCD ] $$ t t~ h @1 
INFO: Generating born Feynman diagrams for Process: d d~ > e+ ve w- g NP<=2 QCD<=1 QED<=3 [ all = QCD ] $$ t t~ h @1 
INFO: Writing files in P1_uxg_epvewmux (13 / 16) 
INFO: Creating files in directory V1_uxg_epvewmux 
ALOHA: aloha creates FFV1 set of routines with options: L1,P0
INFO: Computing diagram color coefficients 
INFO: Drawing loop Feynman diagrams for Process: u~ g > e+ ve w- u~ NP<=2 QCD<=1 QED<=3 [ all = QCD ] $$ t t~ h @1 
INFO: Generating born Feynman diagrams for Process: u~ g > e+ ve w- u~ NP<=2 QCD<=1 QED<=3 [ all = QCD ] $$ t t~ h @1 
INFO: Writing files in P1_uxu_epvewmg (14 / 16) 
INFO: Creating files in directory V1_uxu_epvewmg 
ALOHA: aloha creates FFV1 set of routines with options: L2,P0
INFO: Computing diagram color coefficients 
INFO: Drawing loop Feynman diagrams for Process: u~ u > e+ ve w- g NP<=2 QCD<=1 QED<=3 [ all = QCD ] $$ t t~ h @1 
INFO: Generating born Feynman diagrams for Process: u~ u > e+ ve w- g NP<=2 QCD<=1 QED<=3 [ all = QCD ] $$ t t~ h @1 
INFO: Writing files in P1_dxg_epvewmdx (15 / 16) 
INFO: Creating files in directory V1_dxg_epvewmdx 
ALOHA: aloha creates FFV1 set of routines with options: L1,P0
INFO: Computing diagram color coefficients 
INFO: Drawing loop Feynman diagrams for Process: d~ g > e+ ve w- d~ NP<=2 QCD<=1 QED<=3 [ all = QCD ] $$ t t~ h @1 
INFO: Generating born Feynman diagrams for Process: d~ g > e+ ve w- d~ NP<=2 QCD<=1 QED<=3 [ all = QCD ] $$ t t~ h @1 
INFO: Writing files in P1_dxd_epvewmg (16 / 16) 
INFO: Creating files in directory V1_dxd_epvewmg 
ALOHA: aloha creates FFV1 set of routines with options: L2,P0
INFO: Computing diagram color coefficients 
INFO: Drawing loop Feynman diagrams for Process: d~ d > e+ ve w- g NP<=2 QCD<=1 QED<=3 [ all = QCD ] $$ t t~ h @1 
INFO: Generating born Feynman diagrams for Process: d~ d > e+ ve w- g NP<=2 QCD<=1 QED<=3 [ all = QCD ] $$ t t~ h @1 
History written to /pool/condor/dir_19850/genproductions/bin/MadGraph5_aMCatNLO/WpWmToLpNujj_01j_aTGC_pTW-150toInf_mWV-150to600_4f_NLO_FXFX/WpWmToLpNujj_01j_aTGC_pTW-150toInf_mWV-150to600_4f_NLO_FXFX_gridpack/work/WpWmToLpNujj_01j_aTGC_pTW-150toInf_mWV-150to600_4f_NLO_FXFX/Cards/proc_card_mg5.dat
ALOHA: aloha creates FFV8 routines
ALOHA: aloha creates FF4 routines
ALOHA: aloha creates FFV5 routines
ALOHA: aloha creates VVVV12 routines
ALOHA: aloha creates FFV2 routines
ALOHA: aloha creates FFV3 routines
ALOHA: aloha creates FF1 routines
ALOHA: aloha creates FFV1 routines
ALOHA: aloha creates FFV6 routines
ALOHA: aloha creates FFV7 routines
ALOHA: aloha creates VVV4 routines
ALOHA: aloha creates VVV7 routines
ALOHA: aloha creates VVV8 routines
ALOHA: aloha creates FFV4 routines
ALOHA: aloha creates VVV10 routines
ALOHA: aloha creates VVV5 routines
ALOHA: aloha creates FFV2_8 routines
ALOHA: aloha creates FFV2_7 routines
ALOHA: aloha creates VVV10_5_7_8 routines
ALOHA: aloha creates VVV10_4 routines
ALOHA: aloha creates FFV2_3 routines
save configuration file to /pool/condor/dir_19850/genproductions/bin/MadGraph5_aMCatNLO/WpWmToLpNujj_01j_aTGC_pTW-150toInf_mWV-150to600_4f_NLO_FXFX/WpWmToLpNujj_01j_aTGC_pTW-150toInf_mWV-150to600_4f_NLO_FXFX_gridpack/work/WpWmToLpNujj_01j_aTGC_pTW-150toInf_mWV-150to600_4f_NLO_FXFX/Cards/amcatnlo_configuration.txt
INFO: Use Fortran compiler gfortran 
INFO: Use c++ compiler g++ 
INFO: Generate web pages 
INFO: Compiling StdHEP. This has to be done only once. 
INFO: Done. 
Type "launch" to generate events from this process, or see
/pool/condor/dir_19850/genproductions/bin/MadGraph5_aMCatNLO/WpWmToLpNujj_01j_aTGC_pTW-150toInf_mWV-150to600_4f_NLO_FXFX/WpWmToLpNujj_01j_aTGC_pTW-150toInf_mWV-150to600_4f_NLO_FXFX_gridpack/work/WpWmToLpNujj_01j_aTGC_pTW-150toInf_mWV-150to600_4f_NLO_FXFX/README
Run "open index.html" to see more information about this process.
display multiparticles
Multiparticle labels:
ell+ = e+ mu+ ta+
all = g ghg ghg~ u c d s u~ c~ d~ s~ a gha gha~ ve vm vt e- mu- ta- ve~ vm~ vt~ e+ mu+ ta+ t b t~ b~ z w+ ghz ghwp ghwm h w- ghz~ ghwp~ ghwm~
l- = e- mu-
ell- = e- mu- ta-
v = w+ w-
j = g u c d s u~ c~ d~ s~
vl = ve vm vt
l+ = e+ mu+
p = g u c d s u~ c~ d~ s~
vl~ = ve~ vm~ vt~
quit
copying generated process to working directory
INFO: Using default PDF sets for 2017 production
copying custom cuts.f file
copying custom FKS_params.dat file
copying custom reweight file
starting NLO mode
No module named madgraph
INFO: ************************************************************
*                                                          *
*           W E L C O M E  to  M A D G R A P H 5           *
*                       a M C @ N L O                      *
*                                                          *
*                 *                       *                *
*                   *        * *        *                  *
*                     * * * * 5 * * * *                    *
*                   *        * *        *                  *
*                 *                       *                *
*                                                          *
*         VERSION 5.2.6.5               20xx-xx-xx         *
*                                                          *
*    The MadGraph5_aMC@NLO Development Team - Find us at   *
*                 http://amcatnlo.cern.ch                  *
*                                                          *
*               Type 'help' for in-line help.              *
*                                                          *
************************************************************ 
INFO: load configuration from /pool/condor/dir_19850/genproductions/bin/MadGraph5_aMCatNLO/WpWmToLpNujj_01j_aTGC_pTW-150toInf_mWV-150to600_4f_NLO_FXFX/WpWmToLpNujj_01j_aTGC_pTW-150toInf_mWV-150to600_4f_NLO_FXFX_gridpack/work/processtmp/Cards/amcatnlo_configuration.txt  
INFO: load configuration from /pool/condor/dir_19850/genproductions/bin/MadGraph5_aMCatNLO/WpWmToLpNujj_01j_aTGC_pTW-150toInf_mWV-150to600_4f_NLO_FXFX/WpWmToLpNujj_01j_aTGC_pTW-150toInf_mWV-150to600_4f_NLO_FXFX_gridpack/work/MG5_aMC_v2_6_5/input/mg5_configuration.txt  
INFO: load configuration from /pool/condor/dir_19850/genproductions/bin/MadGraph5_aMCatNLO/WpWmToLpNujj_01j_aTGC_pTW-150toInf_mWV-150to600_4f_NLO_FXFX/WpWmToLpNujj_01j_aTGC_pTW-150toInf_mWV-150to600_4f_NLO_FXFX_gridpack/work/processtmp/Cards/amcatnlo_configuration.txt  
No valid eps viewer found. Please set in ./input/mg5_configuration.txt
No valid web browser found. Please set in ./input/mg5_configuration.txt
launch --nb_core=32 -n pilotrun
[1;34mrun_card missed argument pt_min_pdg. Takes default: {}[0m
[1;34mrun_card missed argument pt_max_pdg. Takes default: {}[0m
[1;34mrun_card missed argument mxx_min_pdg. Takes default: {}[0m
stty: standard input: Inappropriate ioctl for device
stty: standard input: Inappropriate ioctl for device
stty: standard input: Inappropriate ioctl for device
stty: standard input: Inappropriate ioctl for device
stty: standard input: Inappropriate ioctl for device
The following switches determine which programs are run:
/=============================================================================\
1. Type of perturbative computation         [1m      order[0m = [32mNLO[0m         
2. No MC@[N]LO matching / event generation  [1mfixed_order[0m = [32mOFF[0m         
3. Shower the generated events              [1m     shower[0m = [31mPYTHIA8[0m     
4. Decay onshell particles                  [1m    madspin[0m = [32mON[0m          
5. Add weights to events for new hypp.      [1m   reweight[0m = [32mON[0m          
6. Run MadAnalysis5 on the events generated [1mmadanalysis[0m = [01mNot Avail.[0m  
\=============================================================================/
Either type the switch number (1 to 6) to change its setting,
Set any switch explicitly (e.g. type 'fixed_order=ON' at the prompt)
Type 'help' for the list of all valid option
Type '0', 'auto', 'done' or just press enter when you are done.[60s to answer] 
>The following switches determine which programs are run:
/=============================================================================\
1. Type of perturbative computation         [1m      order[0m = [32mNLO[0m         
2. No MC@[N]LO matching / event generation  [1mfixed_order[0m = [32mOFF[0m         
3. Shower the generated events              [1m     shower[0m = [32mOFF[0m         
4. Decay onshell particles                  [1m    madspin[0m = [32mON[0m          
5. Add weights to events for new hypp.      [1m   reweight[0m = [32mON[0m          
6. Run MadAnalysis5 on the events generated [1mmadanalysis[0m = [01mNot Avail.[0m  
\=============================================================================/
Either type the switch number (1 to 6) to change its setting,
Set any switch explicitly (e.g. type 'fixed_order=ON' at the prompt)
Type 'help' for the list of all valid option
Type '0', 'auto', 'done' or just press enter when you are done.
The following switches determine which programs are run:
/=============================================================================\
1. Type of perturbative computation         [1m      order[0m = [32mNLO[0m         
2. No MC@[N]LO matching / event generation  [1mfixed_order[0m = [32mOFF[0m         
3. Shower the generated events              [1m     shower[0m = [32mOFF[0m         
4. Decay onshell particles                  [1m    madspin[0m = [32mON[0m          
5. Add weights to events for new hypp.      [1m   reweight[0m = [32mON[0m          
6. Run MadAnalysis5 on the events generated [1mmadanalysis[0m = [01mNot Avail.[0m  
\=============================================================================/
Either type the switch number (1 to 6) to change its setting,
Set any switch explicitly (e.g. type 'fixed_order=ON' at the prompt)
Type 'help' for the list of all valid option
Type '0', 'auto', 'done' or just press enter when you are done.
>The following switches determine which programs are run:
/=============================================================================\
1. Type of perturbative computation         [1m      order[0m = [32mNLO[0m         
2. No MC@[N]LO matching / event generation  [1mfixed_order[0m = [32mOFF[0m         
3. Shower the generated events              [1m     shower[0m = [32mOFF[0m         
4. Decay onshell particles                  [1m    madspin[0m = [32mON[0m          
5. Add weights to events for new hypp.      [1m   reweight[0m = [31mOFF[0m         
6. Run MadAnalysis5 on the events generated [1mmadanalysis[0m = [01mNot Avail.[0m  
\=============================================================================/
Either type the switch number (1 to 6) to change its setting,
Set any switch explicitly (e.g. type 'fixed_order=ON' at the prompt)
Type 'help' for the list of all valid option
Type '0', 'auto', 'done' or just press enter when you are done.
The following switches determine which programs are run:
/=============================================================================\
1stty: standard input: Inappropriate ioctl for device
. Type of perturbative computation         [1m      order[0m = [32mNLO[0m         
2. No MC@[N]LO matching / event generation  [1mfixed_order[0m = [32mOFF[0m         
3. Shower the generated events              [1m     shower[0m = [32mOFF[0m         
4. Decay onshell particles                  [1m    madspin[0m = [32mON[0m          
5. Add weights to events for new hypp.      [1m   reweight[0m = [31mOFF[0m         
6. Run MadAnalysis5 on the events generated [1mmadanalysis[0m = [01mNot Avail.[0m  
\=============================================================================/
Either type the switch number (1 to 6) to change its setting,
Set any switch explicitly (e.g. type 'fixed_order=ON' at the prompt)
Type 'help' for the list of all valid option
Type '0', 'auto', 'done' or just press enter when you are done.
>INFO: will run in mode: noshower 
[1;34mWARNING: You have chosen not to run a parton shower.
    NLO events without showering are NOT physical.
    Please, shower the LesHouches events before using them for physics analyses.
    You have to choose NOW which parton-shower you WILL use and specify it in the run_card. [0m
[1;34mrun_card missed argument pt_min_pdg. Takes default: {}[0m
[1;34mrun_card missed argument pt_max_pdg. Takes default: {}[0m
[1;34mrun_card missed argument mxx_min_pdg. Takes default: {}[0m
Do you want to edit a card (press enter to bypass editing)?
/------------------------------------------------------------\
|  [31m1[0m. param   : [32mparam_card.dat[0m                               |
|  [31m2[0m. run     : [32mrun_card.dat[0m                                 |
|  [31m3[0m. madspin : [32mmadspin_card.dat[0m                             |
\------------------------------------------------------------/
 you can also
   - enter the path to a valid card or banner.
   - use the 'set' command to modify a parameter directly.
     The set option works only for param_card and run_card.
     Type 'help set' for more information on this command.
   - call an external program (ASperGE/MadWidth/...).
     Type 'help' for the list of available command
 [[4m0[0m, done, 1, param, 2, run, 3, madspin, enter path][90s to answer] 
>[1mINFO: modify param_card information BLOCK dim6 with id (1,) set to 3.6 [0m
Do you want to edit a card (press enter to bypass editing)?
/------------------------------------------------------------\
|  [31m1[0m. param   : [32mparam_card.dat[0m                               |
|  [31m2[0m. run     : [32mrun_card.dat[0m                                 |
|  [31m3[0m. madspin : [32mmadspin_card.dat[0m                             |
\------------------------------------------------------------/
 you can also
   - enter the path to a valid card or banner.
   - use the 'set' command to modify a parameter directly.
     The set option works only for param_card and run_card.
     Type 'help set' for more information on this command.
   - call an external program (ASperGE/MadWidth/...).
     Type 'help' for the list of available command
 [[4m0[0m, done, 1, param, 2, run, 3, madspin, enter path] 
>[1mINFO: modify param_card information BLOCK dim6 with id (2,) set to 4.5 [0m
Do you want to edit a card (press enter to bypass editing)?
/------------------------------------------------------------\
|  [31m1[0m. param   : [32mparam_card.dat[0m                               |
|  [31m2[0m. run     : [32mrun_card.dat[0m                                 |
|  [31m3[0m. madspin : [32mmadspin_card.dat[0m                             |
\------------------------------------------------------------/
 you can also
   - enter the path to a valid card or banner.
   - use the 'set' command to modify a parameter directly.
     The set option works only for param_card and run_card.
     Type 'help set' for more information on this command.
   - call an external program (ASperGE/MadWidth/...).
     Type 'help' for the list of available command
 [[4m0[0m, done, 1, param, 2, run, 3, madspin, enter path] 
>[1mINFO: modify param_card information BLOCK dim6 with id (3,) set to 20.0 [0m
Do you want to edit a card (press enter to bypass editing)?
/------------------------------------------------------------\
|  [31m1[0m. param   : [32mparam_card.dat[0m                               |
|  [31m2[0m. run     : [32mrun_card.dat[0m                                 |
|  [31m3[0m. madspin : [32mmadspin_card.dat[0m                             |
\------------------------------------------------------------/
 you can also
   - enter the path to a valid card or banner.
   - use the 'set' command to modify a parameter directly.
     The set option works only for param_card and run_card.
     Type 'help set' for more information on this command.
   - call an external program (ASperGE/MadWidth/...).
     Type 'help' for the list of available command
 [[4m0[0m, done, 1, param, 2, run, 3, madspin, enter path] 
>[1;34mWARNING: invalid set command param_card dim6 4 0.0 [0m
Do you want to edit a card (press enter to bypass editing)?
/------------------------------------------------------------\
|  [31m1[0m. param   : [32mparam_card.dat[0m                               |
|  [31m2[0m. run     : [32mrun_card.dat[0m                                 |
|  [31m3[0m. madspin : [32mmadspin_card.dat[0m                             |
\------------------------------------------------------------/
 you can also
   - enter the path to a valid card or banner.
   - use the 'set' command to modify a parameter directly.
     The set option works only for param_card and run_card.
     Type 'help set' for more information on this command.
   - call an external program (ASperGE/MadWidth/...).
     Type 'help' for the list of available command
 [[4m0[0m, done, 1, param, 2, run, 3, madspin, enter path] 
>[1;34mWARNING: invalid set command param_card dim6 5 0.0 [0m
Do you want to edit a card (press enter to bypass editing)?
/------------------------------------------------------------\
|  [31m1[0m. param   : [32mparam_card.dat[0m                               |
|  [31m2[0m. run     : [32mrun_card.dat[0m                                 |
|  [31m3[0m. madspin : [32mmadspin_card.dat[0m                             |
\------------------------------------------------------------/
 you can also
   - enter the path to a valid card or banner.
   - use the 'set' command to modify a parameter directly.
     The set option works only for param_card and run_card.
     Type 'help set' for more information on this command.
   - call an external program (ASperGE/MadWidth/...).
     Type 'help' for the list of available command
 [[4m0[0m, done, 1, param, 2, run, 3, madspin, enter path] 
>[1;34mWARNING: invalid set command param_card dim6 6 0.0 [0m
Do you want to edit a card (press enter to bypass editing)?
/------------------------------------------------------------\
|  [31m1[0m. param   : [32mparam_card.dat[0m                               |
|  [31m2[0m. run     : [32mrun_card.dat[0m                                 |
|  [31m3[0m. madspin : [32mmadspin_card.dat[0m                             |
\------------------------------------------------------------/
 you can also
   - enter the path to a valid card or banner.
   - use the 'set' command to modify a parameter directly.
     The set option works only for param_card and run_card.
     Type 'help set' for more information on this command.
   - call an external program (ASperGE/MadWidth/...).
     Type 'help' for the list of available command
 [[4m0[0m, done, 1, param, 2, run, 3, madspin, enter path] 
>[1;34mWARNING: invalid set command param_card dim6 7 0.0 [0m
Do you want to edit a card (press enter to bypass editing)?
/------------------------------------------------------------\
|  [31m1[0m. param   : [32mparam_card.dat[0m                               |
|  [31m2[0m. run     : [32mrun_card.dat[0m                                 |
|  [31m3[0m. madspin : [32mmadspin_card.dat[0m                             |
\------------------------------------------------------------/
 you can also
   - enter the path to a valid card or banner.
   - use the 'set' command to modify a parameter directly.
     The set option works only for param_card and run_card.
     Type 'help set' for more information on this command.
   - call an external program (ASperGE/MadWidth/...).
     Type 'help' for the list of available command
 [[4m0[0m, done, 1, param, 2, run, 3, madspin, enter path] 
>[1;34mWARNING: invalid set command param_card dim6 8 0.0 [0m
Do you want to edit a card (press enter to bypass editing)?
/------------------------------------------------------------\
|  [31m1[0m. param   : [32mparam_card.dat[0m                               |
|  [31m2[0m. run     : [32mrun_card.dat[0m                                 |
|  [31m3[0m. madspin : [32mmadspin_card.dat[0m                             |
\------------------------------------------------------------/
 you can also
   - enter the path to a valid card or banner.
   - use the 'set' command to modify a parameter directly.
     The set option works only for param_card and run_card.
     Type 'help set' for more information on this command.
   - call an external program (ASperGE/MadWidth/...).
     Type 'help' for the list of available command
 [[4m0[0m, done, 1, param, 2, run, 3, madspin, enter path] 
>INFO: Update the dependent parameter of the param_card.dat 
[1;34mrun_card missed argument pt_min_pdg. Takes default: {}[0m
[1;34mrun_card missed argument pt_max_pdg. Takes default: {}[0m
[1;34mrun_card missed argument mxx_min_pdg. Takes default: {}[0m
[1;34mWARNING: You are running with FxFx merging enabled.  To be able to merge
    samples of various multiplicities without double counting, you
    have to remove some events after showering 'by hand'.  Please
    read http://amcatnlo.cern.ch/FxFx_merging.htm for more details. [0m
INFO: Starting run 
INFO: Compiling the code 
[1;34mrun_card missed argument pt_min_pdg. Takes default: {}[0m
[1;34mrun_card missed argument pt_max_pdg. Takes default: {}[0m
[1;34mrun_card missed argument mxx_min_pdg. Takes default: {}[0m
INFO: Using LHAPDF v6.2.1 interface for PDFs 
INFO: Compiling source... 
INFO:           ...done, continuing with P* directories 
INFO: Compiling directories... 
INFO: Compiling on 32 cores 
INFO:  Compiling P0_uux_epvewm... 
INFO:  Compiling P0_ddx_epvewm... 
INFO:  Compiling P0_uxu_epvewm... 
INFO:  Compiling P0_dxd_epvewm... 
INFO:  Compiling P1_gu_epvewmu... 
INFO:  Compiling P1_gd_epvewmd... 
INFO:  Compiling P1_gux_epvewmux... 
INFO:  Compiling P1_gdx_epvewmdx... 
INFO:  Compiling P1_ug_epvewmu... 
INFO:  Compiling P1_uux_epvewmg... 
INFO:  Compiling P1_dg_epvewmd... 
INFO:  Compiling P1_ddx_epvewmg... 
INFO:  Compiling P1_uxg_epvewmux... 
INFO:  Compiling P1_uxu_epvewmg... 
INFO:  Compiling P1_dxd_epvewmg... 
INFO:  Compiling P1_dxg_epvewmdx... 
INFO:     P0_dxd_epvewm done. 
INFO:     P0_ddx_epvewm done. 
INFO:     P0_uxu_epvewm done. 
INFO:     P0_uux_epvewm done. 
INFO:     P1_ddx_epvewmg done. 
INFO:     P1_uxu_epvewmg done. 
INFO:     P1_dxd_epvewmg done. 
INFO:     P1_uux_epvewmg done. 
INFO:     P1_dxg_epvewmdx done. 
INFO:     P1_gd_epvewmd done. 
INFO:     P1_uxg_epvewmux done. 
INFO:     P1_gu_epvewmu done. 
INFO:     P1_gux_epvewmux done. 
INFO:     P1_ug_epvewmu done. 
INFO:     P1_gdx_epvewmdx done. 
INFO:     P1_dg_epvewmd done. 
INFO: Checking test output: 
INFO: P0_uux_epvewm 
INFO:  Result for test_ME: 
INFO:    Passed. 
INFO:  Result for test_MC: 
INFO:    Passed. 
INFO:  Result for check_poles: 
INFO:    Poles successfully cancel for 20 points over 20 (tolerance=-1.0e+00) 
INFO: P0_ddx_epvewm 
INFO:  Result for test_ME: 
INFO:    Passed. 
INFO:  Result for test_MC: 
INFO:    Passed. 
INFO:  Result for check_poles: 
INFO:    Poles successfully cancel for 20 points over 20 (tolerance=-1.0e+00) 
INFO: P0_uxu_epvewm 
INFO:  Result for test_ME: 
INFO:    Passed. 
INFO:  Result for test_MC: 
INFO:    Passed. 
INFO:  Result for check_poles: 
INFO:    Poles successfully cancel for 20 points over 20 (tolerance=-1.0e+00) 
INFO: P0_dxd_epvewm 
INFO:  Result for test_ME: 
INFO:    Passed. 
INFO:  Result for test_MC: 
INFO:    Passed. 
INFO:  Result for check_poles: 
INFO:    Poles successfully cancel for 20 points over 20 (tolerance=-1.0e+00) 
INFO: P1_gu_epvewmu 
INFO:  Result for test_ME: 
INFO:    Passed. 
INFO:  Result for test_MC: 
INFO:    Passed. 
INFO:  Result for check_poles: 
INFO:    Poles successfully cancel for 20 points over 20 (tolerance=-1.0e+00) 
INFO: P1_gd_epvewmd 
INFO:  Result for test_ME: 
INFO:    Passed. 
INFO:  Result for test_MC: 
INFO:    Passed. 
INFO:  Result for check_poles: 
INFO:    Poles successfully cancel for 20 points over 20 (tolerance=-1.0e+00) 
INFO: P1_gux_epvewmux 
INFO:  Result for test_ME: 
INFO:    Passed. 
INFO:  Result for test_MC: 
INFO:    Passed. 
INFO:  Result for check_poles: 
INFO:    Poles successfully cancel for 20 points over 20 (tolerance=-1.0e+00) 
INFO: P1_gdx_epvewmdx 
INFO:  Result for test_ME: 
INFO:    Passed. 
INFO:  Result for test_MC: 
INFO:    Passed. 
INFO:  Result for check_poles: 
INFO:    Poles successfully cancel for 20 points over 20 (tolerance=-1.0e+00) 
INFO: P1_ug_epvewmu 
INFO:  Result for test_ME: 
INFO:    Passed. 
INFO:  Result for test_MC: 
INFO:    Passed. 
INFO:  Result for check_poles: 
INFO:    Poles successfully cancel for 20 points over 20 (tolerance=-1.0e+00) 
INFO: P1_uux_epvewmg 
INFO:  Result for test_ME: 
INFO:    Passed. 
INFO:  Result for test_MC: 
INFO:    Passed. 
INFO:  Result for check_poles: 
INFO:    Poles successfully cancel for 20 points over 20 (tolerance=-1.0e+00) 
INFO: P1_dg_epvewmd 
INFO:  Result for test_ME: 
INFO:    Passed. 
INFO:  Result for test_MC: 
INFO:    Passed. 
INFO:  Result for check_poles: 
INFO:    Poles successfully cancel for 20 points over 20 (tolerance=-1.0e+00) 
INFO: P1_ddx_epvewmg 
INFO:  Result for test_ME: 
INFO:    Passed. 
INFO:  Result for test_MC: 
INFO:    Passed. 
INFO:  Result for check_poles: 
INFO:    Poles successfully cancel for 20 points over 20 (tolerance=-1.0e+00) 
INFO: P1_uxg_epvewmux 
INFO:  Result for test_ME: 
INFO:    Passed. 
INFO:  Result for test_MC: 
INFO:    Passed. 
INFO:  Result for check_poles: 
INFO:    Poles successfully cancel for 20 points over 20 (tolerance=-1.0e+00) 
INFO: P1_uxu_epvewmg 
INFO:  Result for test_ME: 
INFO:    Passed. 
INFO:  Result for test_MC: 
INFO:    Passed. 
INFO:  Result for check_poles: 
INFO:    Poles successfully cancel for 20 points over 20 (tolerance=-1.0e+00) 
INFO: P1_dxg_epvewmdx 
INFO:  Result for test_ME: 
INFO:    Passed. 
INFO:  Result for test_MC: 
INFO:    Passed. 
INFO:  Result for check_poles: 
INFO:    Poles successfully cancel for 20 points over 20 (tolerance=-1.0e+00) 
INFO: P1_dxd_epvewmg 
INFO:  Result for test_ME: 
INFO:    Passed. 
INFO:  Result for test_MC: 
INFO:    Passed. 
INFO:  Result for check_poles: 
INFO:    Poles successfully cancel for 20 points over 20 (tolerance=-1.0e+00) 
INFO: Starting run 
INFO: Using 32 cores 
INFO: Cleaning previous results 
INFO: Generating events without running the shower. 
INFO: Setting up grids 
INFO:  Idle: 204,  Running: 32,  Completed: 0 [ current time: 07h36 ] 
INFO:  Idle: 203,  Running: 32,  Completed: 1 [  10.6s  ] 
INFO:  Idle: 201,  Running: 32,  Completed: 3 [  10.9s  ] 
INFO:  Idle: 200,  Running: 32,  Completed: 4 [  11s  ] 
INFO:  Idle: 199,  Running: 32,  Completed: 5 [  11.1s  ] 
INFO:  Idle: 198,  Running: 32,  Completed: 6 [  11.7s  ] 
INFO:  Idle: 197,  Running: 32,  Completed: 7 [  11.9s  ] 
INFO:  Idle: 196,  Running: 32,  Completed: 8 [  12.4s  ] 
INFO:  Idle: 195,  Running: 32,  Completed: 9 [  12.5s  ] 
INFO:  Idle: 194,  Running: 32,  Completed: 10 [  12.7s  ] 
INFO:  Idle: 193,  Running: 32,  Completed: 11 [  12.7s  ] 
INFO:  Idle: 192,  Running: 32,  Completed: 12 [  13.6s  ] 
INFO:  Idle: 191,  Running: 32,  Completed: 13 [  13.8s  ] 
INFO:  Idle: 190,  Running: 32,  Completed: 14 [  14s  ] 
INFO:  Idle: 189,  Running: 32,  Completed: 15 [  14.6s  ] 
INFO:  Idle: 188,  Running: 32,  Completed: 16 [  15s  ] 
INFO:  Idle: 187,  Running: 32,  Completed: 17 [  21s  ] 
INFO:  Idle: 185,  Running: 32,  Completed: 19 [  21.7s  ] 
INFO:  Idle: 184,  Running: 32,  Completed: 20 [  23.8s  ] 
INFO:  Idle: 183,  Running: 32,  Completed: 21 [  25s  ] 
INFO:  Idle: 182,  Running: 32,  Completed: 22 [  25.6s  ] 
INFO:  Idle: 181,  Running: 32,  Completed: 23 [  25.7s  ] 
INFO:  Idle: 180,  Running: 32,  Completed: 24 [  26.1s  ] 
INFO:  Idle: 179,  Running: 32,  Completed: 25 [  26.4s  ] 
INFO:  Idle: 178,  Running: 32,  Completed: 26 [  27.8s  ] 
INFO:  Idle: 177,  Running: 32,  Completed: 27 [  28.2s  ] 
INFO:  Idle: 176,  Running: 32,  Completed: 28 [  28.6s  ] 
INFO:  Idle: 175,  Running: 32,  Completed: 29 [  54.4s  ] 
INFO:  Idle: 172,  Running: 32,  Completed: 32 [  55.4s  ] 
INFO:  Idle: 171,  Running: 32,  Completed: 33 [  1m 40s  ] 
INFO:  Idle: 170,  Running: 32,  Completed: 34 [  1m 40s  ] 
INFO:  Idle: 169,  Running: 32,  Completed: 35 [  1m 44s  ] 
INFO:  Idle: 168,  Running: 32,  Completed: 36 [  1m 53s  ] 
INFO:  Idle: 167,  Running: 32,  Completed: 37 [  2m 33s  ] 
INFO:  Idle: 166,  Running: 32,  Completed: 38 [  2m 36s  ] 
INFO:  Idle: 165,  Running: 32,  Completed: 39 [  2m 45s  ] 
INFO:  Idle: 164,  Running: 32,  Completed: 40 [  2m 48s  ] 
INFO:  Idle: 162,  Running: 32,  Completed: 42 [  2m 53s  ] 
INFO:  Idle: 161,  Running: 32,  Completed: 43 [  2m 56s  ] 
INFO:  Idle: 160,  Running: 32,  Completed: 44 [  2m 57s  ] 
INFO:  Idle: 159,  Running: 32,  Completed: 45 [  3m 10s  ] 
INFO:  Idle: 158,  Running: 32,  Completed: 46 [  3m 28s  ] 
INFO:  Idle: 157,  Running: 32,  Completed: 47 [  3m 53s  ] 
INFO:  Idle: 156,  Running: 32,  Completed: 48 [  4m 1s  ] 
INFO:  Idle: 155,  Running: 32,  Completed: 49 [  4m 12s  ] 
INFO:  Idle: 154,  Running: 32,  Completed: 50 [  4m 22s  ] 
INFO:  Idle: 153,  Running: 32,  Completed: 51 [  4m 24s  ] 
INFO:  Idle: 152,  Running: 32,  Completed: 52 [  4m 25s  ] 
INFO:  Idle: 151,  Running: 32,  Completed: 53 [  4m 27s  ] 
INFO:  Idle: 150,  Running: 32,  Completed: 54 [  4m 32s  ] 
INFO:  Idle: 149,  Running: 32,  Completed: 55 [  4m 36s  ] 
INFO:  Idle: 148,  Running: 32,  Completed: 56 [  4m 38s  ] 
INFO:  Idle: 147,  Running: 32,  Completed: 57 [  4m 45s  ] 
INFO:  Idle: 146,  Running: 32,  Completed: 58 [  4m 47s  ] 
INFO:  Idle: 145,  Running: 32,  Completed: 59 [  4m 48s  ] 
INFO:  Idle: 144,  Running: 32,  Completed: 60 [  5m 4s  ] 
INFO:  Idle: 143,  Running: 32,  Completed: 61 [  5m 6s  ] 
INFO:  Idle: 142,  Running: 32,  Completed: 62 [  5m 14s  ] 
INFO:  Idle: 141,  Running: 32,  Completed: 63 [  5m 23s  ] 
INFO:  Idle: 140,  Running: 32,  Completed: 64 [  5m 24s  ] 
INFO:  Idle: 139,  Running: 32,  Completed: 65 [  5m 26s  ] 
INFO:  Idle: 138,  Running: 32,  Completed: 66 [  5m 30s  ] 
INFO:  Idle: 137,  Running: 32,  Completed: 67 [  5m 39s  ] 
INFO:  Idle: 136,  Running: 32,  Completed: 68 [  5m 43s  ] 
INFO:  Idle: 135,  Running: 32,  Completed: 69 [  5m 51s  ] 
INFO:  Idle: 134,  Running: 32,  Completed: 70 [  6m 6s  ] 
INFO:  Idle: 133,  Running: 32,  Completed: 71 [  6m 20s  ] 
INFO:  Idle: 132,  Running: 32,  Completed: 72 [  6m 51s  ] 
INFO:  Idle: 131,  Running: 32,  Completed: 73 [  7m 3s  ] 
INFO:  Idle: 130,  Running: 32,  Completed: 74 [  7m 12s  ] 
INFO:  Idle: 129,  Running: 32,  Completed: 75 [  7m 12s  ] 
INFO:  Idle: 128,  Running: 32,  Completed: 76 [  7m 20s  ] 
INFO:  Idle: 127,  Running: 32,  Completed: 77 [  7m 23s  ] 
INFO:  Idle: 126,  Running: 32,  Completed: 78 [  7m 24s  ] 
INFO:  Idle: 125,  Running: 32,  Completed: 79 [  7m 32s  ] 
INFO:  Idle: 124,  Running: 32,  Completed: 80 [  7m 33s  ] 
INFO:  Idle: 123,  Running: 32,  Completed: 81 [  7m 35s  ] 
INFO:  Idle: 122,  Running: 32,  Completed: 82 [  7m 41s  ] 
INFO:  Idle: 121,  Running: 32,  Completed: 83 [  7m 43s  ] 
INFO:  Idle: 120,  Running: 32,  Completed: 84 [  7m 52s  ] 
INFO:  Idle: 119,  Running: 32,  Completed: 85 [  7m 55s  ] 
INFO:  Idle: 118,  Running: 32,  Completed: 86 [  7m 58s  ] 
INFO:  Idle: 117,  Running: 32,  Completed: 87 [  8m 0s  ] 
INFO:  Idle: 116,  Running: 32,  Completed: 88 [  8m 1s  ] 
INFO:  Idle: 115,  Running: 32,  Completed: 89 [  8m 4s  ] 
INFO:  Idle: 114,  Running: 32,  Completed: 90 [  8m 22s  ] 
INFO:  Idle: 113,  Running: 32,  Completed: 91 [  8m 30s  ] 
INFO:  Idle: 112,  Running: 32,  Completed: 92 [  8m 47s  ] 
INFO:  Idle: 111,  Running: 32,  Completed: 93 [  9m 8s  ] 
INFO:  Idle: 110,  Running: 32,  Completed: 94 [  9m 19s  ] 
INFO:  Idle: 109,  Running: 32,  Completed: 95 [  9m 20s  ] 
INFO:  Idle: 108,  Running: 32,  Completed: 96 [  9m 22s  ] 
INFO:  Idle: 107,  Running: 32,  Completed: 97 [  9m 24s  ] 
INFO:  Idle: 106,  Running: 32,  Completed: 98 [  9m 25s  ] 
INFO:  Idle: 105,  Running: 32,  Completed: 99 [  9m 29s  ] 
INFO:  Idle: 104,  Running: 32,  Completed: 100 [  9m 33s  ] 
INFO:  Idle: 103,  Running: 32,  Completed: 101 [  9m 54s  ] 
INFO:  Idle: 102,  Running: 32,  Completed: 102 [  9m 58s  ] 
INFO:  Idle: 101,  Running: 32,  Completed: 103 [  10m 0s  ] 
INFO:  Idle: 100,  Running: 32,  Completed: 104 [  10m 2s  ] 
INFO:  Idle: 99,  Running: 32,  Completed: 105 [  10m 29s  ] 
INFO:  Idle: 98,  Running: 32,  Completed: 106 [  10m 35s  ] 
INFO:  Idle: 97,  Running: 32,  Completed: 107 [  10m 59s  ] 
INFO:  Idle: 96,  Running: 32,  Completed: 108 [  11m 18s  ] 
INFO:  Idle: 95,  Running: 32,  Completed: 109 [  11m 24s  ] 
INFO:  Idle: 94,  Running: 32,  Completed: 110 [  11m 29s  ] 
INFO:  Idle: 93,  Running: 32,  Completed: 111 [  11m 33s  ] 
INFO:  Idle: 92,  Running: 32,  Completed: 112 [  11m 35s  ] 
INFO:  Idle: 91,  Running: 32,  Completed: 113 [  11m 56s  ] 
INFO:  Idle: 90,  Running: 32,  Completed: 114 [  12m 11s  ] 
INFO:  Idle: 89,  Running: 32,  Completed: 115 [  12m 41s  ] 
INFO:  Idle: 88,  Running: 32,  Completed: 116 [  12m 53s  ] 
INFO:  Idle: 87,  Running: 32,  Completed: 117 [  13m 1s  ] 
INFO:  Idle: 86,  Running: 32,  Completed: 118 [  13m 8s  ] 
INFO:  Idle: 85,  Running: 32,  Completed: 119 [  13m 10s  ] 
INFO:  Idle: 84,  Running: 32,  Completed: 120 [  13m 24s  ] 
INFO:  Idle: 83,  Running: 32,  Completed: 121 [  13m 31s  ] 
INFO:  Idle: 82,  Running: 32,  Completed: 122 [  13m 31s  ] 
INFO:  Idle: 81,  Running: 32,  Completed: 123 [  13m 47s  ] 
INFO:  Idle: 80,  Running: 32,  Completed: 124 [  14m 20s  ] 
INFO:  Idle: 79,  Running: 32,  Completed: 125 [  14m 23s  ] 
INFO:  Idle: 78,  Running: 32,  Completed: 126 [  14m 33s  ] 
INFO:  Idle: 77,  Running: 32,  Completed: 127 [  14m 35s  ] 
INFO:  Idle: 76,  Running: 32,  Completed: 128 [  14m 35s  ] 
INFO:  Idle: 75,  Running: 32,  Completed: 129 [  14m 39s  ] 
INFO:  Idle: 74,  Running: 32,  Completed: 130 [  14m 41s  ] 
INFO:  Idle: 73,  Running: 32,  Completed: 131 [  14m 48s  ] 
INFO:  Idle: 72,  Running: 32,  Completed: 132 [  15m 18s  ] 
INFO:  Idle: 71,  Running: 32,  Completed: 133 [  15m 32s  ] 
INFO:  Idle: 70,  Running: 32,  Completed: 134 [  15m 38s  ] 
INFO:  Idle: 69,  Running: 32,  Completed: 135 [  15m 54s  ] 
INFO:  Idle: 68,  Running: 32,  Completed: 136 [  15m 56s  ] 
INFO:  Idle: 67,  Running: 32,  Completed: 137 [  16m 0s  ] 
INFO:  Idle: 66,  Running: 32,  Completed: 138 [  16m 0s  ] 
INFO:  Idle: 65,  Running: 32,  Completed: 139 [  16m 5s  ] 
INFO:  Idle: 64,  Running: 32,  Completed: 140 [  16m 27s  ] 
INFO:  Idle: 63,  Running: 32,  Completed: 141 [  16m 34s  ] 
INFO:  Idle: 62,  Running: 32,  Completed: 142 [  16m 34s  ] 
INFO:  Idle: 61,  Running: 32,  Completed: 143 [  16m 44s  ] 
INFO:  Idle: 60,  Running: 32,  Completed: 144 [  16m 49s  ] 
INFO:  Idle: 59,  Running: 32,  Completed: 145 [  17m 19s  ] 
INFO:  Idle: 58,  Running: 32,  Completed: 146 [  17m 22s  ] 
INFO:  Idle: 57,  Running: 32,  Completed: 147 [  17m 25s  ] 
INFO:  Idle: 56,  Running: 32,  Completed: 148 [  17m 26s  ] 
INFO:  Idle: 55,  Running: 32,  Completed: 149 [  17m 27s  ] 
INFO:  Idle: 54,  Running: 32,  Completed: 150 [  17m 40s  ] 
INFO:  Idle: 53,  Running: 32,  Completed: 151 [  17m 41s  ] 
INFO:  Idle: 52,  Running: 32,  Completed: 152 [  18m 15s  ] 
INFO:  Idle: 51,  Running: 32,  Completed: 153 [  18m 16s  ] 
INFO:  Idle: 50,  Running: 32,  Completed: 154 [  18m 27s  ] 
INFO:  Idle: 49,  Running: 32,  Completed: 155 [  18m 32s  ] 
INFO:  Idle: 48,  Running: 32,  Completed: 156 [  18m 45s  ] 
INFO:  Idle: 47,  Running: 32,  Completed: 157 [  18m 56s  ] 
INFO:  Idle: 46,  Running: 32,  Completed: 158 [  19m 7s  ] 
INFO:  Idle: 45,  Running: 32,  Completed: 159 [  19m 15s  ] 
INFO:  Idle: 44,  Running: 32,  Completed: 160 [  19m 26s  ] 
INFO:  Idle: 43,  Running: 32,  Completed: 161 [  19m 27s  ] 
INFO:  Idle: 42,  Running: 32,  Completed: 162 [  19m 51s  ] 
INFO:  Idle: 41,  Running: 32,  Completed: 163 [  20m 0s  ] 
INFO:  Idle: 40,  Running: 32,  Completed: 164 [  20m 7s  ] 
INFO:  Idle: 39,  Running: 32,  Completed: 165 [  20m 9s  ] 
INFO:  Idle: 38,  Running: 32,  Completed: 166 [  20m 17s  ] 
INFO:  Idle: 37,  Running: 32,  Completed: 167 [  20m 17s  ] 
INFO:  Idle: 36,  Running: 32,  Completed: 168 [  20m 57s  ] 
INFO:  Idle: 35,  Running: 32,  Completed: 169 [  21m 1s  ] 
INFO:  Idle: 34,  Running: 32,  Completed: 170 [  21m 1s  ] 
INFO:  Idle: 33,  Running: 32,  Completed: 171 [  21m 3s  ] 
INFO:  Idle: 32,  Running: 32,  Completed: 172 [  21m 18s  ] 
INFO:  Idle: 31,  Running: 32,  Completed: 173 [  21m 38s  ] 
INFO:  Idle: 30,  Running: 32,  Completed: 174 [  21m 40s  ] 
INFO:  Idle: 29,  Running: 32,  Completed: 175 [  21m 44s  ] 
INFO:  Idle: 28,  Running: 32,  Completed: 176 [  21m 51s  ] 
INFO:  Idle: 27,  Running: 32,  Completed: 177 [  21m 52s  ] 
INFO:  Idle: 25,  Running: 32,  Completed: 179 [  22m 3s  ] 
INFO:  Idle: 24,  Running: 32,  Completed: 180 [  22m 5s  ] 
INFO:  Idle: 23,  Running: 32,  Completed: 181 [  22m 9s  ] 
INFO:  Idle: 22,  Running: 32,  Completed: 182 [  22m 9s  ] 
INFO:  Idle: 21,  Running: 32,  Completed: 183 [  22m 11s  ] 
INFO:  Idle: 20,  Running: 32,  Completed: 184 [  22m 16s  ] 
INFO:  Idle: 19,  Running: 32,  Completed: 185 [  22m 22s  ] 
INFO:  Idle: 18,  Running: 32,  Completed: 186 [  22m 25s  ] 
INFO:  Idle: 17,  Running: 32,  Completed: 187 [  22m 45s  ] 
INFO:  Idle: 16,  Running: 32,  Completed: 188 [  23m 14s  ] 
INFO:  Idle: 15,  Running: 32,  Completed: 189 [  23m 15s  ] 
INFO:  Idle: 14,  Running: 32,  Completed: 190 [  23m 15s  ] 
INFO:  Idle: 13,  Running: 32,  Completed: 191 [  23m 31s  ] 
INFO:  Idle: 12,  Running: 32,  Completed: 192 [  23m 38s  ] 
INFO:  Idle: 11,  Running: 32,  Completed: 193 [  23m 41s  ] 
INFO:  Idle: 10,  Running: 32,  Completed: 194 [  24m 16s  ] 
INFO:  Idle: 9,  Running: 32,  Completed: 195 [  24m 18s  ] 
INFO:  Idle: 8,  Running: 32,  Completed: 196 [  24m 41s  ] 
INFO:  Idle: 7,  Running: 32,  Completed: 197 [  25m 12s  ] 
INFO:  Idle: 6,  Running: 32,  Completed: 198 [  25m 28s  ] 
INFO:  Idle: 5,  Running: 32,  Completed: 199 [  25m 29s  ] 
INFO:  Idle: 4,  Running: 32,  Completed: 200 [  25m 38s  ] 
INFO:  Idle: 3,  Running: 32,  Completed: 201 [  25m 44s  ] 
INFO:  Idle: 2,  Running: 32,  Completed: 202 [  25m 46s  ] 
INFO:  Idle: 1,  Running: 32,  Completed: 203 [  25m 50s  ] 
INFO:  Idle: 0,  Running: 32,  Completed: 204 [  25m 50s  ] 
INFO:  Idle: 0,  Running: 31,  Completed: 205 [  25m 56s  ] 
INFO:  Idle: 0,  Running: 30,  Completed: 206 [  26m 6s  ] 
INFO:  Idle: 0,  Running: 29,  Completed: 207 [  26m 7s  ] 
INFO:  Idle: 0,  Running: 28,  Completed: 208 [  26m 16s  ] 
INFO:  Idle: 0,  Running: 27,  Completed: 209 [  26m 28s  ] 
INFO:  Idle: 0,  Running: 26,  Completed: 210 [  26m 29s  ] 
INFO:  Idle: 0,  Running: 25,  Completed: 211 [  26m 30s  ] 
INFO:  Idle: 0,  Running: 24,  Completed: 212 [  26m 34s  ] 
INFO:  Idle: 0,  Running: 23,  Completed: 213 [  26m 38s  ] 
INFO:  Idle: 0,  Running: 22,  Completed: 214 [  26m 38s  ] 
INFO:  Idle: 0,  Running: 21,  Completed: 215 [  26m 43s  ] 
INFO:  Idle: 0,  Running: 20,  Completed: 216 [  26m 45s  ] 
INFO:  Idle: 0,  Running: 19,  Completed: 217 [  26m 50s  ] 
INFO:  Idle: 0,  Running: 18,  Completed: 218 [  26m 57s  ] 
INFO:  Idle: 0,  Running: 17,  Completed: 219 [  26m 58s  ] 
INFO:  Idle: 0,  Running: 16,  Completed: 220 [  27m 13s  ] 
INFO:  Idle: 0,  Running: 15,  Completed: 221 [  27m 19s  ] 
INFO:  Idle: 0,  Running: 14,  Completed: 222 [  27m 22s  ] 
INFO:  Idle: 0,  Running: 13,  Completed: 223 [  27m 47s  ] 
INFO:  Idle: 0,  Running: 12,  Completed: 224 [  27m 57s  ] 
INFO:  Idle: 0,  Running: 11,  Completed: 225 [  28m 9s  ] 
INFO:  Idle: 0,  Running: 10,  Completed: 226 [  28m 15s  ] 
INFO:  Idle: 0,  Running: 9,  Completed: 227 [  28m 23s  ] 
INFO:  Idle: 0,  Running: 8,  Completed: 228 [  28m 32s  ] 
INFO:  Idle: 0,  Running: 7,  Completed: 229 [  29m 5s  ] 
INFO:  Idle: 0,  Running: 6,  Completed: 230 [  29m 41s  ] 
INFO:  Idle: 0,  Running: 5,  Completed: 231 [  29m 44s  ] 
INFO:  Idle: 0,  Running: 4,  Completed: 232 [  29m 45s  ] 
INFO:  Idle: 0,  Running: 3,  Completed: 233 [  29m 50s  ] 
INFO:  Idle: 0,  Running: 2,  Completed: 234 [  30m 3s  ] 
INFO:  Idle: 0,  Running: 1,  Completed: 235 [  30m 15s  ] 
INFO:  Idle: 0,  Running: 0,  Completed: 236 [  31m 54s  ] 
INFO: Determining the number of unweighted events per channel

      Intermediate results:
      Random seed: 33
      Total cross section:      2.042e+00 +- 1.0e-02 pb
      Total abs(cross section): 3.603e+00 +- 1.2e-02 pb 

 
INFO: Computing upper envelope 
INFO:  Idle: 204,  Running: 32,  Completed: 0 [ current time: 08h08 ] 
INFO:  Idle: 203,  Running: 32,  Completed: 1 [  20.2s  ] 
INFO:  Idle: 201,  Running: 32,  Completed: 3 [  20.9s  ] 
INFO:  Idle: 200,  Running: 32,  Completed: 4 [  20.9s  ] 
INFO:  Idle: 199,  Running: 32,  Completed: 5 [  21.8s  ] 
INFO:  Idle: 198,  Running: 32,  Completed: 6 [  22.4s  ] 
INFO:  Idle: 197,  Running: 32,  Completed: 7 [  23.4s  ] 
INFO:  Idle: 196,  Running: 32,  Completed: 8 [  23.6s  ] 
INFO:  Idle: 195,  Running: 32,  Completed: 9 [  23.8s  ] 
INFO:  Idle: 193,  Running: 32,  Completed: 11 [  24.2s  ] 
INFO:  Idle: 192,  Running: 32,  Completed: 12 [  25s  ] 
INFO:  Idle: 191,  Running: 32,  Completed: 13 [  25.6s  ] 
INFO:  Idle: 190,  Running: 32,  Completed: 14 [  26.2s  ] 
INFO:  Idle: 189,  Running: 32,  Completed: 15 [  27s  ] 
INFO:  Idle: 187,  Running: 32,  Completed: 17 [  27.1s  ] 
INFO:  Idle: 186,  Running: 32,  Completed: 18 [  28.2s  ] 
INFO:  Idle: 185,  Running: 32,  Completed: 19 [  28.7s  ] 
INFO:  Idle: 184,  Running: 32,  Completed: 20 [  29s  ] 
INFO:  Idle: 182,  Running: 32,  Completed: 22 [  1m 22s  ] 
INFO:  Idle: 181,  Running: 32,  Completed: 23 [  1m 48s  ] 
INFO:  Idle: 180,  Running: 32,  Completed: 24 [  2m 32s  ] 
INFO:  Idle: 179,  Running: 32,  Completed: 25 [  2m 38s  ] 
INFO:  Idle: 178,  Running: 32,  Completed: 26 [  2m 43s  ] 
INFO:  Idle: 177,  Running: 32,  Completed: 27 [  2m 46s  ] 
INFO:  Idle: 176,  Running: 32,  Completed: 28 [  2m 47s  ] 
INFO:  Idle: 175,  Running: 32,  Completed: 29 [  2m 49s  ] 
INFO:  Idle: 174,  Running: 32,  Completed: 30 [  2m 49s  ] 
INFO:  Idle: 173,  Running: 32,  Completed: 31 [  2m 51s  ] 
INFO:  Idle: 172,  Running: 32,  Completed: 32 [  2m 54s  ] 
INFO:  Idle: 171,  Running: 32,  Completed: 33 [  2m 59s  ] 
INFO:  Idle: 170,  Running: 32,  Completed: 34 [  3m 0s  ] 
INFO:  Idle: 169,  Running: 32,  Completed: 35 [  3m 3s  ] 
INFO:  Idle: 168,  Running: 32,  Completed: 36 [  3m 5s  ] 
INFO:  Idle: 167,  Running: 32,  Completed: 37 [  3m 28s  ] 
INFO:  Idle: 166,  Running: 32,  Completed: 38 [  3m 29s  ] 
INFO:  Idle: 165,  Running: 32,  Completed: 39 [  3m 32s  ] 
INFO:  Idle: 163,  Running: 32,  Completed: 41 [  3m 39s  ] 
INFO:  Idle: 162,  Running: 32,  Completed: 42 [  3m 42s  ] 
INFO:  Idle: 161,  Running: 32,  Completed: 43 [  3m 43s  ] 
INFO:  Idle: 160,  Running: 32,  Completed: 44 [  4m 8s  ] 
INFO:  Idle: 159,  Running: 32,  Completed: 45 [  4m 13s  ] 
INFO:  Idle: 158,  Running: 32,  Completed: 46 [  4m 20s  ] 
INFO:  Idle: 157,  Running: 32,  Completed: 47 [  4m 47s  ] 
INFO:  Idle: 156,  Running: 32,  Completed: 48 [  4m 52s  ] 
INFO:  Idle: 155,  Running: 32,  Completed: 49 [  4m 53s  ] 
INFO:  Idle: 154,  Running: 32,  Completed: 50 [  5m 1s  ] 
INFO:  Idle: 153,  Running: 32,  Completed: 51 [  5m 21s  ] 
INFO:  Idle: 152,  Running: 32,  Completed: 52 [  5m 40s  ] 
INFO:  Idle: 151,  Running: 32,  Completed: 53 [  5m 40s  ] 
INFO:  Idle: 149,  Running: 32,  Completed: 55 [  5m 49s  ] 
INFO:  Idle: 148,  Running: 32,  Completed: 56 [  5m 56s  ] 
INFO:  Idle: 147,  Running: 32,  Completed: 57 [  6m 3s  ] 
INFO:  Idle: 146,  Running: 32,  Completed: 58 [  6m 4s  ] 
INFO:  Idle: 144,  Running: 32,  Completed: 60 [  6m 8s  ] 
INFO:  Idle: 143,  Running: 32,  Completed: 61 [  6m 18s  ] 
INFO:  Idle: 142,  Running: 32,  Completed: 62 [  6m 25s  ] 
INFO:  Idle: 141,  Running: 32,  Completed: 63 [  6m 42s  ] 
INFO:  Idle: 140,  Running: 32,  Completed: 64 [  7m 12s  ] 
INFO:  Idle: 139,  Running: 32,  Completed: 65 [  7m 16s  ] 
INFO:  Idle: 138,  Running: 32,  Completed: 66 [  7m 24s  ] 
INFO:  Idle: 137,  Running: 32,  Completed: 67 [  7m 51s  ] 
INFO:  Idle: 136,  Running: 32,  Completed: 68 [  7m 57s  ] 
INFO:  Idle: 135,  Running: 32,  Completed: 69 [  7m 57s  ] 
INFO:  Idle: 134,  Running: 32,  Completed: 70 [  8m 0s  ] 
INFO:  Idle: 133,  Running: 32,  Completed: 71 [  8m 0s  ] 
INFO:  Idle: 132,  Running: 32,  Completed: 72 [  8m 17s  ] 
INFO:  Idle: 131,  Running: 32,  Completed: 73 [  8m 18s  ] 
INFO:  Idle: 130,  Running: 32,  Completed: 74 [  8m 23s  ] 
INFO:  Idle: 129,  Running: 32,  Completed: 75 [  8m 25s  ] 
INFO:  Idle: 128,  Running: 32,  Completed: 76 [  8m 27s  ] 
INFO:  Idle: 127,  Running: 32,  Completed: 77 [  8m 32s  ] 
INFO:  Idle: 126,  Running: 32,  Completed: 78 [  8m 41s  ] 
INFO:  Idle: 125,  Running: 32,  Completed: 79 [  8m 43s  ] 
INFO:  Idle: 124,  Running: 32,  Completed: 80 [  8m 44s  ] 
INFO:  Idle: 123,  Running: 32,  Completed: 81 [  8m 57s  ] 
INFO:  Idle: 122,  Running: 32,  Completed: 82 [  10m 19s  ] 
INFO:  Idle: 121,  Running: 32,  Completed: 83 [  10m 26s  ] 
INFO:  Idle: 120,  Running: 32,  Completed: 84 [  10m 32s  ] 
INFO:  Idle: 119,  Running: 32,  Completed: 85 [  10m 41s  ] 
INFO:  Idle: 118,  Running: 32,  Completed: 86 [  10m 43s  ] 
INFO:  Idle: 117,  Running: 32,  Completed: 87 [  10m 43s  ] 
INFO:  Idle: 116,  Running: 32,  Completed: 88 [  10m 44s  ] 
INFO:  Idle: 115,  Running: 32,  Completed: 89 [  10m 47s  ] 
INFO:  Idle: 114,  Running: 32,  Completed: 90 [  10m 48s  ] 
INFO:  Idle: 113,  Running: 32,  Completed: 91 [  10m 49s  ] 
INFO:  Idle: 112,  Running: 32,  Completed: 92 [  10m 51s  ] 
INFO:  Idle: 111,  Running: 32,  Completed: 93 [  10m 53s  ] 
INFO:  Idle: 110,  Running: 32,  Completed: 94 [  11m 2s  ] 
INFO:  Idle: 109,  Running: 32,  Completed: 95 [  11m 10s  ] 
INFO:  Idle: 108,  Running: 32,  Completed: 96 [  12m 23s  ] 
INFO:  Idle: 107,  Running: 32,  Completed: 97 [  12m 37s  ] 
INFO:  Idle: 106,  Running: 32,  Completed: 98 [  12m 42s  ] 
INFO:  Idle: 105,  Running: 32,  Completed: 99 [  12m 56s  ] 
INFO:  Idle: 104,  Running: 32,  Completed: 100 [  13m 2s  ] 
INFO:  Idle: 103,  Running: 32,  Completed: 101 [  13m 11s  ] 
INFO:  Idle: 102,  Running: 32,  Completed: 102 [  13m 16s  ] 
INFO:  Idle: 101,  Running: 32,  Completed: 103 [  13m 21s  ] 
INFO:  Idle: 100,  Running: 32,  Completed: 104 [  13m 22s  ] 
INFO:  Idle: 99,  Running: 32,  Completed: 105 [  13m 34s  ] 
INFO:  Idle: 98,  Running: 32,  Completed: 106 [  13m 34s  ] 
INFO:  Idle: 97,  Running: 32,  Completed: 107 [  13m 47s  ] 
INFO:  Idle: 96,  Running: 32,  Completed: 108 [  13m 48s  ] 
INFO:  Idle: 95,  Running: 32,  Completed: 109 [  13m 48s  ] 
INFO:  Idle: 94,  Running: 32,  Completed: 110 [  13m 54s  ] 
INFO:  Idle: 93,  Running: 32,  Completed: 111 [  14m 15s  ] 
INFO:  Idle: 92,  Running: 32,  Completed: 112 [  15m 30s  ] 
INFO:  Idle: 91,  Running: 32,  Completed: 113 [  15m 45s  ] 
INFO:  Idle: 90,  Running: 32,  Completed: 114 [  15m 46s  ] 
INFO:  Idle: 89,  Running: 32,  Completed: 115 [  15m 49s  ] 
INFO:  Idle: 88,  Running: 32,  Completed: 116 [  15m 54s  ] 
INFO:  Idle: 87,  Running: 32,  Completed: 117 [  16m 2s  ] 
INFO:  Idle: 86,  Running: 32,  Completed: 118 [  16m 5s  ] 
INFO:  Idle: 85,  Running: 32,  Completed: 119 [  16m 8s  ] 
INFO:  Idle: 84,  Running: 32,  Completed: 120 [  16m 12s  ] 
INFO:  Idle: 83,  Running: 32,  Completed: 121 [  16m 14s  ] 
INFO:  Idle: 82,  Running: 32,  Completed: 122 [  16m 16s  ] 
INFO:  Idle: 81,  Running: 32,  Completed: 123 [  16m 23s  ] 
INFO:  Idle: 80,  Running: 32,  Completed: 124 [  16m 34s  ] 
INFO:  Idle: 79,  Running: 32,  Completed: 125 [  17m 45s  ] 
INFO:  Idle: 78,  Running: 32,  Completed: 126 [  19m 5s  ] 
INFO:  Idle: 77,  Running: 32,  Completed: 127 [  19m 6s  ] 
INFO:  Idle: 76,  Running: 32,  Completed: 128 [  19m 20s  ] 
INFO:  Idle: 75,  Running: 32,  Completed: 129 [  19m 35s  ] 
INFO:  Idle: 74,  Running: 32,  Completed: 130 [  19m 38s  ] 
INFO:  Idle: 73,  Running: 32,  Completed: 131 [  19m 42s  ] 
INFO:  Idle: 72,  Running: 32,  Completed: 132 [  19m 52s  ] 
INFO:  Idle: 71,  Running: 32,  Completed: 133 [  19m 55s  ] 
INFO:  Idle: 70,  Running: 32,  Completed: 134 [  20m 7s  ] 
INFO:  Idle: 69,  Running: 32,  Completed: 135 [  20m 17s  ] 
INFO:  Idle: 68,  Running: 32,  Completed: 136 [  20m 36s  ] 
INFO:  Idle: 67,  Running: 32,  Completed: 137 [  21m 26s  ] 
INFO:  Idle: 66,  Running: 32,  Completed: 138 [  21m 47s  ] 
INFO:  Idle: 65,  Running: 32,  Completed: 139 [  21m 57s  ] 
INFO:  Idle: 64,  Running: 32,  Completed: 140 [  22m 20s  ] 
INFO:  Idle: 63,  Running: 32,  Completed: 141 [  22m 24s  ] 
INFO:  Idle: 62,  Running: 32,  Completed: 142 [  22m 38s  ] 
INFO:  Idle: 61,  Running: 32,  Completed: 143 [  22m 40s  ] 
INFO:  Idle: 60,  Running: 32,  Completed: 144 [  22m 42s  ] 
INFO:  Idle: 59,  Running: 32,  Completed: 145 [  22m 47s  ] 
INFO:  Idle: 58,  Running: 32,  Completed: 146 [  22m 49s  ] 
INFO:  Idle: 57,  Running: 32,  Completed: 147 [  23m 20s  ] 
INFO:  Idle: 56,  Running: 32,  Completed: 148 [  23m 48s  ] 
INFO:  Idle: 55,  Running: 32,  Completed: 149 [  24m 26s  ] 
INFO:  Idle: 54,  Running: 32,  Completed: 150 [  24m 26s  ] 
INFO:  Idle: 53,  Running: 32,  Completed: 151 [  24m 41s  ] 
INFO:  Idle: 52,  Running: 32,  Completed: 152 [  24m 56s  ] 
INFO:  Idle: 51,  Running: 32,  Completed: 153 [  25m 3s  ] 
INFO:  Idle: 50,  Running: 32,  Completed: 154 [  25m 6s  ] 
INFO:  Idle: 49,  Running: 32,  Completed: 155 [  25m 14s  ] 
INFO:  Idle: 48,  Running: 32,  Completed: 156 [  25m 17s  ] 
INFO:  Idle: 47,  Running: 32,  Completed: 157 [  27m 8s  ] 
INFO:  Idle: 46,  Running: 32,  Completed: 158 [  27m 37s  ] 
INFO:  Idle: 45,  Running: 32,  Completed: 159 [  27m 41s  ] 
INFO:  Idle: 44,  Running: 32,  Completed: 160 [  27m 45s  ] 
INFO:  Idle: 43,  Running: 32,  Completed: 161 [  28m 0s  ] 
INFO:  Idle: 42,  Running: 32,  Completed: 162 [  28m 10s  ] 
INFO:  Idle: 41,  Running: 32,  Completed: 163 [  28m 22s  ] 
INFO:  Idle: 40,  Running: 32,  Completed: 164 [  28m 26s  ] 
INFO:  Idle: 39,  Running: 32,  Completed: 165 [  28m 27s  ] 
INFO:  Idle: 38,  Running: 32,  Completed: 166 [  28m 31s  ] 
INFO:  Idle: 37,  Running: 32,  Completed: 167 [  29m 39s  ] 
INFO:  Idle: 36,  Running: 32,  Completed: 168 [  30m 12s  ] 
INFO:  Idle: 35,  Running: 32,  Completed: 169 [  30m 16s  ] 
INFO:  Idle: 34,  Running: 32,  Completed: 170 [  30m 34s  ] 
INFO:  Idle: 33,  Running: 32,  Completed: 171 [  30m 34s  ] 
INFO:  Idle: 32,  Running: 32,  Completed: 172 [  30m 35s  ] 
INFO:  Idle: 31,  Running: 32,  Completed: 173 [  30m 38s  ] 
INFO:  Idle: 30,  Running: 32,  Completed: 174 [  31m 36s  ] 
INFO:  Idle: 29,  Running: 32,  Completed: 175 [  31m 42s  ] 
INFO:  Idle: 28,  Running: 32,  Completed: 176 [  31m 46s  ] 
INFO:  Idle: 27,  Running: 32,  Completed: 177 [  32m 1s  ] 
INFO:  Idle: 26,  Running: 32,  Completed: 178 [  32m 32s  ] 
INFO:  Idle: 25,  Running: 32,  Completed: 179 [  32m 33s  ] 
INFO:  Idle: 24,  Running: 32,  Completed: 180 [  32m 48s  ] 
INFO:  Idle: 23,  Running: 32,  Completed: 181 [  32m 49s  ] 
INFO:  Idle: 22,  Running: 32,  Completed: 182 [  32m 58s  ] 
INFO:  Idle: 21,  Running: 32,  Completed: 183 [  33m 18s  ] 
INFO:  Idle: 20,  Running: 32,  Completed: 184 [  33m 22s  ] 
INFO:  Idle: 19,  Running: 32,  Completed: 185 [  33m 47s  ] 
INFO:  Idle: 18,  Running: 32,  Completed: 186 [  33m 53s  ] 
INFO:  Idle: 17,  Running: 32,  Completed: 187 [  33m 53s  ] 
INFO:  Idle: 16,  Running: 32,  Completed: 188 [  34m 30s  ] 
INFO:  Idle: 15,  Running: 32,  Completed: 189 [  34m 34s  ] 
INFO:  Idle: 14,  Running: 32,  Completed: 190 [  34m 38s  ] 
INFO:  Idle: 13,  Running: 32,  Completed: 191 [  35m 1s  ] 
INFO:  Idle: 12,  Running: 32,  Completed: 192 [  35m 49s  ] 
INFO:  Idle: 11,  Running: 32,  Completed: 193 [  36m 4s  ] 
INFO:  Idle: 10,  Running: 32,  Completed: 194 [  36m 22s  ] 
INFO:  Idle: 9,  Running: 32,  Completed: 195 [  36m 42s  ] 
INFO:  Idle: 8,  Running: 32,  Completed: 196 [  37m 1s  ] 
INFO:  Idle: 7,  Running: 32,  Completed: 197 [  37m 8s  ] 
INFO:  Idle: 6,  Running: 32,  Completed: 198 [  37m 15s  ] 
INFO:  Idle: 5,  Running: 32,  Completed: 199 [  37m 18s  ] 
INFO:  Idle: 4,  Running: 32,  Completed: 200 [  37m 19s  ] 
INFO:  Idle: 3,  Running: 32,  Completed: 201 [  37m 21s  ] 
INFO:  Idle: 2,  Running: 32,  Completed: 202 [  37m 28s  ] 
INFO:  Idle: 1,  Running: 32,  Completed: 203 [  38m 10s  ] 
INFO:  Idle: 0,  Running: 32,  Completed: 204 [  38m 27s  ] 
INFO:  Idle: 0,  Running: 31,  Completed: 205 [  38m 55s  ] 
INFO:  Idle: 0,  Running: 30,  Completed: 206 [  39m 1s  ] 
INFO:  Idle: 0,  Running: 29,  Completed: 207 [  39m 15s  ] 
INFO:  Idle: 0,  Running: 28,  Completed: 208 [  39m 22s  ] 
INFO:  Idle: 0,  Running: 27,  Completed: 209 [  39m 24s  ] 
INFO:  Idle: 0,  Running: 26,  Completed: 210 [  39m 25s  ] 
INFO:  Idle: 0,  Running: 25,  Completed: 211 [  39m 38s  ] 
INFO:  Idle: 0,  Running: 24,  Completed: 212 [  40m 6s  ] 
INFO:  Idle: 0,  Running: 23,  Completed: 213 [  40m 10s  ] 
INFO:  Idle: 0,  Running: 22,  Completed: 214 [  40m 16s  ] 
INFO:  Idle: 0,  Running: 21,  Completed: 215 [  40m 26s  ] 
INFO:  Idle: 0,  Running: 20,  Completed: 216 [  40m 46s  ] 
INFO:  Idle: 0,  Running: 19,  Completed: 217 [  40m 52s  ] 
INFO:  Idle: 0,  Running: 18,  Completed: 218 [  41m 7s  ] 
INFO:  Idle: 0,  Running: 17,  Completed: 219 [  41m 40s  ] 
INFO:  Idle: 0,  Running: 16,  Completed: 220 [  42m 28s  ] 
INFO:  Idle: 0,  Running: 15,  Completed: 221 [  44m 33s  ] 
INFO:  Idle: 0,  Running: 14,  Completed: 222 [  44m 43s  ] 
INFO:  Idle: 0,  Running: 13,  Completed: 223 [  45m 14s  ] 
INFO:  Idle: 0,  Running: 12,  Completed: 224 [  45m 29s  ] 
INFO:  Idle: 0,  Running: 11,  Completed: 225 [  45m 52s  ] 
INFO:  Idle: 0,  Running: 10,  Completed: 226 [  46m 8s  ] 
INFO:  Idle: 0,  Running: 9,  Completed: 227 [  46m 43s  ] 
INFO:  Idle: 0,  Running: 8,  Completed: 228 [  47m 50s  ] 
INFO:  Idle: 0,  Running: 7,  Completed: 229 [  48m 54s  ] 
INFO:  Idle: 0,  Running: 6,  Completed: 230 [  51m 21s  ] 
INFO:  Idle: 0,  Running: 5,  Completed: 231 [  53m 28s  ] 
INFO:  Idle: 0,  Running: 4,  Completed: 232 [  58m 22s  ] 
INFO:  Idle: 0,  Running: 3,  Completed: 233 [  58m 30s  ] 
INFO:  Idle: 0,  Running: 2,  Completed: 234 [  1h 4m  ] 
INFO:  Idle: 0,  Running: 1,  Completed: 235 [  1h 8m  ] 
INFO:  Idle: 0,  Running: 0,  Completed: 236 [  1h 10m  ] 
INFO: Updating the number of unweighted events per channel

      Intermediate results:
      Random seed: 33
      Total cross section:      2.036e+00 +- 2.9e-03 pb
      Total abs(cross section): 3.659e+00 +- 3.2e-03 pb 

 
INFO: Generating events 
INFO:  Idle: 45,  Running: 32,  Completed: 4 [ current time: 09h18 ] 
INFO:  Idle: 44,  Running: 32,  Completed: 5 [  0.18s  ] 
INFO:  Idle: 43,  Running: 32,  Completed: 6 [  0.19s  ] 
INFO:  Idle: 42,  Running: 32,  Completed: 7 [  0.2s  ] 
INFO:  Idle: 41,  Running: 32,  Completed: 8 [  0.22s  ] 
INFO:  Idle: 40,  Running: 32,  Completed: 9 [  0.45s  ] 
INFO:  Idle: 38,  Running: 32,  Completed: 11 [  0.72s  ] 
INFO:  Idle: 37,  Running: 32,  Completed: 12 [  1.6s  ] 
INFO:  Idle: 36,  Running: 32,  Completed: 13 [  1.8s  ] 
INFO:  Idle: 35,  Running: 32,  Completed: 14 [  1.9s  ] 
INFO:  Idle: 34,  Running: 32,  Completed: 15 [  1.9s  ] 
INFO:  Idle: 33,  Running: 32,  Completed: 16 [  1.9s  ] 
INFO:  Idle: 32,  Running: 32,  Completed: 17 [  2s  ] 
INFO:  Idle: 31,  Running: 32,  Completed: 18 [  2s  ] 
INFO:  Idle: 30,  Running: 32,  Completed: 19 [  2.2s  ] 
INFO:  Idle: 29,  Running: 32,  Completed: 20 [  2.3s  ] 
INFO:  Idle: 28,  Running: 32,  Completed: 21 [  2.3s  ] 
INFO:  Idle: 27,  Running: 32,  Completed: 22 [  2.6s  ] 
INFO:  Idle: 26,  Running: 32,  Completed: 23 [  2.7s  ] 
INFO:  Idle: 25,  Running: 32,  Completed: 24 [  2.8s  ] 
INFO:  Idle: 24,  Running: 32,  Completed: 25 [  2.8s  ] 
INFO:  Idle: 22,  Running: 32,  Completed: 27 [  2.8s  ] 
INFO:  Idle: 20,  Running: 32,  Completed: 29 [  2.9s  ] 
INFO:  Idle: 19,  Running: 32,  Completed: 30 [  3s  ] 
INFO:  Idle: 18,  Running: 32,  Completed: 31 [  3.2s  ] 
INFO:  Idle: 16,  Running: 32,  Completed: 33 [  3.3s  ] 
INFO:  Idle: 15,  Running: 32,  Completed: 34 [  3.3s  ] 
INFO:  Idle: 14,  Running: 32,  Completed: 35 [  3.3s  ] 
INFO:  Idle: 13,  Running: 32,  Completed: 36 [  3.4s  ] 
INFO:  Idle: 12,  Running: 32,  Completed: 37 [  3.4s  ] 
INFO:  Idle: 11,  Running: 32,  Completed: 38 [  3.5s  ] 
INFO:  Idle: 10,  Running: 32,  Completed: 39 [  3.5s  ] 
INFO:  Idle: 9,  Running: 32,  Completed: 40 [  3.5s  ] 
INFO:  Idle: 8,  Running: 32,  Completed: 41 [  3.6s  ] 
INFO:  Idle: 7,  Running: 32,  Completed: 42 [  3.6s  ] 
INFO:  Idle: 1,  Running: 32,  Completed: 48 [  3.7s  ] 
INFO:  Idle: 0,  Running: 29,  Completed: 52 [  3.8s  ] 
INFO:  Idle: 0,  Running: 27,  Completed: 54 [  3.8s  ] 
INFO:  Idle: 0,  Running: 25,  Completed: 56 [  3.9s  ] 
INFO:  Idle: 0,  Running: 23,  Completed: 58 [  3.9s  ] 
INFO:  Idle: 0,  Running: 21,  Completed: 60 [  3.9s  ] 
INFO:  Idle: 0,  Running: 20,  Completed: 61 [  3.9s  ] 
INFO:  Idle: 0,  Running: 19,  Completed: 62 [  4s  ] 
INFO:  Idle: 0,  Running: 16,  Completed: 65 [  4s  ] 
INFO:  Idle: 0,  Running: 15,  Completed: 66 [  4.1s  ] 
INFO:  Idle: 0,  Running: 14,  Completed: 67 [  4.1s  ] 
INFO:  Idle: 0,  Running: 13,  Completed: 68 [  4.3s  ] 
INFO:  Idle: 0,  Running: 12,  Completed: 69 [  4.6s  ] 
INFO:  Idle: 0,  Running: 11,  Completed: 70 [  4.6s  ] 
INFO:  Idle: 0,  Running: 10,  Completed: 71 [  4.7s  ] 
INFO:  Idle: 0,  Running: 9,  Completed: 72 [  5s  ] 
INFO:  Idle: 0,  Running: 7,  Completed: 74 [  5.1s  ] 
INFO:  Idle: 0,  Running: 6,  Completed: 75 [  5.6s  ] 
INFO:  Idle: 0,  Running: 5,  Completed: 76 [  6.1s  ] 
INFO:  Idle: 0,  Running: 4,  Completed: 77 [  6.6s  ] 
INFO:  Idle: 0,  Running: 3,  Completed: 78 [  7.1s  ] 
INFO:  Idle: 0,  Running: 2,  Completed: 79 [  10.3s  ] 
INFO:  Idle: 0,  Running: 1,  Completed: 80 [  10.7s  ] 
INFO:  Idle: 0,  Running: 0,  Completed: 81 [  12.1s  ] 
INFO:    Doing reweight 
INFO:  Idle: 0,  Running: 0,  Completed: 81 [ current time: 09h18 ] 
INFO: Collecting events 
INFO: 
   --------------------------------------------------------------
      Summary:
      Process p p > ell+ vl w- $$ t t~ H QED=3 [QCD] @0 ; p p > ell+ vl w- j $$ t t~ H QED=3 [QCD] @1
      Run at p-p collider (6500.0 + 6500.0 GeV)
      Number of events generated: 1000
      Total cross section: 2.014e+00 +- 2.9e-03 pb
   --------------------------------------------------------------
 
INFO: The /pool/condor/dir_19850/genproductions/bin/MadGraph5_aMCatNLO/WpWmToLpNujj_01j_aTGC_pTW-150toInf_mWV-150to600_4f_NLO_FXFX/WpWmToLpNujj_01j_aTGC_pTW-150toInf_mWV-150to600_4f_NLO_FXFX_gridpack/work/processtmp/Events/pilotrun/events.lhe.gz file has been generated.
 
INFO: Events generated 
reweight -from_cards
decay_events -from_cards
INFO: Running MadSpin 
INFO: This functionality allows for the decay of resonances 
INFO: in a .lhe file, keeping track of the spin correlation effets. 
INFO: BE AWARE OF THE CURRENT LIMITATIONS: 
INFO:   (1) Only a succession of 2 body decay are currently allowed 
************************************************************
*                                                          *
*           W E L C O M E  to  M A D S P I N               *
*                                                          *
************************************************************
INFO: Extracting the banner ... 
INFO: process: p p > ell+ vl w-  
INFO: options: $$ t t~ H QED=3   
INFO: detected model: EWdim6NLO-no_cmass_cwwwcbcw. Loading... 
save options cluster_local_path
save configuration file to /pool/condor/dir_19850/genproductions/bin/MadGraph5_aMCatNLO/WpWmToLpNujj_01j_aTGC_pTW-150toInf_mWV-150to600_4f_NLO_FXFX/WpWmToLpNujj_01j_aTGC_pTW-150toInf_mWV-150to600_4f_NLO_FXFX_gridpack/work/MG5_aMC_v2_6_5/input/mg5_configuration.txt
save options cluster_queue
save configuration file to /pool/condor/dir_19850/genproductions/bin/MadGraph5_aMCatNLO/WpWmToLpNujj_01j_aTGC_pTW-150toInf_mWV-150to600_4f_NLO_FXFX/WpWmToLpNujj_01j_aTGC_pTW-150toInf_mWV-150to600_4f_NLO_FXFX_gridpack/work/MG5_aMC_v2_6_5/input/mg5_configuration.txt
set lhapdf to /cvmfs/cms.cern.ch/slc7_amd64_gcc700/external/lhapdf/6.2.1-pafccj3/share/LHAPDF/../../bin/lhapdf-config
save options lhapdf
save configuration file to /pool/condor/dir_19850/genproductions/bin/MadGraph5_aMCatNLO/WpWmToLpNujj_01j_aTGC_pTW-150toInf_mWV-150to600_4f_NLO_FXFX/WpWmToLpNujj_01j_aTGC_pTW-150toInf_mWV-150to600_4f_NLO_FXFX_gridpack/work/MG5_aMC_v2_6_5/input/mg5_configuration.txt
set ninja to /pool/condor/dir_19850/genproductions/bin/MadGraph5_aMCatNLO/WpWmToLpNujj_01j_aTGC_pTW-150toInf_mWV-150to600_4f_NLO_FXFX/WpWmToLpNujj_01j_aTGC_pTW-150toInf_mWV-150to600_4f_NLO_FXFX_gridpack/work/MG5_aMC_v2_6_5/HEPTools/lib
save options ninja
save configuration file to /pool/condor/dir_19850/genproductions/bin/MadGraph5_aMCatNLO/WpWmToLpNujj_01j_aTGC_pTW-150toInf_mWV-150to600_4f_NLO_FXFX/WpWmToLpNujj_01j_aTGC_pTW-150toInf_mWV-150to600_4f_NLO_FXFX_gridpack/work/MG5_aMC_v2_6_5/input/mg5_configuration.txt
save options cluster_type
save configuration file to /pool/condor/dir_19850/genproductions/bin/MadGraph5_aMCatNLO/WpWmToLpNujj_01j_aTGC_pTW-150toInf_mWV-150to600_4f_NLO_FXFX/WpWmToLpNujj_01j_aTGC_pTW-150toInf_mWV-150to600_4f_NLO_FXFX_gridpack/work/MG5_aMC_v2_6_5/input/mg5_configuration.txt
save options auto_update
save configuration file to /pool/condor/dir_19850/genproductions/bin/MadGraph5_aMCatNLO/WpWmToLpNujj_01j_aTGC_pTW-150toInf_mWV-150to600_4f_NLO_FXFX/WpWmToLpNujj_01j_aTGC_pTW-150toInf_mWV-150to600_4f_NLO_FXFX_gridpack/work/MG5_aMC_v2_6_5/input/mg5_configuration.txt
set ms_dir ./madspingrid
set Nevents_for_max_weigth 250 # number of events for the estimate of the max. weight
set max_weight_ps_point 400  # number of PS to estimate the maximum for each event
set BW_cut 15
set max_running_process 1
define q = g u c d s u~ c~ d~ s~
define q = g u c d s u~ c~ d~ s~
Defined multiparticle q = g u c d s u~ c~ d~ s~
decay w+ > q q
decay w- > q q
launch
INFO: Will use seed 465109065 
[1;34mWARNING: set the mass of the b-quark to its value in the param_card.dat: 4.7 GeV  [0m
INFO: We need to recalculate the branching fractions for w-,w+ 
INFO: using the FeynRules formula present in the model (arXiv:1402.1178) 
INFO: Restrict model /pool/condor/dir_19850/genproductions/bin/MadGraph5_aMCatNLO/WpWmToLpNujj_01j_aTGC_pTW-150toInf_mWV-150to600_4f_NLO_FXFX/WpWmToLpNujj_01j_aTGC_pTW-150toInf_mWV-150to600_4f_NLO_FXFX_gridpack/work/MG5_aMC_v2_6_5/models/EWdim6NLO with file ../MG5_aMC_v2_6_5/models/EWdim6NLO/restrict_no_cmass_cwwwcbcw.dat . 
INFO: Run "set stdout_level DEBUG" before import for more information. 
INFO:    
INFO: decay channels for w- : ( width = 2.002945 GeV ) 
INFO:        BR                 d1  d2 
INFO:    3.333333e-01            s  c~  
INFO:    3.333333e-01            d  u~  
INFO:    1.111111e-01            ta-  vt~  
INFO:    1.111111e-01            mu-  vm~  
INFO:    1.111111e-01            e-  ve~  
INFO:    
INFO:    
INFO: decay channels for w+ : ( width = 2.002945 GeV ) 
INFO:        BR                 d1  d2 
INFO:    3.333333e-01            s~  c  
INFO:    3.333333e-01            d~  u  
INFO:    1.111111e-01            ta+  vt  
INFO:    1.111111e-01            mu+  vm  
INFO:    1.111111e-01            e+  ve  
INFO:    
INFO: generating the production square matrix element 
INFO: generate p p > ell+ vl w- $$ t t~ H QED=3   @0 --no_warning=duplicate;define pert_QCD = -4 -3 -2 -1 1 2 3 4 21;add process p p > ell+ vl w-  pert_QCD $$ t t~ H QED=3   @0 --no_warning=duplicate;add process p p > ell+ vl w- j $$ t t~ H QED=3   @1 --no_warning=duplicate;define pert_QCD = -4 -3 -2 -1 1 2 3 4 21;add process p p > ell+ vl w- j  pert_QCD $$ t t~ H QED=3   @1 --no_warning=duplicate; 
INFO: Done 216.2 
INFO: generating the full matrix element squared (with decay) 
INFO: generate p p > ell+ vl w- $$ t t~ H QED=3 , w- > q q  QCD=99 @0 --no_warning=duplicate;define pert_QCD = -4 -3 -2 -1 1 2 3 4 21;add process p p > ell+ vl w- pert_QCD $$ t t~ H QED=3 , w- > q q  QCD=99 @0 --no_warning=duplicate;add process p p > ell+ vl w- j $$ t t~ H QED=3 , w- > q q  QCD=99 @1 --no_warning=duplicate;define pert_QCD = -4 -3 -2 -1 1 2 3 4 21;add process p p > ell+ vl w- j pert_QCD $$ t t~ H QED=3 , w- > q q  QCD=99 @1 --no_warning=duplicate; 
INFO: Done 229.4 
INFO: generate matrix element for decay only (1 - > N). 
INFO: output standalone_msF /pool/condor/dir_19850/genproductions/bin/MadGraph5_aMCatNLO/WpWmToLpNujj_01j_aTGC_pTW-150toInf_mWV-150to600_4f_NLO_FXFX/WpWmToLpNujj_01j_aTGC_pTW-150toInf_mWV-150to600_4f_NLO_FXFX_gridpack/work/processtmp/madspingrid/decay_me 
INFO: Done 1.184 
INFO: Compiling code 
INFO: detect independant decays 
INFO:    
INFO:    Estimating the maximum weight     
INFO:    *****************************     
INFO:      Probing the first 250 events 
INFO:      with 400 phase space points 
INFO:    
INFO: Event 1/250 :  0.4s   
INFO: Event 6/250 :  0.88s   
INFO: Event 11/250 :  1.3s   
INFO: Event 16/250 :  2.4s   
INFO: Event 21/250 :  3.2s   
INFO: Event 26/250 :  4.5s   
INFO: Event 31/250 :  5.3s   
INFO: Event 36/250 :  6s   
INFO: Event 41/250 :  7.1s   
INFO: Event 46/250 :  8.7s   
INFO: Event 51/250 :  9.2s   
INFO: Event 56/250 :  10s   
INFO: Event 61/250 :  11s   
INFO: Event 66/250 :  11.4s   
INFO: Event 71/250 :  12.1s   
INFO: Event 76/250 :  12.9s   
INFO: Event 81/250 :  13.4s   
INFO: Event 86/250 :  13.8s   
INFO: Event 91/250 :  15.1s   
INFO: Event 96/250 :  15.6s   
INFO: Event 101/250 :  16.3s   
INFO: Event 106/250 :  16.7s   
INFO: Event 111/250 :  18s   
INFO: Event 116/250 :  19.1s   
INFO: Event 121/250 :  19.7s   
INFO: Event 126/250 :  20.1s   
INFO: Event 131/250 :  20.5s   
INFO: Event 136/250 :  21.9s   
INFO: Event 141/250 :  22.6s   
INFO: Event 146/250 :  23.1s   
INFO: Event 151/250 :  23.8s   
INFO: Event 156/250 :  24.2s   
INFO: Event 161/250 :  25.2s   
INFO: Event 166/250 :  25.9s   
INFO: Event 171/250 :  26.6s   
INFO: Event 176/250 :  27.3s   
INFO: Event 181/250 :  28s   
INFO: Event 186/250 :  29s   
INFO: Event 191/250 :  29.5s   
INFO: Event 196/250 :  30.5s   
INFO: Event 201/250 :  31.2s   
INFO: Event 206/250 :  32.3s   
INFO: Event 211/250 :  32.7s   
INFO: Event 216/250 :  33.7s   
INFO: Event 221/250 :  35.2s   
INFO: Event 226/250 :  36.5s   
INFO: Event 231/250 :  37.2s   
INFO: Event 236/250 :  38s   
INFO: Event 241/250 :  38.4s   
INFO: Event 246/250 :  38.8s   
INFO:   
INFO: Decaying the events...  
INFO: Total number of events written: 1000/1000  
INFO: Average number of trial points per production event: 6.174 
INFO: Branching ratio to allowed decays: 0.666667 
INFO: Number of events with weights larger than max_weight: 0 
INFO: Number of subprocesses 1 
INFO: Number of failures when restoring the Monte Carlo masses: 0  
INFO: The decayed event file has been moved to the following location:  
INFO: /pool/condor/dir_19850/genproductions/bin/MadGraph5_aMCatNLO/WpWmToLpNujj_01j_aTGC_pTW-150toInf_mWV-150to600_4f_NLO_FXFX/WpWmToLpNujj_01j_aTGC_pTW-150toInf_mWV-150to600_4f_NLO_FXFX_gridpack/work/processtmp/Events/pilotrun_decayed_1/events.lhe.gz 
INFO: MadSpin Done 
[1;34mWARNING: You have chosen not to run a parton shower. NLO events without showering are NOT physical.
Please, shower the Les Houches events before using them for physics analyses. [0m
INFO:  
[1;34mWARNING: You are running with FxFx merging enabled.
To be able to merge samples of various multiplicities without double counting,
you have to remove some events after showering 'by hand'.
Please read http://amcatnlo.cern.ch/FxFx_merging.htm for more details. [0m
quit
INFO:  
preparing reweighting step
preparing reweighting step
Running MG5 in debug mode
No module named madgraph
INFO: ************************************************************
*                                                          *
*           W E L C O M E  to  M A D G R A P H 5           *
*                       a M C @ N L O                      *
*                                                          *
*                 *                       *                *
*                   *        * *        *                  *
*                     * * * * 5 * * * *                    *
*                   *        * *        *                  *
*                 *                       *                *
*                                                          *
*         VERSION 5.2.6.5               20xx-xx-xx         *
*                                                          *
*    The MadGraph5_aMC@NLO Development Team - Find us at   *
*                 http://amcatnlo.cern.ch                  *
*                                                          *
*               Type 'help' for in-line help.              *
*                                                          *
************************************************************ 
INFO: load configuration from /pool/condor/dir_19850/genproductions/bin/MadGraph5_aMCatNLO/WpWmToLpNujj_01j_aTGC_pTW-150toInf_mWV-150to600_4f_NLO_FXFX/WpWmToLpNujj_01j_aTGC_pTW-150toInf_mWV-150to600_4f_NLO_FXFX_gridpack/work/processtmp/Cards/amcatnlo_configuration.txt  
INFO: load configuration from /pool/condor/dir_19850/genproductions/bin/MadGraph5_aMCatNLO/WpWmToLpNujj_01j_aTGC_pTW-150toInf_mWV-150to600_4f_NLO_FXFX/WpWmToLpNujj_01j_aTGC_pTW-150toInf_mWV-150to600_4f_NLO_FXFX_gridpack/work/MG5_aMC_v2_6_5/input/mg5_configuration.txt  
INFO: load configuration from /pool/condor/dir_19850/genproductions/bin/MadGraph5_aMCatNLO/WpWmToLpNujj_01j_aTGC_pTW-150toInf_mWV-150to600_4f_NLO_FXFX/WpWmToLpNujj_01j_aTGC_pTW-150toInf_mWV-150to600_4f_NLO_FXFX_gridpack/work/processtmp/Cards/amcatnlo_configuration.txt  
No valid eps viewer found. Please set in ./input/mg5_configuration.txt
No valid web browser found. Please set in ./input/mg5_configuration.txt
reweight pilotrun
Do you want to edit a card (press enter to bypass editing)?
/------------------------------------------------------------\
|  [31m1[0m. reweight : [32mreweight_card.dat[0m                           |
\------------------------------------------------------------/
 you can also
   - enter the path to a valid card.
 [[4m0[0m, done, 1, reweight, enter path][90s to answer] 
>[1;34mrun_card missed argument pt_min_pdg. Takes default: {}[0m
[1;34mrun_card missed argument pt_max_pdg. Takes default: {}[0m
[1;34mrun_card missed argument mxx_min_pdg. Takes default: {}[0m
[1;34mrun_card missed argument pt_min_pdg. Takes default: {}[0m
[1;34mrun_card missed argument pt_max_pdg. Takes default: {}[0m
[1;34mrun_card missed argument mxx_min_pdg. Takes default: {}[0m
[1;34mrun_card missed argument pt_min_pdg. Takes default: {}[0m
[1;34mrun_card missed argument pt_max_pdg. Takes default: {}[0m
[1;34mrun_card missed argument mxx_min_pdg. Takes default: {}[0m
INFO: split the event file in bunch of 100 events 
INFO:  Idle: 0,  Running: 10,  Completed: 0 [  0.023s  ] 
No module named madgraph
/pool/condor/dir_19850/genproductions/bin/MadGraph5_aMCatNLO/WpWmToLpNujj_01j_aTGC_pTW-150toInf_mWV-150to600_4f_NLO_FXFX/WpWmToLpNujj_01j_aTGC_pTW-150toInf_mWV-150to600_4f_NLO_FXFX_gridpack/work/processtmp/bin/internal/me5_logging.conf
INFO: ************************************************************
*                                                          *
*           W E L C O M E  to  M A D G R A P H 5           *
*                       a M C @ N L O                      *
*                                                          *
*                 *                       *                *
*                   *        * *        *                  *
*                     * * * * 5 * * * *                    *
*                   *        * *        *                  *
*                 *                       *                *
*                                                          *
*         VERSION 5.2.6.5               20xx-xx-xx         *
*                                                          *
*    The MadGraph5_aMC@NLO Development Team - Find us at   *
*                 http://amcatnlo.cern.ch                  *
*                                                          *
*               Type 'help' for in-line help.              *
*                                                          *
************************************************************ 
INFO: load configuration from /pool/condor/dir_19850/genproductions/bin/MadGraph5_aMCatNLO/WpWmToLpNujj_01j_aTGC_pTW-150toInf_mWV-150to600_4f_NLO_FXFX/WpWmToLpNujj_01j_aTGC_pTW-150toInf_mWV-150to600_4f_NLO_FXFX_gridpack/work/processtmp/Cards/amcatnlo_configuration.txt  
INFO: load configuration from /pool/condor/dir_19850/genproductions/bin/MadGraph5_aMCatNLO/WpWmToLpNujj_01j_aTGC_pTW-150toInf_mWV-150to600_4f_NLO_FXFX/WpWmToLpNujj_01j_aTGC_pTW-150toInf_mWV-150to600_4f_NLO_FXFX_gridpack/work/MG5_aMC_v2_6_5/input/mg5_configuration.txt  
INFO: load configuration from /pool/condor/dir_19850/genproductions/bin/MadGraph5_aMCatNLO/WpWmToLpNujj_01j_aTGC_pTW-150toInf_mWV-150to600_4f_NLO_FXFX/WpWmToLpNujj_01j_aTGC_pTW-150toInf_mWV-150to600_4f_NLO_FXFX_gridpack/work/processtmp/Cards/amcatnlo_configuration.txt  
No valid eps viewer found. Please set in ./input/mg5_configuration.txt
No valid web browser found. Please set in ./input/mg5_configuration.txt
reweight /pool/condor/dir_19850/genproductions/bin/MadGraph5_aMCatNLO/WpWmToLpNujj_01j_aTGC_pTW-150toInf_mWV-150to600_4f_NLO_FXFX/WpWmToLpNujj_01j_aTGC_pTW-150toInf_mWV-150to600_4f_NLO_FXFX_gridpack/work/processtmp/Events/pilotrun/events.lhe.gz_0.lhe -from_cards --multicore=create
[1;34mrun_card missed argument pt_min_pdg. Takes default: {}[0m
[1;34mrun_card missed argument pt_max_pdg. Takes default: {}[0m
[1;34mrun_card missed argument mxx_min_pdg. Takes default: {}[0m
INFO: Extracting the banner ... 
INFO: process: p p > ell+ vl w-  
INFO: options: $$ t t~ H QED=3   
INFO: Running Reweighting 
change helicity False
change mode LO
change rwgt_dir rwgt
launch --rwgt_name=cwwwm3p6_cwm4p50_cbm20
INFO: detected model: EWdim6NLO-no_cmass_cwwwcbcw. Loading... 
INFO: generating the square matrix element for reweighting 
INFO: generate p p > ell+ vl w- $$ t t~ H QED=3   @0 --no_warning=duplicate;define pert_QCD = -4 -3 -2 -1 1 2 3 4 21;add process p p > ell+ vl w-  pert_QCD $$ t t~ H QED=3   @0 --no_warning=duplicate;define pert_QCD = -4 -3 -2 -1 1 2 3 4 21;add process p p > ell+ vl w- j  pert_QCD $$ t t~ H QED=3   @1 --no_warning=duplicate; 
INFO: Done 209.9 
Do you want to edit a card (press enter to bypass editing)?
/------------------------------------------------------------\
|  [31m1[0m. param : [32mparam_card.dat[0m                                 |
|  [31m9[0m. plot  : [32mplot_card.dat[0m                                  |
\------------------------------------------------------------/
 you can also
   - enter the path to a valid card or banner.
   - use the 'set' command to modify a parameter directly.
     The set option works only for param_card and run_card.
     Type 'help set' for more information on this command.
   - call an external program (ASperGE/MadWidth/...).
     Type 'help' for the list of available command
 [[4m0[0m, done, 1, param, 9, plot, enter path]
>INFO: starts to compute weight for events with the following modification to the param_card: 
INFO: set param_card dim6 1 -3.6 # orig: 3.6
KEEP:set param_card dim6 2 -4.5 # orig: 4.5
KEEP:set param_card dim6 3 -20.0 # orig: 20.0
KEEP: 
INFO: Event nb 0 current time: 09h33 
INFO: Event nb 10 current time: 09h33 
INFO: Event nb 20  0.036s  
INFO: Event nb 30  0.06s  
INFO: Event nb 40  0.08s  
INFO: Event nb 50  0.1s  
INFO: Event nb 60  0.12s  
INFO: Event nb 70  0.13s  
INFO: Event nb 80  0.15s  
INFO: Event nb 90  0.17s  
INFO: All event done  (nb_event: 100)  0.18s  
INFO: Event /pool/condor/dir_19850/genproductions/bin/MadGraph5_aMCatNLO/WpWmToLpNujj_01j_aTGC_pTW-150toInf_mWV-150to600_4f_NLO_FXFX/WpWmToLpNujj_01j_aTGC_pTW-150toInf_mWV-150to600_4f_NLO_FXFX_gridpack/work/processtmp/Events/pilotrun/events.lhe.gz_0.lhe have now the additional weight 
launch --rwgt_name=cwwwm3p6_cwm4p50_cbm10
Do you want to edit a card (press enter to bypass editing)?
/------------------------------------------------------------\
|  [31m1[0m. param : [32mparam_card.dat[0m                                 |
|  [31m9[0m. plot  : [32mplot_card.dat[0m                                  |
\------------------------------------------------------------/
 you can also
   - enter the path to a valid card or banner.
   - use the 'set' command to modify a parameter directly.
     The set option works only for param_card and run_card.
     Type 'help set' for more information on this command.
   - call an external program (ASperGE/MadWidth/...).
     Type 'help' for the list of available command
 [[4m0[0m, done, 1, param, 9, plot, enter path]
>INFO: starts to compute weight for events with the following modification to the param_card: 
INFO: set param_card dim6 1 -3.6 # orig: 3.6
KEEP:set param_card dim6 2 -4.5 # orig: 4.5
KEEP:set param_card dim6 3 -10.0 # orig: 20.0
KEEP: 
INFO: Event nb 0 current time: 09h33 
INFO: Event nb 10 current time: 09h33 
INFO: Event nb 20  0.033s  
INFO: Event nb 30  0.056s  
INFO: Event nb 40  0.075s  
INFO: Event nb 50  0.096s  
INFO: Event nb 60  0.11s  
INFO: Event nb 70  0.13s  
INFO: Event nb 80  0.14s  
INFO: Event nb 90  0.16s  
INFO: All event done  (nb_event: 100)  0.17s  
INFO: Event /pool/condor/dir_19850/genproductions/bin/MadGraph5_aMCatNLO/WpWmToLpNujj_01j_aTGC_pTW-150toInf_mWV-150to600_4f_NLO_FXFX/WpWmToLpNujj_01j_aTGC_pTW-150toInf_mWV-150to600_4f_NLO_FXFX_gridpack/work/processtmp/Events/pilotrun/events.lhe.gz_0.lhe have now the additional weight 
launch --rwgt_name=cwwwm3p6_cwm4p50_cb0
Do you want to edit a card (press enter to bypass editing)?
/------------------------------------------------------------\
|  [31m1[0m. param : [32mparam_card.dat[0m                                 |
|  [31m9[0m. plot  : [32mplot_card.dat[0m                                  |
\------------------------------------------------------------/
 you can also
   - enter the path to a valid card or banner.
   - use the 'set' command to modify a parameter directly.
     The set option works only for param_card and run_card.
     Type 'help set' for more information on this command.
   - call an external program (ASperGE/MadWidth/...).
     Type 'help' for the list of available command
 [[4m0[0m, done, 1, param, 9, plot, enter path]
>INFO: starts to compute weight for events with the following modification to the param_card: 
INFO: set param_card dim6 1 -3.6 # orig: 3.6
KEEP:set param_card dim6 2 -4.5 # orig: 4.5
KEEP:set param_card dim6 3 0.0 # orig: 20.0
KEEP: 
INFO: Event nb 0 current time: 09h33 
INFO: Event nb 10 current time: 09h33 
INFO: Event nb 20  0.029s  
INFO: Event nb 30  0.049s  
INFO: Event nb 40  0.067s  
INFO: Event nb 50  0.083s  
INFO: Event nb 60  0.093s  
INFO: Event nb 70  0.11s  
INFO: Event nb 80  0.12s  
INFO: Event nb 90  0.14s  
INFO: All event done  (nb_event: 100)  0.15s  
INFO: Event /pool/condor/dir_19850/genproductions/bin/MadGraph5_aMCatNLO/WpWmToLpNujj_01j_aTGC_pTW-150toInf_mWV-150to600_4f_NLO_FXFX/WpWmToLpNujj_01j_aTGC_pTW-150toInf_mWV-150to600_4f_NLO_FXFX_gridpack/work/processtmp/Events/pilotrun/events.lhe.gz_0.lhe have now the additional weight 
launch --rwgt_name=cwwwm3p6_cwm4p50_cb10
Do you want to edit a card (press enter to bypass editing)?
/------------------------------------------------------------\
|  [31m1[0m. param : [32mparam_card.dat[0m                                 |
|  [31m9[0m. plot  : [32mplot_card.dat[0m                                  |
\------------------------------------------------------------/
 you can also
   - enter the path to a valid card or banner.
   - use the 'set' command to modify a parameter directly.
     The set option works only for param_card and run_card.
     Type 'help set' for more information on this command.
   - call an external program (ASperGE/MadWidth/...).
     Type 'help' for the list of available command
 [[4m0[0m, done, 1, param, 9, plot, enter path]
>INFO: starts to compute weight for events with the following modification to the param_card: 
INFO: set param_card dim6 1 -3.6 # orig: 3.6
KEEP:set param_card dim6 2 -4.5 # orig: 4.5
KEEP:set param_card dim6 3 10.0 # orig: 20.0
KEEP: 
INFO: Event nb 0 current time: 09h33 
INFO: Event nb 10 current time: 09h33 
INFO: Event nb 20  0.025s  
INFO: Event nb 30  0.041s  
INFO: Event nb 40  0.054s  
INFO: Event nb 50  0.071s  
INFO: Event nb 60  0.081s  
INFO: Event nb 70  0.092s  
INFO: Event nb 80  0.1s  
INFO: Event nb 90  0.12s  
INFO: All event done  (nb_event: 100)  0.13s  
INFO: Event /pool/condor/dir_19850/genproductions/bin/MadGraph5_aMCatNLO/WpWmToLpNujj_01j_aTGC_pTW-150toInf_mWV-150to600_4f_NLO_FXFX/WpWmToLpNujj_01j_aTGC_pTW-150toInf_mWV-150to600_4f_NLO_FXFX_gridpack/work/processtmp/Events/pilotrun/events.lhe.gz_0.lhe have now the additional weight 
launch --rwgt_name=cwwwm3p6_cwm4p50_cb20
Do you want to edit a card (press enter to bypass editing)?
/------------------------------------------------------------\
|  [31m1[0m. param : [32mparam_card.dat[0m                                 |
|  [31m9[0m. plot  : [32mplot_card.dat[0m                                  |
\------------------------------------------------------------/
 you can also
   - enter the path to a valid card or banner.
   - use the 'set' command to modify a parameter directly.
     The set option works only for param_card and run_card.
     Type 'help set' for more information on this command.
   - call an external program (ASperGE/MadWidth/...).
     Type 'help' for the list of available command
 [[4m0[0m, done, 1, param, 9, plot, enter path]
>INFO: starts to compute weight for events with the following modification to the param_card: 
INFO: set param_card dim6 1 -3.6 # orig: 3.6
KEEP:set param_card dim6 2 -4.5 # orig: 4.5
KEEP: 
INFO: Event nb 0 current time: 09h33 
INFO: Event nb 10 current time: 09h33 
INFO: Event nb 20  0.025s  
INFO: Event nb 30  0.038s  
INFO: Event nb 40  0.051s  
INFO: Event nb 50  0.068s  
INFO: Event nb 60  0.078s  
INFO: Event nb 70  0.087s  
INFO: Event nb 80  0.098s  
INFO: Event nb 90  0.11s  
INFO: All event done  (nb_event: 100)  0.12s  
INFO: Event /pool/condor/dir_19850/genproductions/bin/MadGraph5_aMCatNLO/WpWmToLpNujj_01j_aTGC_pTW-150toInf_mWV-150to600_4f_NLO_FXFX/WpWmToLpNujj_01j_aTGC_pTW-150toInf_mWV-150to600_4f_NLO_FXFX_gridpack/work/processtmp/Events/pilotrun/events.lhe.gz_0.lhe have now the additional weight 
launch --rwgt_name=cwwwm3p6_cwm2p25_cbm20
Do you want to edit a card (press enter to bypass editing)?
/------------------------------------------------------------\
|  [31m1[0m. param : [32mparam_card.dat[0m                                 |
|  [31m9[0m. plot  : [32mplot_card.dat[0m                                  |
\------------------------------------------------------------/
 you can also
   - enter the path to a valid card or banner.
   - use the 'set' command to modify a parameter directly.
     The set option works only for param_card and run_card.
     Type 'help set' for more information on this command.
   - call an external program (ASperGE/MadWidth/...).
     Type 'help' for the list of available command
 [[4m0[0m, done, 1, param, 9, plot, enter path]
>INFO: starts to compute weight for events with the following modification to the param_card: 
INFO: set param_card dim6 1 -3.6 # orig: 3.6
KEEP:set param_card dim6 2 -2.25 # orig: 4.5
KEEP:set param_card dim6 3 -20.0 # orig: 20.0
KEEP: 
INFO: Event nb 0 current time: 09h33 
INFO: Event nb 10 current time: 09h33 
INFO: Event nb 20  0.022s  
INFO: Event nb 30  0.033s  
INFO: Event nb 40  0.044s  
INFO: Event nb 50  0.054s  
INFO: Event nb 60  0.064s  
INFO: Event nb 70  0.073s  
INFO: Event nb 80  0.084s  
INFO: Event nb 90  0.096s  
INFO: All event done  (nb_event: 100)  0.11s  
INFO: Event /pool/condor/dir_19850/genproductions/bin/MadGraph5_aMCatNLO/WpWmToLpNujj_01j_aTGC_pTW-150toInf_mWV-150to600_4f_NLO_FXFX/WpWmToLpNujj_01j_aTGC_pTW-150toInf_mWV-150to600_4f_NLO_FXFX_gridpack/work/processtmp/Events/pilotrun/events.lhe.gz_0.lhe have now the additional weight 
launch --rwgt_name=cwwwm3p6_cwm2p25_cbm10
Do you want to edit a card (press enter to bypass editing)?
/------------------------------------------------------------\
|  [31m1[0m. param : [32mparam_card.dat[0m                                 |
|  [31m9[0m. plot  : [32mplot_card.dat[0m                                  |
\------------------------------------------------------------/
 you can also
   - enter the path to a valid card or banner.
   - use the 'set' command to modify a parameter directly.
     The set option works only for param_card and run_card.
     Type 'help set' for more information on this command.
   - call an external program (ASperGE/MadWidth/...).
     Type 'help' for the list of available command
 [[4m0[0m, done, 1, param, 9, plot, enter path]
>INFO: starts to compute weight for events with the following modification to the param_card: 
INFO: set param_card dim6 1 -3.6 # orig: 3.6
KEEP:set param_card dim6 2 -2.25 # orig: 4.5
KEEP:set param_card dim6 3 -10.0 # orig: 20.0
KEEP: 
INFO: Event nb 0 current time: 09h33 
INFO: Event nb 10 current time: 09h33 
INFO: Event nb 20  0.026s  
INFO: Event nb 30  0.037s  
INFO: Event nb 40  0.047s  
INFO: Event nb 50  0.058s  
INFO: Event nb 60  0.067s  
INFO: Event nb 70  0.077s  
INFO: Event nb 80  0.087s  
INFO: Event nb 90  0.1s  
INFO: All event done  (nb_event: 100)  0.11s  
INFO: Event /pool/condor/dir_19850/genproductions/bin/MadGraph5_aMCatNLO/WpWmToLpNujj_01j_aTGC_pTW-150toInf_mWV-150to600_4f_NLO_FXFX/WpWmToLpNujj_01j_aTGC_pTW-150toInf_mWV-150to600_4f_NLO_FXFX_gridpack/work/processtmp/Events/pilotrun/events.lhe.gz_0.lhe have now the additional weight 
launch --rwgt_name=cwwwm3p6_cwm2p25_cb0
Do you want to edit a card (press enter to bypass editing)?
/------------------------------------------------------------\
|  [31m1[0m. param : [32mparam_card.dat[0m                                 |
|  [31m9[0m. plot  : [32mplot_card.dat[0m                                  |
\------------------------------------------------------------/
 you can also
   - enter the path to a valid card or banner.
   - use the 'set' command to modify a parameter directly.
     The set option works only for param_card and run_card.
     Type 'help set' for more information on this command.
   - call an external program (ASperGE/MadWidth/...).
     Type 'help' for the list of available command
 [[4m0[0m, done, 1, param, 9, plot, enter path]
>INFO: starts to compute weight for events with the following modification to the param_card: 
INFO: set param_card dim6 1 -3.6 # orig: 3.6
KEEP:set param_card dim6 2 -2.25 # orig: 4.5
KEEP:set param_card dim6 3 0.0 # orig: 20.0
KEEP: 
INFO: Event nb 0 current time: 09h33 
INFO: Event nb 10 current time: 09h33 
INFO: Event nb 20  0.024s  
INFO: Event nb 30  0.036s  
INFO: Event nb 40  0.047s  
INFO: Event nb 50  0.057s  
INFO: Event nb 60  0.067s  
INFO: Event nb 70  0.077s  
INFO: Event nb 80  0.088s  
INFO: Event nb 90  0.1s  
INFO: All event done  (nb_event: 100)  0.11s  
INFO: Event /pool/condor/dir_19850/genproductions/bin/MadGraph5_aMCatNLO/WpWmToLpNujj_01j_aTGC_pTW-150toInf_mWV-150to600_4f_NLO_FXFX/WpWmToLpNujj_01j_aTGC_pTW-150toInf_mWV-150to600_4f_NLO_FXFX_gridpack/work/processtmp/Events/pilotrun/events.lhe.gz_0.lhe have now the additional weight 
launch --rwgt_name=cwwwm3p6_cwm2p25_cb10
Do you want to edit a card (press enter to bypass editing)?
/------------------------------------------------------------\
|  [31m1[0m. param : [32mparam_card.dat[0m                                 |
|  [31m9[0m. plot  : [32mplot_card.dat[0m                                  |
\------------------------------------------------------------/
 you can also
   - enter the path to a valid card or banner.
   - use the 'set' command to modify a parameter directly.
     The set option works only for param_card and run_card.
     Type 'help set' for more information on this command.
   - call an external program (ASperGE/MadWidth/...).
     Type 'help' for the list of available command
 [[4m0[0m, done, 1, param, 9, plot, enter path]
>INFO: starts to compute weight for events with the following modification to the param_card: 
INFO: set param_card dim6 1 -3.6 # orig: 3.6
KEEP:set param_card dim6 2 -2.25 # orig: 4.5
KEEP:set param_card dim6 3 10.0 # orig: 20.0
KEEP: 
INFO: Event nb 0 current time: 09h33 
INFO: Event nb 10 current time: 09h33 
INFO: Event nb 20  0.024s  
INFO: Event nb 30  0.035s  
INFO: Event nb 40  0.046s  
INFO: Event nb 50  0.057s  
INFO: Event nb 60  0.066s  
INFO: Event nb 70  0.076s  
INFO: Event nb 80  0.086s  
INFO: Event nb 90  0.099s  
INFO: All event done  (nb_event: 100)  0.11s  
INFO: Event /pool/condor/dir_19850/genproductions/bin/MadGraph5_aMCatNLO/WpWmToLpNujj_01j_aTGC_pTW-150toInf_mWV-150to600_4f_NLO_FXFX/WpWmToLpNujj_01j_aTGC_pTW-150toInf_mWV-150to600_4f_NLO_FXFX_gridpack/work/processtmp/Events/pilotrun/events.lhe.gz_0.lhe have now the additional weight 
launch --rwgt_name=cwwwm3p6_cwm2p25_cb20
Do you want to edit a card (press enter to bypass editing)?
/------------------------------------------------------------\
|  [31m1[0m. param : [32mparam_card.dat[0m                                 |
|  [31m9[0m. plot  : [32mplot_card.dat[0m                                  |
\------------------------------------------------------------/
 you can also
   - enter the path to a valid card or banner.
   - use the 'set' command to modify a parameter directly.
     The set option works only for param_card and run_card.
     Type 'help set' for more information on this command.
   - call an external program (ASperGE/MadWidth/...).
     Type 'help' for the list of available command
 [[4m0[0m, done, 1, param, 9, plot, enter path]
>INFO: starts to compute weight for events with the following modification to the param_card: 
INFO: set param_card dim6 1 -3.6 # orig: 3.6
KEEP:set param_card dim6 2 -2.25 # orig: 4.5
KEEP: 
INFO: Event nb 0 current time: 09h33 
INFO: Event nb 10 current time: 09h33 
INFO: Event nb 20  0.034s  
INFO: Event nb 30  0.05s  
INFO: Event nb 40  0.064s  
INFO: Event nb 50  0.075s  
INFO: Event nb 60  0.084s  
INFO: Event nb 70  0.094s  
INFO: Event nb 80  0.1s  
INFO: Event nb 90  0.12s  
INFO: All event done  (nb_event: 100)  0.13s  
INFO: Event /pool/condor/dir_19850/genproductions/bin/MadGraph5_aMCatNLO/WpWmToLpNujj_01j_aTGC_pTW-150toInf_mWV-150to600_4f_NLO_FXFX/WpWmToLpNujj_01j_aTGC_pTW-150toInf_mWV-150to600_4f_NLO_FXFX_gridpack/work/processtmp/Events/pilotrun/events.lhe.gz_0.lhe have now the additional weight 
launch --rwgt_name=cwwwm3p6_cw0p00_cbm20
Do you want to edit a card (press enter to bypass editing)?
/------------------------------------------------------------\
|  [31m1[0m. param : [32mparam_card.dat[0m                                 |
|  [31m9[0m. plot  : [32mplot_card.dat[0m                                  |
\------------------------------------------------------------/
 you can also
   - enter the path to a valid card or banner.
   - use the 'set' command to modify a parameter directly.
     The set option works only for param_card and run_card.
     Type 'help set' for more information on this command.
   - call an external program (ASperGE/MadWidth/...).
     Type 'help' for the list of available command
 [[4m0[0m, done, 1, param, 9, plot, enter path]
>INFO: starts to compute weight for events with the following modification to the param_card: 
INFO: set param_card dim6 1 -3.6 # orig: 3.6
KEEP:set param_card dim6 2 0.0 # orig: 4.5
KEEP:set param_card dim6 3 -20.0 # orig: 20.0
KEEP: 
INFO: Event nb 0 current time: 09h33 
INFO: Event nb 10 current time: 09h33 
INFO: Event nb 20  0.026s  
INFO: Event nb 30  0.043s  
INFO: Event nb 40  0.055s  
INFO: Event nb 50  0.066s  
INFO: Event nb 60  0.076s  
INFO: Event nb 70  0.086s  
INFO: Event nb 80  0.096s  
INFO: Event nb 90  0.11s  
INFO: All event done  (nb_event: 100)  0.12s  
INFO: Event /pool/condor/dir_19850/genproductions/bin/MadGraph5_aMCatNLO/WpWmToLpNujj_01j_aTGC_pTW-150toInf_mWV-150to600_4f_NLO_FXFX/WpWmToLpNujj_01j_aTGC_pTW-150toInf_mWV-150to600_4f_NLO_FXFX_gridpack/work/processtmp/Events/pilotrun/events.lhe.gz_0.lhe have now the additional weight 
launch --rwgt_name=cwwwm3p6_cw0p00_cbm10
Do you want to edit a card (press enter to bypass editing)?
/------------------------------------------------------------\
|  [31m1[0m. param : [32mparam_card.dat[0m                                 |
|  [31m9[0m. plot  : [32mplot_card.dat[0m                                  |
\------------------------------------------------------------/
 you can also
   - enter the path to a valid card or banner.
   - use the 'set' command to modify a parameter directly.
     The set option works only for param_card and run_card.
     Type 'help set' for more information on this command.
   - call an external program (ASperGE/MadWidth/...).
     Type 'help' for the list of available command
 [[4m0[0m, done, 1, param, 9, plot, enter path]
>INFO: starts to compute weight for events with the following modification to the param_card: 
INFO: set param_card dim6 1 -3.6 # orig: 3.6
KEEP:set param_card dim6 2 0.0 # orig: 4.5
KEEP:set param_card dim6 3 -10.0 # orig: 20.0
KEEP: 
INFO: Event nb 0 current time: 09h33 
INFO: Event nb 10 current time: 09h33 
INFO: Event nb 20  0.025s  
INFO: Event nb 30  0.036s  
INFO: Event nb 40  0.047s  
INFO: Event nb 50  0.058s  
INFO: Event nb 60  0.068s  
INFO: Event nb 70  0.078s  
INFO: Event nb 80  0.089s  
INFO: Event nb 90  0.099s  
INFO: All event done  (nb_event: 100)  0.11s  
INFO: Event /pool/condor/dir_19850/genproductions/bin/MadGraph5_aMCatNLO/WpWmToLpNujj_01j_aTGC_pTW-150toInf_mWV-150to600_4f_NLO_FXFX/WpWmToLpNujj_01j_aTGC_pTW-150toInf_mWV-150to600_4f_NLO_FXFX_gridpack/work/processtmp/Events/pilotrun/events.lhe.gz_0.lhe have now the additional weight 
launch --rwgt_name=cwwwm3p6_cw0p00_cb0
Do you want to edit a card (press enter to bypass editing)?
/------------------------------------------------------------\
|  [31m1[0m. param : [32mparam_card.dat[0m                                 |
|  [31m9[0m. plot  : [32mplot_card.dat[0m                                  |
\------------------------------------------------------------/
 you can also
   - enter the path to a valid card or banner.
   - use the 'set' command to modify a parameter directly.
     The set option works only for param_card and run_card.
     Type 'help set' for more information on this command.
   - call an external program (ASperGE/MadWidth/...).
     Type 'help' for the list of available command
 [[4m0[0m, done, 1, param, 9, plot, enter path]
>INFO: starts to compute weight for events with the following modification to the param_card: 
INFO: set param_card dim6 1 -3.6 # orig: 3.6
KEEP:set param_card dim6 2 0.0 # orig: 4.5
KEEP:set param_card dim6 3 0.0 # orig: 20.0
KEEP: 
INFO: Event nb 0 current time: 09h33 
INFO: Event nb 10 current time: 09h33 
INFO: Event nb 20  0.023s  
INFO: Event nb 30  0.035s  
INFO: Event nb 40  0.045s  
INFO: Event nb 50  0.056s  
INFO: Event nb 60  0.066s  
INFO: Event nb 70  0.076s  
INFO: Event nb 80  0.087s  
INFO: Event nb 90  0.097s  
INFO: All event done  (nb_event: 100)  0.11s  
INFO: Event /pool/condor/dir_19850/genproductions/bin/MadGraph5_aMCatNLO/WpWmToLpNujj_01j_aTGC_pTW-150toInf_mWV-150to600_4f_NLO_FXFX/WpWmToLpNujj_01j_aTGC_pTW-150toInf_mWV-150to600_4f_NLO_FXFX_gridpack/work/processtmp/Events/pilotrun/events.lhe.gz_0.lhe have now the additional weight 
launch --rwgt_name=cwwwm3p6_cw0p00_cb10
Do you want to edit a card (press enter to bypass editing)?
/------------------------------------------------------------\
|  [31m1[0m. param : [32mparam_card.dat[0m                                 |
|  [31m9[0m. plot  : [32mplot_card.dat[0m                                  |
\------------------------------------------------------------/
 you can also
   - enter the path to a valid card or banner.
   - use the 'set' command to modify a parameter directly.
     The set option works only for param_card and run_card.
     Type 'help set' for more information on this command.
   - call an external program (ASperGE/MadWidth/...).
     Type 'help' for the list of available command
 [[4m0[0m, done, 1, param, 9, plot, enter path]
>INFO: starts to compute weight for events with the following modification to the param_card: 
INFO: set param_card dim6 1 -3.6 # orig: 3.6
KEEP:set param_card dim6 2 0.0 # orig: 4.5
KEEP:set param_card dim6 3 10.0 # orig: 20.0
KEEP: 
INFO: Event nb 0 current time: 09h33 
INFO: Event nb 10 current time: 09h33 
INFO: Event nb 20  0.024s  
INFO: Event nb 30  0.035s  
INFO: Event nb 40  0.046s  
INFO: Event nb 50  0.057s  
INFO: Event nb 60  0.067s  
INFO: Event nb 70  0.077s  
INFO: Event nb 80  0.088s  
INFO: Event nb 90  0.098s  
INFO: All event done  (nb_event: 100)  0.11s  
INFO: Event /pool/condor/dir_19850/genproductions/bin/MadGraph5_aMCatNLO/WpWmToLpNujj_01j_aTGC_pTW-150toInf_mWV-150to600_4f_NLO_FXFX/WpWmToLpNujj_01j_aTGC_pTW-150toInf_mWV-150to600_4f_NLO_FXFX_gridpack/work/processtmp/Events/pilotrun/events.lhe.gz_0.lhe have now the additional weight 
launch --rwgt_name=cwwwm3p6_cw0p00_cb20
Do you want to edit a card (press enter to bypass editing)?
/------------------------------------------------------------\
|  [31m1[0m. param : [32mparam_card.dat[0m                                 |
|  [31m9[0m. plot  : [32mplot_card.dat[0m                                  |
\------------------------------------------------------------/
 you can also
   - enter the path to a valid card or banner.
   - use the 'set' command to modify a parameter directly.
     The set option works only for param_card and run_card.
     Type 'help set' for more information on this command.
   - call an external program (ASperGE/MadWidth/...).
     Type 'help' for the list of available command
 [[4m0[0m, done, 1, param, 9, plot, enter path]
>INFO: starts to compute weight for events with the following modification to the param_card: 
INFO: set param_card dim6 1 -3.6 # orig: 3.6
KEEP:set param_card dim6 2 0.0 # orig: 4.5
KEEP: 
INFO: Event nb 0 current time: 09h33 
INFO: Event nb 10 current time: 09h33 
INFO: Event nb 20  0.024s  
INFO: Event nb 30  0.036s  
INFO: Event nb 40  0.047s  
INFO: Event nb 50  0.058s  
INFO: Event nb 60  0.068s  
INFO: Event nb 70  0.078s  
INFO: Event nb 80  0.089s  
INFO: Event nb 90  0.099s  
INFO: All event done  (nb_event: 100)  0.11s  
INFO: Event /pool/condor/dir_19850/genproductions/bin/MadGraph5_aMCatNLO/WpWmToLpNujj_01j_aTGC_pTW-150toInf_mWV-150to600_4f_NLO_FXFX/WpWmToLpNujj_01j_aTGC_pTW-150toInf_mWV-150to600_4f_NLO_FXFX_gridpack/work/processtmp/Events/pilotrun/events.lhe.gz_0.lhe have now the additional weight 
launch --rwgt_name=cwwwm3p6_cw2p25_cbm20
Do you want to edit a card (press enter to bypass editing)?
/------------------------------------------------------------\
|  [31m1[0m. param : [32mparam_card.dat[0m                                 |
|  [31m9[0m. plot  : [32mplot_card.dat[0m                                  |
\------------------------------------------------------------/
 you can also
   - enter the path to a valid card or banner.
   - use the 'set' command to modify a parameter directly.
     The set option works only for param_card and run_card.
     Type 'help set' for more information on this command.
   - call an external program (ASperGE/MadWidth/...).
     Type 'help' for the list of available command
 [[4m0[0m, done, 1, param, 9, plot, enter path]
>INFO: starts to compute weight for events with the following modification to the param_card: 
INFO: set param_card dim6 1 -3.6 # orig: 3.6
KEEP:set param_card dim6 2 2.25 # orig: 4.5
KEEP:set param_card dim6 3 -20.0 # orig: 20.0
KEEP: 
INFO: Event nb 0 current time: 09h33 
INFO: Event nb 10 current time: 09h33 
INFO: Event nb 20  0.024s  
INFO: Event nb 30  0.036s  
INFO: Event nb 40  0.047s  
INFO: Event nb 50  0.058s  
INFO: Event nb 60  0.069s  
INFO: Event nb 70  0.079s  
INFO: Event nb 80  0.09s  
INFO: Event nb 90  0.1s  
INFO: All event done  (nb_event: 100)  0.11s  
INFO: Event /pool/condor/dir_19850/genproductions/bin/MadGraph5_aMCatNLO/WpWmToLpNujj_01j_aTGC_pTW-150toInf_mWV-150to600_4f_NLO_FXFX/WpWmToLpNujj_01j_aTGC_pTW-150toInf_mWV-150to600_4f_NLO_FXFX_gridpack/work/processtmp/Events/pilotrun/events.lhe.gz_0.lhe have now the additional weight 
launch --rwgt_name=cwwwm3p6_cw2p25_cbm10
Do you want to edit a card (press enter to bypass editing)?
/------------------------------------------------------------\
|  [31m1[0m. param : [32mparam_card.dat[0m                                 |
|  [31m9[0m. plot  : [32mplot_card.dat[0m                                  |
\------------------------------------------------------------/
 you can also
   - enter the path to a valid card or banner.
   - use the 'set' command to modify a parameter directly.
     The set option works only for param_card and run_card.
     Type 'help set' for more information on this command.
   - call an external program (ASperGE/MadWidth/...).
     Type 'help' for the list of available command
 [[4m0[0m, done, 1, param, 9, plot, enter path]
>INFO: starts to compute weight for events with the following modification to the param_card: 
INFO: set param_card dim6 1 -3.6 # orig: 3.6
KEEP:set param_card dim6 2 2.25 # orig: 4.5
KEEP:set param_card dim6 3 -10.0 # orig: 20.0
KEEP: 
INFO: Event nb 0 current time: 09h33 
INFO: Event nb 10 current time: 09h33 
INFO: Event nb 20  0.029s  
INFO: Event nb 30  0.04s  
INFO: Event nb 40  0.052s  
INFO: Event nb 50  0.063s  
INFO: Event nb 60  0.073s  
INFO: Event nb 70  0.083s  
INFO: Event nb 80  0.094s  
INFO: Event nb 90  0.1s  
INFO: All event done  (nb_event: 100)  0.11s  
INFO: Event /pool/condor/dir_19850/genproductions/bin/MadGraph5_aMCatNLO/WpWmToLpNujj_01j_aTGC_pTW-150toInf_mWV-150to600_4f_NLO_FXFX/WpWmToLpNujj_01j_aTGC_pTW-150toInf_mWV-150to600_4f_NLO_FXFX_gridpack/work/processtmp/Events/pilotrun/events.lhe.gz_0.lhe have now the additional weight 
launch --rwgt_name=cwwwm3p6_cw2p25_cb0
Do you want to edit a card (press enter to bypass editing)?
/------------------------------------------------------------\
|  [31m1[0m. param : [32mparam_card.dat[0m                                 |
|  [31m9[0m. plot  : [32mplot_card.dat[0m                                  |
\------------------------------------------------------------/
 you can also
   - enter the path to a valid card or banner.
   - use the 'set' command to modify a parameter directly.
     The set option works only for param_card and run_card.
     Type 'help set' for more information on this command.
   - call an external program (ASperGE/MadWidth/...).
     Type 'help' for the list of available command
 [[4m0[0m, done, 1, param, 9, plot, enter path]
>INFO: starts to compute weight for events with the following modification to the param_card: 
INFO: set param_card dim6 1 -3.6 # orig: 3.6
KEEP:set param_card dim6 2 2.25 # orig: 4.5
KEEP:set param_card dim6 3 0.0 # orig: 20.0
KEEP: 
INFO: Event nb 0 current time: 09h33 
INFO: Event nb 10 current time: 09h33 
INFO: Event nb 20  0.025s  
INFO: Event nb 30  0.037s  
INFO: Event nb 40  0.048s  
INFO: Event nb 50  0.059s  
INFO: Event nb 60  0.07s  
INFO: Event nb 70  0.08s  
INFO: Event nb 80  0.091s  
INFO: Event nb 90  0.1s  
INFO: All event done  (nb_event: 100)  0.11s  
INFO: Event /pool/condor/dir_19850/genproductions/bin/MadGraph5_aMCatNLO/WpWmToLpNujj_01j_aTGC_pTW-150toInf_mWV-150to600_4f_NLO_FXFX/WpWmToLpNujj_01j_aTGC_pTW-150toInf_mWV-150to600_4f_NLO_FXFX_gridpack/work/processtmp/Events/pilotrun/events.lhe.gz_0.lhe have now the additional weight 
launch --rwgt_name=cwwwm3p6_cw2p25_cb10
Do you want to edit a card (press enter to bypass editing)?
/------------------------------------------------------------\
|  [31m1[0m. param : [32mparam_card.dat[0m                                 |
|  [31m9[0m. plot  : [32mplot_card.dat[0m                                  |
\------------------------------------------------------------/
 you can also
   - enter the path to a valid card or banner.
   - use the 'set' command to modify a parameter directly.
     The set option works only for param_card and run_card.
     Type 'help set' for more information on this command.
   - call an external program (ASperGE/MadWidth/...).
     Type 'help' for the list of available command
 [[4m0[0m, done, 1, param, 9, plot, enter path]
>INFO: starts to compute weight for events with the following modification to the param_card: 
INFO: set param_card dim6 1 -3.6 # orig: 3.6
KEEP:set param_card dim6 2 2.25 # orig: 4.5
KEEP:set param_card dim6 3 10.0 # orig: 20.0
KEEP: 
INFO: Event nb 0 current time: 09h33 
INFO: Event nb 10 current time: 09h33 
INFO: Event nb 20  0.025s  
INFO: Event nb 30  0.036s  
INFO: Event nb 40  0.048s  
INFO: Event nb 50  0.059s  
INFO: Event nb 60  0.07s  
INFO: Event nb 70  0.08s  
INFO: Event nb 80  0.091s  
INFO: Event nb 90  0.1s  
INFO: All event done  (nb_event: 100)  0.11s  
INFO: Event /pool/condor/dir_19850/genproductions/bin/MadGraph5_aMCatNLO/WpWmToLpNujj_01j_aTGC_pTW-150toInf_mWV-150to600_4f_NLO_FXFX/WpWmToLpNujj_01j_aTGC_pTW-150toInf_mWV-150to600_4f_NLO_FXFX_gridpack/work/processtmp/Events/pilotrun/events.lhe.gz_0.lhe have now the additional weight 
launch --rwgt_name=cwwwm3p6_cw2p25_cb20
Do you want to edit a card (press enter to bypass editing)?
/------------------------------------------------------------\
|  [31m1[0m. param : [32mparam_card.dat[0m                                 |
|  [31m9[0m. plot  : [32mplot_card.dat[0m                                  |
\------------------------------------------------------------/
 you can also
   - enter the path to a valid card or banner.
   - use the 'set' command to modify a parameter directly.
     The set option works only for param_card and run_card.
     Type 'help set' for more information on this command.
   - call an external program (ASperGE/MadWidth/...).
     Type 'help' for the list of available command
 [[4m0[0m, done, 1, param, 9, plot, enter path]
>INFO: starts to compute weight for events with the following modification to the param_card: 
INFO: set param_card dim6 1 -3.6 # orig: 3.6
KEEP:set param_card dim6 2 2.25 # orig: 4.5
KEEP: 
INFO: Event nb 0 current time: 09h33 
INFO: Event nb 10 current time: 09h33 
INFO: Event nb 20  0.023s  
INFO: Event nb 30  0.036s  
INFO: Event nb 40  0.047s  
INFO: Event nb 50  0.059s  
INFO: Event nb 60  0.069s  
INFO: Event nb 70  0.08s  
INFO: Event nb 80  0.091s  
INFO: Event nb 90  0.1s  
INFO: All event done  (nb_event: 100)  0.11s  
INFO: Event /pool/condor/dir_19850/genproductions/bin/MadGraph5_aMCatNLO/WpWmToLpNujj_01j_aTGC_pTW-150toInf_mWV-150to600_4f_NLO_FXFX/WpWmToLpNujj_01j_aTGC_pTW-150toInf_mWV-150to600_4f_NLO_FXFX_gridpack/work/processtmp/Events/pilotrun/events.lhe.gz_0.lhe have now the additional weight 
launch --rwgt_name=cwwwm3p6_cw4p50_cbm20
Do you want to edit a card (press enter to bypass editing)?
/------------------------------------------------------------\
|  [31m1[0m. param : [32mparam_card.dat[0m                                 |
|  [31m9[0m. plot  : [32mplot_card.dat[0m                                  |
\------------------------------------------------------------/
 you can also
   - enter the path to a valid card or banner.
   - use the 'set' command to modify a parameter directly.
     The set option works only for param_card and run_card.
     Type 'help set' for more information on this command.
   - call an external program (ASperGE/MadWidth/...).
     Type 'help' for the list of available command
 [[4m0[0m, done, 1, param, 9, plot, enter path]
>INFO: starts to compute weight for events with the following modification to the param_card: 
INFO: set param_card dim6 1 -3.6 # orig: 3.6
KEEP:set param_card dim6 3 -20.0 # orig: 20.0
KEEP: 
INFO: Event nb 0 current time: 09h33 
INFO: Event nb 10 current time: 09h33 
INFO: Event nb 20  0.023s  
INFO: Event nb 30  0.036s  
INFO: Event nb 40  0.047s  
INFO: Event nb 50  0.059s  
INFO: Event nb 60  0.069s  
INFO: Event nb 70  0.08s  
INFO: Event nb 80  0.091s  
INFO: Event nb 90  0.1s  
INFO: All event done  (nb_event: 100)  0.11s  
INFO: Event /pool/condor/dir_19850/genproductions/bin/MadGraph5_aMCatNLO/WpWmToLpNujj_01j_aTGC_pTW-150toInf_mWV-150to600_4f_NLO_FXFX/WpWmToLpNujj_01j_aTGC_pTW-150toInf_mWV-150to600_4f_NLO_FXFX_gridpack/work/processtmp/Events/pilotrun/events.lhe.gz_0.lhe have now the additional weight 
launch --rwgt_name=cwwwm3p6_cw4p50_cbm10
Do you want to edit a card (press enter to bypass editing)?
/------------------------------------------------------------\
|  [31m1[0m. param : [32mparam_card.dat[0m                                 |
|  [31m9[0m. plot  : [32mplot_card.dat[0m                                  |
\------------------------------------------------------------/
 you can also
   - enter the path to a valid card or banner.
   - use the 'set' command to modify a parameter directly.
     The set option works only for param_card and run_card.
     Type 'help set' for more information on this command.
   - call an external program (ASperGE/MadWidth/...).
     Type 'help' for the list of available command
 [[4m0[0m, done, 1, param, 9, plot, enter path]
>INFO: starts to compute weight for events with the following modification to the param_card: 
INFO: set param_card dim6 1 -3.6 # orig: 3.6
KEEP:set param_card dim6 3 -10.0 # orig: 20.0
KEEP: 
INFO: Event nb 0 current time: 09h33 
INFO: Event nb 10 current time: 09h33 
INFO: Event nb 20  0.024s  
INFO: Event nb 30  0.036s  
INFO: Event nb 40  0.048s  
INFO: Event nb 50  0.06s  
INFO: Event nb 60  0.07s  
INFO: Event nb 70  0.081s  
INFO: Event nb 80  0.092s  
INFO: Event nb 90  0.1s  
INFO: All event done  (nb_event: 100)  0.11s  
INFO: Event /pool/condor/dir_19850/genproductions/bin/MadGraph5_aMCatNLO/WpWmToLpNujj_01j_aTGC_pTW-150toInf_mWV-150to600_4f_NLO_FXFX/WpWmToLpNujj_01j_aTGC_pTW-150toInf_mWV-150to600_4f_NLO_FXFX_gridpack/work/processtmp/Events/pilotrun/events.lhe.gz_0.lhe have now the additional weight 
launch --rwgt_name=cwwwm3p6_cw4p50_cb0
Do you want to edit a card (press enter to bypass editing)?
/------------------------------------------------------------\
|  [31m1[0m. param : [32mparam_card.dat[0m                                 |
|  [31m9[0m. plot  : [32mplot_card.dat[0m                                  |
\------------------------------------------------------------/
 you can also
   - enter the path to a valid card or banner.
   - use the 'set' command to modify a parameter directly.
     The set option works only for param_card and run_card.
     Type 'help set' for more information on this command.
   - call an external program (ASperGE/MadWidth/...).
     Type 'help' for the list of available command
 [[4m0[0m, done, 1, param, 9, plot, enter path]
>INFO: starts to compute weight for events with the following modification to the param_card: 
INFO: set param_card dim6 1 -3.6 # orig: 3.6
KEEP:set param_card dim6 3 0.0 # orig: 20.0
KEEP: 
INFO: Event nb 0 current time: 09h33 
INFO: Event nb 10 current time: 09h33 
INFO: Event nb 20  0.024s  
INFO: Event nb 30  0.037s  
INFO: Event nb 40  0.048s  
INFO: Event nb 50  0.06s  
INFO: Event nb 60  0.071s  
INFO: Event nb 70  0.081s  
INFO: Event nb 80  0.093s  
INFO: Event nb 90  0.1s  
INFO: All event done  (nb_event: 100)  0.11s  
INFO: Event /pool/condor/dir_19850/genproductions/bin/MadGraph5_aMCatNLO/WpWmToLpNujj_01j_aTGC_pTW-150toInf_mWV-150to600_4f_NLO_FXFX/WpWmToLpNujj_01j_aTGC_pTW-150toInf_mWV-150to600_4f_NLO_FXFX_gridpack/work/processtmp/Events/pilotrun/events.lhe.gz_0.lhe have now the additional weight 
launch --rwgt_name=cwwwm3p6_cw4p50_cb10
Do you want to edit a card (press enter to bypass editing)?
/------------------------------------------------------------\
|  [31m1[0m. param : [32mparam_card.dat[0m                                 |
|  [31m9[0m. plot  : [32mplot_card.dat[0m                                  |
\------------------------------------------------------------/
 you can also
   - enter the path to a valid card or banner.
   - use the 'set' command to modify a parameter directly.
     The set option works only for param_card and run_card.
     Type 'help set' for more information on this command.
   - call an external program (ASperGE/MadWidth/...).
     Type 'help' for the list of available command
 [[4m0[0m, done, 1, param, 9, plot, enter path]
>INFO: starts to compute weight for events with the following modification to the param_card: 
INFO: set param_card dim6 1 -3.6 # orig: 3.6
KEEP:set param_card dim6 3 10.0 # orig: 20.0
KEEP: 
INFO: Event nb 0 current time: 09h33 
INFO: Event nb 10 current time: 09h33 
INFO: Event nb 20  0.024s  
INFO: Event nb 30  0.036s  
INFO: Event nb 40  0.048s  
INFO: Event nb 50  0.06s  
INFO: Event nb 60  0.071s  
INFO: Event nb 70  0.082s  
INFO: Event nb 80  0.093s  
INFO: Event nb 90  0.1s  
INFO: All event done  (nb_event: 100)  0.12s  
INFO: Event /pool/condor/dir_19850/genproductions/bin/MadGraph5_aMCatNLO/WpWmToLpNujj_01j_aTGC_pTW-150toInf_mWV-150to600_4f_NLO_FXFX/WpWmToLpNujj_01j_aTGC_pTW-150toInf_mWV-150to600_4f_NLO_FXFX_gridpack/work/processtmp/Events/pilotrun/events.lhe.gz_0.lhe have now the additional weight 
launch --rwgt_name=cwwwm3p6_cw4p50_cb20
Do you want to edit a card (press enter to bypass editing)?
/------------------------------------------------------------\
|  [31m1[0m. param : [32mparam_card.dat[0m                                 |
|  [31m9[0m. plot  : [32mplot_card.dat[0m                                  |
\------------------------------------------------------------/
 you can also
   - enter the path to a valid card or banner.
   - use the 'set' command to modify a parameter directly.
     The set option works only for param_card and run_card.
     Type 'help set' for more information on this command.
   - call an external program (ASperGE/MadWidth/...).
     Type 'help' for the list of available command
 [[4m0[0m, done, 1, param, 9, plot, enter path]
>INFO: starts to compute weight for events with the following modification to the param_card: 
INFO: set param_card dim6 1 -3.6 # orig: 3.6
KEEP: 
INFO: Event nb 0 current time: 09h33 
INFO: Event nb 10 current time: 09h33 
INFO: Event nb 20  0.024s  
INFO: Event nb 30  0.036s  
INFO: Event nb 40  0.048s  
INFO: Event nb 50  0.06s  
INFO: Event nb 60  0.071s  
INFO: Event nb 70  0.082s  
INFO: Event nb 80  0.094s  
INFO: Event nb 90  0.11s  
INFO: All event done  (nb_event: 100)  0.12s  
INFO: Event /pool/condor/dir_19850/genproductions/bin/MadGraph5_aMCatNLO/WpWmToLpNujj_01j_aTGC_pTW-150toInf_mWV-150to600_4f_NLO_FXFX/WpWmToLpNujj_01j_aTGC_pTW-150toInf_mWV-150to600_4f_NLO_FXFX_gridpack/work/processtmp/Events/pilotrun/events.lhe.gz_0.lhe have now the additional weight 
launch --rwgt_name=cwwwm1p8_cwm4p50_cbm20
Do you want to edit a card (press enter to bypass editing)?
/------------------------------------------------------------\
|  [31m1[0m. param : [32mparam_card.dat[0m                                 |
|  [31m9[0m. plot  : [32mplot_card.dat[0m                                  |
\------------------------------------------------------------/
 you can also
   - enter the path to a valid card or banner.
   - use the 'set' command to modify a parameter directly.
     The set option works only for param_card and run_card.
     Type 'help set' for more information on this command.
   - call an external program (ASperGE/MadWidth/...).
     Type 'help' for the list of available command
 [[4m0[0m, done, 1, param, 9, plot, enter path]
>INFO: starts to compute weight for events with the following modification to the param_card: 
INFO: set param_card dim6 1 -1.8 # orig: 3.6
KEEP:set param_card dim6 2 -4.5 # orig: 4.5
KEEP:set param_card dim6 3 -20.0 # orig: 20.0
KEEP: 
INFO: Event nb 0 current time: 09h33 
INFO: Event nb 10 current time: 09h33 
INFO: Event nb 20  0.024s  
INFO: Event nb 30  0.037s  
INFO: Event nb 40  0.049s  
INFO: Event nb 50  0.061s  
INFO: Event nb 60  0.072s  
INFO: Event nb 70  0.083s  
INFO: Event nb 80  0.095s  
INFO: Event nb 90  0.11s  
INFO: All event done  (nb_event: 100)  0.12s  
INFO: Event /pool/condor/dir_19850/genproductions/bin/MadGraph5_aMCatNLO/WpWmToLpNujj_01j_aTGC_pTW-150toInf_mWV-150to600_4f_NLO_FXFX/WpWmToLpNujj_01j_aTGC_pTW-150toInf_mWV-150to600_4f_NLO_FXFX_gridpack/work/processtmp/Events/pilotrun/events.lhe.gz_0.lhe have now the additional weight 
launch --rwgt_name=cwwwm1p8_cwm4p50_cbm10
Do you want to edit a card (press enter to bypass editing)?
/------------------------------------------------------------\
|  [31m1[0m. param : [32mparam_card.dat[0m                                 |
|  [31m9[0m. plot  : [32mplot_card.dat[0m                                  |
\------------------------------------------------------------/
 you can also
   - enter the path to a valid card or banner.
   - use the 'set' command to modify a parameter directly.
     The set option works only for param_card and run_card.
     Type 'help set' for more information on this command.
   - call an external program (ASperGE/MadWidth/...).
     Type 'help' for the list of available command
 [[4m0[0m, done, 1, param, 9, plot, enter path]
>INFO: starts to compute weight for events with the following modification to the param_card: 
INFO: set param_card dim6 1 -1.8 # orig: 3.6
KEEP:set param_card dim6 2 -4.5 # orig: 4.5
KEEP:set param_card dim6 3 -10.0 # orig: 20.0
KEEP: 
INFO: Event nb 0 current time: 09h33 
INFO: Event nb 10 current time: 09h33 
INFO: Event nb 20  0.028s  
INFO: Event nb 30  0.04s  
INFO: Event nb 40  0.052s  
INFO: Event nb 50  0.064s  
INFO: Event nb 60  0.075s  
INFO: Event nb 70  0.086s  
INFO: Event nb 80  0.098s  
INFO: Event nb 90  0.11s  
INFO: All event done  (nb_event: 100)  0.12s  
INFO: Event /pool/condor/dir_19850/genproductions/bin/MadGraph5_aMCatNLO/WpWmToLpNujj_01j_aTGC_pTW-150toInf_mWV-150to600_4f_NLO_FXFX/WpWmToLpNujj_01j_aTGC_pTW-150toInf_mWV-150to600_4f_NLO_FXFX_gridpack/work/processtmp/Events/pilotrun/events.lhe.gz_0.lhe have now the additional weight 
launch --rwgt_name=cwwwm1p8_cwm4p50_cb0
Do you want to edit a card (press enter to bypass editing)?
/------------------------------------------------------------\
|  [31m1[0m. param : [32mparam_card.dat[0m                                 |
|  [31m9[0m. plot  : [32mplot_card.dat[0m                                  |
\------------------------------------------------------------/
 you can also
   - enter the path to a valid card or banner.
   - use the 'set' command to modify a parameter directly.
     The set option works only for param_card and run_card.
     Type 'help set' for more information on this command.
   - call an external program (ASperGE/MadWidth/...).
     Type 'help' for the list of available command
 [[4m0[0m, done, 1, param, 9, plot, enter path]
>INFO: starts to compute weight for events with the following modification to the param_card: 
INFO: set param_card dim6 1 -1.8 # orig: 3.6
KEEP:set param_card dim6 2 -4.5 # orig: 4.5
KEEP:set param_card dim6 3 0.0 # orig: 20.0
KEEP: 
INFO: Event nb 0 current time: 09h33 
INFO: Event nb 10 current time: 09h33 
INFO: Event nb 20  0.027s  
INFO: Event nb 30  0.04s  
INFO: Event nb 40  0.052s  
INFO: Event nb 50  0.064s  
INFO: Event nb 60  0.075s  
INFO: Event nb 70  0.086s  
INFO: Event nb 80  0.098s  
INFO: Event nb 90  0.11s  
INFO: All event done  (nb_event: 100)  0.12s  
INFO: Event /pool/condor/dir_19850/genproductions/bin/MadGraph5_aMCatNLO/WpWmToLpNujj_01j_aTGC_pTW-150toInf_mWV-150to600_4f_NLO_FXFX/WpWmToLpNujj_01j_aTGC_pTW-150toInf_mWV-150to600_4f_NLO_FXFX_gridpack/work/processtmp/Events/pilotrun/events.lhe.gz_0.lhe have now the additional weight 
launch --rwgt_name=cwwwm1p8_cwm4p50_cb10
Do you want to edit a card (press enter to bypass editing)?
/------------------------------------------------------------\
|  [31m1[0m. param : [32mparam_card.dat[0m                                 |
|  [31m9[0m. plot  : [32mplot_card.dat[0m                                  |
\------------------------------------------------------------/
 you can also
   - enter the path to a valid card or banner.
   - use the 'set' command to modify a parameter directly.
     The set option works only for param_card and run_card.
     Type 'help set' for more information on this command.
   - call an external program (ASperGE/MadWidth/...).
     Type 'help' for the list of available command
 [[4m0[0m, done, 1, param, 9, plot, enter path]
>INFO: starts to compute weight for events with the following modification to the param_card: 
INFO: set param_card dim6 1 -1.8 # orig: 3.6
KEEP:set param_card dim6 2 -4.5 # orig: 4.5
KEEP:set param_card dim6 3 10.0 # orig: 20.0
KEEP: 
INFO: Event nb 0 current time: 09h33 
INFO: Event nb 10 current time: 09h33 
INFO: Event nb 20  0.025s  
INFO: Event nb 30  0.038s  
INFO: Event nb 40  0.049s  
INFO: Event nb 50  0.061s  
INFO: Event nb 60  0.072s  
INFO: Event nb 70  0.083s  
INFO: Event nb 80  0.094s  
INFO: Event nb 90  0.11s  
INFO: All event done  (nb_event: 100)  0.12s  
INFO: Event /pool/condor/dir_19850/genproductions/bin/MadGraph5_aMCatNLO/WpWmToLpNujj_01j_aTGC_pTW-150toInf_mWV-150to600_4f_NLO_FXFX/WpWmToLpNujj_01j_aTGC_pTW-150toInf_mWV-150to600_4f_NLO_FXFX_gridpack/work/processtmp/Events/pilotrun/events.lhe.gz_0.lhe have now the additional weight 
launch --rwgt_name=cwwwm1p8_cwm4p50_cb20
Do you want to edit a card (press enter to bypass editing)?
/------------------------------------------------------------\
|  [31m1[0m. param : [32mparam_card.dat[0m                                 |
|  [31m9[0m. plot  : [32mplot_card.dat[0m                                  |
\------------------------------------------------------------/
 you can also
   - enter the path to a valid card or banner.
   - use the 'set' command to modify a parameter directly.
     The set option works only for param_card and run_card.
     Type 'help set' for more information on this command.
   - call an external program (ASperGE/MadWidth/...).
     Type 'help' for the list of available command
 [[4m0[0m, done, 1, param, 9, plot, enter path]
>INFO: starts to compute weight for events with the following modification to the param_card: 
INFO: set param_card dim6 1 -1.8 # orig: 3.6
KEEP:set param_card dim6 2 -4.5 # orig: 4.5
KEEP: 
INFO: Event nb 0 current time: 09h33 
INFO: Event nb 10 current time: 09h33 
INFO: Event nb 20  0.024s  
INFO: Event nb 30  0.037s  
INFO: Event nb 40  0.049s  
INFO: Event nb 50  0.061s  
INFO: Event nb 60  0.073s  
INFO: Event nb 70  0.084s  
INFO: Event nb 80  0.096s  
INFO: Event nb 90  0.11s  
INFO: All event done  (nb_event: 100)  0.12s  
INFO: Event /pool/condor/dir_19850/genproductions/bin/MadGraph5_aMCatNLO/WpWmToLpNujj_01j_aTGC_pTW-150toInf_mWV-150to600_4f_NLO_FXFX/WpWmToLpNujj_01j_aTGC_pTW-150toInf_mWV-150to600_4f_NLO_FXFX_gridpack/work/processtmp/Events/pilotrun/events.lhe.gz_0.lhe have now the additional weight 
launch --rwgt_name=cwwwm1p8_cwm2p25_cbm20
Do you want to edit a card (press enter to bypass editing)?
/------------------------------------------------------------\
|  [31m1[0m. param : [32mparam_card.dat[0m                                 |
|  [31m9[0m. plot  : [32mplot_card.dat[0m                                  |
\------------------------------------------------------------/
 you can also
   - enter the path to a valid card or banner.
   - use the 'set' command to modify a parameter directly.
     The set option works only for param_card and run_card.
     Type 'help set' for more information on this command.
   - call an external program (ASperGE/MadWidth/...).
     Type 'help' for the list of available command
 [[4m0[0m, done, 1, param, 9, plot, enter path]
>INFO: starts to compute weight for events with the following modification to the param_card: 
INFO: set param_card dim6 1 -1.8 # orig: 3.6
KEEP:set param_card dim6 2 -2.25 # orig: 4.5
KEEP:set param_card dim6 3 -20.0 # orig: 20.0
KEEP: 
INFO: Event nb 0 current time: 09h33 
INFO: Event nb 10 current time: 09h33 
INFO: Event nb 20  0.025s  
INFO: Event nb 30  0.038s  
INFO: Event nb 40  0.05s  
INFO: Event nb 50  0.062s  
INFO: Event nb 60  0.073s  
INFO: Event nb 70  0.085s  
INFO: Event nb 80  0.097s  
INFO: Event nb 90  0.11s  
INFO: All event done  (nb_event: 100)  0.12s  
INFO: Event /pool/condor/dir_19850/genproductions/bin/MadGraph5_aMCatNLO/WpWmToLpNujj_01j_aTGC_pTW-150toInf_mWV-150to600_4f_NLO_FXFX/WpWmToLpNujj_01j_aTGC_pTW-150toInf_mWV-150to600_4f_NLO_FXFX_gridpack/work/processtmp/Events/pilotrun/events.lhe.gz_0.lhe have now the additional weight 
launch --rwgt_name=cwwwm1p8_cwm2p25_cbm10
Do you want to edit a card (press enter to bypass editing)?
/------------------------------------------------------------\
|  [31m1[0m. param : [32mparam_card.dat[0m                                 |
|  [31m9[0m. plot  : [32mplot_card.dat[0m                                  |
\------------------------------------------------------------/
 you can also
   - enter the path to a valid card or banner.
   - use the 'set' command to modify a parameter directly.
     The set option works only for param_card and run_card.
     Type 'help set' for more information on this command.
   - call an external program (ASperGE/MadWidth/...).
     Type 'help' for the list of available command
 [[4m0[0m, done, 1, param, 9, plot, enter path]
>INFO: starts to compute weight for events with the following modification to the param_card: 
INFO: set param_card dim6 1 -1.8 # orig: 3.6
KEEP:set param_card dim6 2 -2.25 # orig: 4.5
KEEP:set param_card dim6 3 -10.0 # orig: 20.0
KEEP: 
INFO: Event nb 0 current time: 09h33 
INFO: Event nb 10 current time: 09h33 
INFO: Event nb 20  0.026s  
INFO: Event nb 30  0.039s  
INFO: Event nb 40  0.051s  
INFO: Event nb 50  0.064s  
INFO: Event nb 60  0.075s  
INFO: Event nb 70  0.087s  
INFO: Event nb 80  0.099s  
INFO: Event nb 90  0.11s  
INFO: All event done  (nb_event: 100)  0.12s  
INFO: Event /pool/condor/dir_19850/genproductions/bin/MadGraph5_aMCatNLO/WpWmToLpNujj_01j_aTGC_pTW-150toInf_mWV-150to600_4f_NLO_FXFX/WpWmToLpNujj_01j_aTGC_pTW-150toInf_mWV-150to600_4f_NLO_FXFX_gridpack/work/processtmp/Events/pilotrun/events.lhe.gz_0.lhe have now the additional weight 
launch --rwgt_name=cwwwm1p8_cwm2p25_cb0
Do you want to edit a card (press enter to bypass editing)?
/------------------------------------------------------------\
|  [31m1[0m. param : [32mparam_card.dat[0m                                 |
|  [31m9[0m. plot  : [32mplot_card.dat[0m                                  |
\------------------------------------------------------------/
 you can also
   - enter the path to a valid card or banner.
   - use the 'set' command to modify a parameter directly.
     The set option works only for param_card and run_card.
     Type 'help set' for more information on this command.
   - call an external program (ASperGE/MadWidth/...).
     Type 'help' for the list of available command
 [[4m0[0m, done, 1, param, 9, plot, enter path]
>INFO: starts to compute weight for events with the following modification to the param_card: 
INFO: set param_card dim6 1 -1.8 # orig: 3.6
KEEP:set param_card dim6 2 -2.25 # orig: 4.5
KEEP:set param_card dim6 3 0.0 # orig: 20.0
KEEP: 
INFO: Event nb 0 current time: 09h33 
INFO: Event nb 10 current time: 09h33 
INFO: Event nb 20  0.028s  
INFO: Event nb 30  0.041s  
INFO: Event nb 40  0.054s  
INFO: Event nb 50  0.066s  
INFO: Event nb 60  0.078s  
INFO: Event nb 70  0.089s  
INFO: Event nb 80  0.1s  
INFO: Event nb 90  0.11s  
INFO: All event done  (nb_event: 100)  0.12s  
INFO: Event /pool/condor/dir_19850/genproductions/bin/MadGraph5_aMCatNLO/WpWmToLpNujj_01j_aTGC_pTW-150toInf_mWV-150to600_4f_NLO_FXFX/WpWmToLpNujj_01j_aTGC_pTW-150toInf_mWV-150to600_4f_NLO_FXFX_gridpack/work/processtmp/Events/pilotrun/events.lhe.gz_0.lhe have now the additional weight 
launch --rwgt_name=cwwwm1p8_cwm2p25_cb10
Do you want to edit a card (press enter to bypass editing)?
/------------------------------------------------------------\
|  [31m1[0m. param : [32mparam_card.dat[0m                                 |
|  [31m9[0m. plot  : [32mplot_card.dat[0m                                  |
\------------------------------------------------------------/
 you can also
   - enter the path to a valid card or banner.
   - use the 'set' command to modify a parameter directly.
     The set option works only for param_card and run_card.
     Type 'help set' for more information on this command.
   - call an external program (ASperGE/MadWidth/...).
     Type 'help' for the list of available command
 [[4m0[0m, done, 1, param, 9, plot, enter path]
>INFO: starts to compute weight for events with the following modification to the param_card: 
INFO: set param_card dim6 1 -1.8 # orig: 3.6
KEEP:set param_card dim6 2 -2.25 # orig: 4.5
KEEP:set param_card dim6 3 10.0 # orig: 20.0
KEEP: 
INFO: Event nb 0 current time: 09h33 
INFO: Event nb 10 current time: 09h33 
INFO: Event nb 20  0.026s  
INFO: Event nb 30  0.039s  
INFO: Event nb 40  0.052s  
INFO: Event nb 50  0.064s  
INFO: Event nb 60  0.076s  
INFO: Event nb 70  0.087s  
INFO: Event nb 80  0.099s  
INFO: Event nb 90  0.11s  
INFO: All event done  (nb_event: 100)  0.12s  
INFO: Event /pool/condor/dir_19850/genproductions/bin/MadGraph5_aMCatNLO/WpWmToLpNujj_01j_aTGC_pTW-150toInf_mWV-150to600_4f_NLO_FXFX/WpWmToLpNujj_01j_aTGC_pTW-150toInf_mWV-150to600_4f_NLO_FXFX_gridpack/work/processtmp/Events/pilotrun/events.lhe.gz_0.lhe have now the additional weight 
launch --rwgt_name=cwwwm1p8_cwm2p25_cb20
Do you want to edit a card (press enter to bypass editing)?
/------------------------------------------------------------\
|  [31m1[0m. param : [32mparam_card.dat[0m                                 |
|  [31m9[0m. plot  : [32mplot_card.dat[0m                                  |
\------------------------------------------------------------/
 you can also
   - enter the path to a valid card or banner.
   - use the 'set' command to modify a parameter directly.
     The set option works only for param_card and run_card.
     Type 'help set' for more information on this command.
   - call an external program (ASperGE/MadWidth/...).
     Type 'help' for the list of available command
 [[4m0[0m, done, 1, param, 9, plot, enter path]
>INFO: starts to compute weight for events with the following modification to the param_card: 
INFO: set param_card dim6 1 -1.8 # orig: 3.6
KEEP:set param_card dim6 2 -2.25 # orig: 4.5
KEEP: 
INFO: Event nb 0 current time: 09h33 
INFO: Event nb 10 current time: 09h33 
INFO: Event nb 20  0.027s  
INFO: Event nb 30  0.04s  
INFO: Event nb 40  0.053s  
INFO: Event nb 50  0.065s  
INFO: Event nb 60  0.077s  
INFO: Event nb 70  0.088s  
INFO: Event nb 80  0.1s  
INFO: Event nb 90  0.11s  
INFO: All event done  (nb_event: 100)  0.12s  
INFO: Event /pool/condor/dir_19850/genproductions/bin/MadGraph5_aMCatNLO/WpWmToLpNujj_01j_aTGC_pTW-150toInf_mWV-150to600_4f_NLO_FXFX/WpWmToLpNujj_01j_aTGC_pTW-150toInf_mWV-150to600_4f_NLO_FXFX_gridpack/work/processtmp/Events/pilotrun/events.lhe.gz_0.lhe have now the additional weight 
launch --rwgt_name=cwwwm1p8_cw0p00_cbm20
Do you want to edit a card (press enter to bypass editing)?
/------------------------------------------------------------\
|  [31m1[0m. param : [32mparam_card.dat[0m                                 |
|  [31m9[0m. plot  : [32mplot_card.dat[0m                                  |
\------------------------------------------------------------/
 you can also
   - enter the path to a valid card or banner.
   - use the 'set' command to modify a parameter directly.
     The set option works only for param_card and run_card.
     Type 'help set' for more information on this command.
   - call an external program (ASperGE/MadWidth/...).
     Type 'help' for the list of available command
 [[4m0[0m, done, 1, param, 9, plot, enter path]
>INFO: starts to compute weight for events with the following modification to the param_card: 
INFO: set param_card dim6 1 -1.8 # orig: 3.6
KEEP:set param_card dim6 2 0.0 # orig: 4.5
KEEP:set param_card dim6 3 -20.0 # orig: 20.0
KEEP: 
INFO: Event nb 0 current time: 09h33 
INFO: Event nb 10 current time: 09h33 
INFO: Event nb 20  0.028s  
INFO: Event nb 30  0.041s  
INFO: Event nb 40  0.053s  
INFO: Event nb 50  0.066s  
INFO: Event nb 60  0.078s  
INFO: Event nb 70  0.09s  
INFO: Event nb 80  0.1s  
INFO: Event nb 90  0.11s  
INFO: All event done  (nb_event: 100)  0.13s  
INFO: Event /pool/condor/dir_19850/genproductions/bin/MadGraph5_aMCatNLO/WpWmToLpNujj_01j_aTGC_pTW-150toInf_mWV-150to600_4f_NLO_FXFX/WpWmToLpNujj_01j_aTGC_pTW-150toInf_mWV-150to600_4f_NLO_FXFX_gridpack/work/processtmp/Events/pilotrun/events.lhe.gz_0.lhe have now the additional weight 
launch --rwgt_name=cwwwm1p8_cw0p00_cbm10
Do you want to edit a card (press enter to bypass editing)?
/------------------------------------------------------------\
|  [31m1[0m. param : [32mparam_card.dat[0m                                 |
|  [31m9[0m. plot  : [32mplot_card.dat[0m                                  |
\------------------------------------------------------------/
 you can also
   - enter the path to a valid card or banner.
   - use the 'set' command to modify a parameter directly.
     The set option works only for param_card and run_card.
     Type 'help set' for more information on this command.
   - call an external program (ASperGE/MadWidth/...).
     Type 'help' for the list of available command
 [[4m0[0m, done, 1, param, 9, plot, enter path]
>INFO: starts to compute weight for events with the following modification to the param_card: 
INFO: set param_card dim6 1 -1.8 # orig: 3.6
KEEP:set param_card dim6 2 0.0 # orig: 4.5
KEEP:set param_card dim6 3 -10.0 # orig: 20.0
KEEP: 
INFO: Event nb 0 current time: 09h33 
INFO: Event nb 10 current time: 09h33 
INFO: Event nb 20  0.025s  
INFO: Event nb 30  0.039s  
INFO: Event nb 40  0.051s  
INFO: Event nb 50  0.064s  
INFO: Event nb 60  0.076s  
INFO: Event nb 70  0.087s  
INFO: Event nb 80  0.1s  
INFO: Event nb 90  0.11s  
INFO: All event done  (nb_event: 100)  0.12s  
INFO: Event /pool/condor/dir_19850/genproductions/bin/MadGraph5_aMCatNLO/WpWmToLpNujj_01j_aTGC_pTW-150toInf_mWV-150to600_4f_NLO_FXFX/WpWmToLpNujj_01j_aTGC_pTW-150toInf_mWV-150to600_4f_NLO_FXFX_gridpack/work/processtmp/Events/pilotrun/events.lhe.gz_0.lhe have now the additional weight 
launch --rwgt_name=cwwwm1p8_cw0p00_cb0
Do you want to edit a card (press enter to bypass editing)?
/------------------------------------------------------------\
|  [31m1[0m. param : [32mparam_card.dat[0m                                 |
|  [31m9[0m. plot  : [32mplot_card.dat[0m                                  |
\------------------------------------------------------------/
 you can also
   - enter the path to a valid card or banner.
   - use the 'set' command to modify a parameter directly.
     The set option works only for param_card and run_card.
     Type 'help set' for more information on this command.
   - call an external program (ASperGE/MadWidth/...).
     Type 'help' for the list of available command
 [[4m0[0m, done, 1, param, 9, plot, enter path]
>INFO: starts to compute weight for events with the following modification to the param_card: 
INFO: set param_card dim6 1 -1.8 # orig: 3.6
KEEP:set param_card dim6 2 0.0 # orig: 4.5
KEEP:set param_card dim6 3 0.0 # orig: 20.0
KEEP: 
INFO: Event nb 0 current time: 09h33 
INFO: Event nb 10 current time: 09h33 
INFO: Event nb 20  0.027s  
INFO: Event nb 30  0.041s  
INFO: Event nb 40  0.054s  
INFO: Event nb 50  0.066s  
INFO: Event nb 60  0.078s  
INFO: Event nb 70  0.09s  
INFO: Event nb 80  0.1s  
INFO: Event nb 90  0.12s  
INFO: All event done  (nb_event: 100)  0.13s  
INFO: Event /pool/condor/dir_19850/genproductions/bin/MadGraph5_aMCatNLO/WpWmToLpNujj_01j_aTGC_pTW-150toInf_mWV-150to600_4f_NLO_FXFX/WpWmToLpNujj_01j_aTGC_pTW-150toInf_mWV-150to600_4f_NLO_FXFX_gridpack/work/processtmp/Events/pilotrun/events.lhe.gz_0.lhe have now the additional weight 
launch --rwgt_name=cwwwm1p8_cw0p00_cb10
Do you want to edit a card (press enter to bypass editing)?
/------------------------------------------------------------\
|  [31m1[0m. param : [32mparam_card.dat[0m                                 |
|  [31m9[0m. plot  : [32mplot_card.dat[0m                                  |
\------------------------------------------------------------/
 you can also
   - enter the path to a valid card or banner.
   - use the 'set' command to modify a parameter directly.
     The set option works only for param_card and run_card.
     Type 'help set' for more information on this command.
   - call an external program (ASperGE/MadWidth/...).
     Type 'help' for the list of available command
 [[4m0[0m, done, 1, param, 9, plot, enter path]
>INFO: starts to compute weight for events with the following modification to the param_card: 
INFO: set param_card dim6 1 -1.8 # orig: 3.6
KEEP:set param_card dim6 2 0.0 # orig: 4.5
KEEP:set param_card dim6 3 10.0 # orig: 20.0
KEEP: 
INFO: Event nb 0 current time: 09h33 
INFO: Event nb 10 current time: 09h33 
INFO: Event nb 20  0.026s  
INFO: Event nb 30  0.039s  
INFO: Event nb 40  0.051s  
INFO: Event nb 50  0.064s  
INFO: Event nb 60  0.076s  
INFO: Event nb 70  0.088s  
INFO: Event nb 80  0.1s  
INFO: Event nb 90  0.11s  
INFO: All event done  (nb_event: 100)  0.12s  
INFO: Event /pool/condor/dir_19850/genproductions/bin/MadGraph5_aMCatNLO/WpWmToLpNujj_01j_aTGC_pTW-150toInf_mWV-150to600_4f_NLO_FXFX/WpWmToLpNujj_01j_aTGC_pTW-150toInf_mWV-150to600_4f_NLO_FXFX_gridpack/work/processtmp/Events/pilotrun/events.lhe.gz_0.lhe have now the additional weight 
launch --rwgt_name=cwwwm1p8_cw0p00_cb20
Do you want to edit a card (press enter to bypass editing)?
/------------------------------------------------------------\
|  [31m1[0m. param : [32mparam_card.dat[0m                                 |
|  [31m9[0m. plot  : [32mplot_card.dat[0m                                  |
\------------------------------------------------------------/
 you can also
   - enter the path to a valid card or banner.
   - use the 'set' command to modify a parameter directly.
     The set option works only for param_card and run_card.
     Type 'help set' for more information on this command.
   - call an external program (ASperGE/MadWidth/...).
     Type 'help' for the list of available command
 [[4m0[0m, done, 1, param, 9, plot, enter path]
>INFO: starts to compute weight for events with the following modification to the param_card: 
INFO: set param_card dim6 1 -1.8 # orig: 3.6
KEEP:set param_card dim6 2 0.0 # orig: 4.5
KEEP: 
INFO: Event nb 0 current time: 09h33 
INFO: Event nb 10 current time: 09h33 
INFO: Event nb 20  0.026s  
INFO: Event nb 30  0.04s  
INFO: Event nb 40  0.053s  
INFO: Event nb 50  0.066s  
INFO: Event nb 60  0.078s  
INFO: Event nb 70  0.09s  
INFO: Event nb 80  0.1s  
INFO: Event nb 90  0.11s  
INFO: All event done  (nb_event: 100)  0.13s  
INFO: Event /pool/condor/dir_19850/genproductions/bin/MadGraph5_aMCatNLO/WpWmToLpNujj_01j_aTGC_pTW-150toInf_mWV-150to600_4f_NLO_FXFX/WpWmToLpNujj_01j_aTGC_pTW-150toInf_mWV-150to600_4f_NLO_FXFX_gridpack/work/processtmp/Events/pilotrun/events.lhe.gz_0.lhe have now the additional weight 
launch --rwgt_name=cwwwm1p8_cw2p25_cbm20
Do you want to edit a card (press enter to bypass editing)?
/------------------------------------------------------------\
|  [31m1[0m. param : [32mparam_card.dat[0m                                 |
|  [31m9[0m. plot  : [32mplot_card.dat[0m                                  |
\------------------------------------------------------------/
 you can also
   - enter the path to a valid card or banner.
   - use the 'set' command to modify a parameter directly.
     The set option works only for param_card and run_card.
     Type 'help set' for more information on this command.
   - call an external program (ASperGE/MadWidth/...).
     Type 'help' for the list of available command
 [[4m0[0m, done, 1, param, 9, plot, enter path]
>INFO: starts to compute weight for events with the following modification to the param_card: 
INFO: set param_card dim6 1 -1.8 # orig: 3.6
KEEP:set param_card dim6 2 2.25 # orig: 4.5
KEEP:set param_card dim6 3 -20.0 # orig: 20.0
KEEP: 
INFO: Event nb 0 current time: 09h33 
INFO: Event nb 10 current time: 09h33 
INFO: Event nb 20  0.026s  
INFO: Event nb 30  0.04s  
INFO: Event nb 40  0.053s  
INFO: Event nb 50  0.066s  
INFO: Event nb 60  0.081s  
INFO: Event nb 70  0.093s  
INFO: Event nb 80  0.11s  
INFO: Event nb 90  0.12s  
INFO: All event done  (nb_event: 100)  0.13s  
INFO: Event /pool/condor/dir_19850/genproductions/bin/MadGraph5_aMCatNLO/WpWmToLpNujj_01j_aTGC_pTW-150toInf_mWV-150to600_4f_NLO_FXFX/WpWmToLpNujj_01j_aTGC_pTW-150toInf_mWV-150to600_4f_NLO_FXFX_gridpack/work/processtmp/Events/pilotrun/events.lhe.gz_0.lhe have now the additional weight 
launch --rwgt_name=cwwwm1p8_cw2p25_cbm10
Do you want to edit a card (press enter to bypass editing)?
/------------------------------------------------------------\
|  [31m1[0m. param : [32mparam_card.dat[0m                                 |
|  [31m9[0m. plot  : [32mplot_card.dat[0m                                  |
\------------------------------------------------------------/
 you can also
   - enter the path to a valid card or banner.
   - use the 'set' command to modify a parameter directly.
     The set option works only for param_card and run_card.
     Type 'help set' for more information on this command.
   - call an external program (ASperGE/MadWidth/...).
     Type 'help' for the list of available command
 [[4m0[0m, done, 1, param, 9, plot, enter path]
>INFO: starts to compute weight for events with the following modification to the param_card: 
INFO: set param_card dim6 1 -1.8 # orig: 3.6
KEEP:set param_card dim6 2 2.25 # orig: 4.5
KEEP:set param_card dim6 3 -10.0 # orig: 20.0
KEEP: 
INFO: Event nb 0 current time: 09h33 
INFO: Event nb 10 current time: 09h33 
INFO: Event nb 20  0.027s  
INFO: Event nb 30  0.04s  
INFO: Event nb 40  0.054s  
INFO: Event nb 50  0.067s  
INFO: Event nb 60  0.079s  
INFO: Event nb 70  0.091s  
INFO: Event nb 80  0.1s  
INFO: Event nb 90  0.12s  
INFO: All event done  (nb_event: 100)  0.13s  
INFO: Event /pool/condor/dir_19850/genproductions/bin/MadGraph5_aMCatNLO/WpWmToLpNujj_01j_aTGC_pTW-150toInf_mWV-150to600_4f_NLO_FXFX/WpWmToLpNujj_01j_aTGC_pTW-150toInf_mWV-150to600_4f_NLO_FXFX_gridpack/work/processtmp/Events/pilotrun/events.lhe.gz_0.lhe have now the additional weight 
launch --rwgt_name=cwwwm1p8_cw2p25_cb0
Do you want to edit a card (press enter to bypass editing)?
/------------------------------------------------------------\
|  [31m1[0m. param : [32mparam_card.dat[0m                                 |
|  [31m9[0m. plot  : [32mplot_card.dat[0m                                  |
\------------------------------------------------------------/
 you can also
   - enter the path to a valid card or banner.
   - use the 'set' command to modify a parameter directly.
     The set option works only for param_card and run_card.
     Type 'help set' for more information on this command.
   - call an external program (ASperGE/MadWidth/...).
     Type 'help' for the list of available command
 [[4m0[0m, done, 1, param, 9, plot, enter path]
>INFO: starts to compute weight for events with the following modification to the param_card: 
INFO: set param_card dim6 1 -1.8 # orig: 3.6
KEEP:set param_card dim6 2 2.25 # orig: 4.5
KEEP:set param_card dim6 3 0.0 # orig: 20.0
KEEP: 
INFO: Event nb 0 current time: 09h33 
INFO: Event nb 10 current time: 09h33 
INFO: Event nb 20  0.027s  
INFO: Event nb 30  0.041s  
INFO: Event nb 40  0.054s  
INFO: Event nb 50  0.067s  
INFO: Event nb 60  0.079s  
INFO: Event nb 70  0.091s  
INFO: Event nb 80  0.1s  
INFO: Event nb 90  0.12s  
INFO: All event done  (nb_event: 100)  0.13s  
INFO: Event /pool/condor/dir_19850/genproductions/bin/MadGraph5_aMCatNLO/WpWmToLpNujj_01j_aTGC_pTW-150toInf_mWV-150to600_4f_NLO_FXFX/WpWmToLpNujj_01j_aTGC_pTW-150toInf_mWV-150to600_4f_NLO_FXFX_gridpack/work/processtmp/Events/pilotrun/events.lhe.gz_0.lhe have now the additional weight 
launch --rwgt_name=cwwwm1p8_cw2p25_cb10
Do you want to edit a card (press enter to bypass editing)?
/------------------------------------------------------------\
|  [31m1[0m. param : [32mparam_card.dat[0m                                 |
|  [31m9[0m. plot  : [32mplot_card.dat[0m                                  |
\------------------------------------------------------------/
 you can also
   - enter the path to a valid card or banner.
   - use the 'set' command to modify a parameter directly.
     The set option works only for param_card and run_card.
     Type 'help set' for more information on this command.
   - call an external program (ASperGE/MadWidth/...).
     Type 'help' for the list of available command
 [[4m0[0m, done, 1, param, 9, plot, enter path]
>INFO: starts to compute weight for events with the following modification to the param_card: 
INFO: set param_card dim6 1 -1.8 # orig: 3.6
KEEP:set param_card dim6 2 2.25 # orig: 4.5
KEEP:set param_card dim6 3 10.0 # orig: 20.0
KEEP: 
INFO: Event nb 0 current time: 09h33 
INFO: Event nb 10 current time: 09h33 
INFO: Event nb 20  0.029s  
INFO: Event nb 30  0.043s  
INFO: Event nb 40  0.056s  
INFO: Event nb 50  0.069s  
INFO: Event nb 60  0.081s  
INFO: Event nb 70  0.094s  
INFO: Event nb 80  0.11s  
INFO: Event nb 90  0.12s  
INFO: All event done  (nb_event: 100)  0.13s  
INFO: Event /pool/condor/dir_19850/genproductions/bin/MadGraph5_aMCatNLO/WpWmToLpNujj_01j_aTGC_pTW-150toInf_mWV-150to600_4f_NLO_FXFX/WpWmToLpNujj_01j_aTGC_pTW-150toInf_mWV-150to600_4f_NLO_FXFX_gridpack/work/processtmp/Events/pilotrun/events.lhe.gz_0.lhe have now the additional weight 
launch --rwgt_name=cwwwm1p8_cw2p25_cb20
Do you want to edit a card (press enter to bypass editing)?
/------------------------------------------------------------\
|  [31m1[0m. param : [32mparam_card.dat[0m                                 |
|  [31m9[0m. plot  : [32mplot_card.dat[0m                                  |
\------------------------------------------------------------/
 you can also
   - enter the path to a valid card or banner.
   - use the 'set' command to modify a parameter directly.
     The set option works only for param_card and run_card.
     Type 'help set' for more information on this command.
   - call an external program (ASperGE/MadWidth/...).
     Type 'help' for the list of available command
 [[4m0[0m, done, 1, param, 9, plot, enter path]
>INFO: starts to compute weight for events with the following modification to the param_card: 
INFO: set param_card dim6 1 -1.8 # orig: 3.6
KEEP:set param_card dim6 2 2.25 # orig: 4.5
KEEP: 
INFO: Event nb 0 current time: 09h33 
INFO: Event nb 10  0.02s  
INFO: Event nb 20  0.034s  
INFO: Event nb 30  0.048s  
INFO: Event nb 40  0.061s  
INFO: Event nb 50  0.074s  
INFO: Event nb 60  0.086s  
INFO: Event nb 70  0.099s  
INFO: Event nb 80  0.11s  
INFO: Event nb 90  0.12s  
INFO: All event done  (nb_event: 100)  0.14s  
INFO: Event /pool/condor/dir_19850/genproductions/bin/MadGraph5_aMCatNLO/WpWmToLpNujj_01j_aTGC_pTW-150toInf_mWV-150to600_4f_NLO_FXFX/WpWmToLpNujj_01j_aTGC_pTW-150toInf_mWV-150to600_4f_NLO_FXFX_gridpack/work/processtmp/Events/pilotrun/events.lhe.gz_0.lhe have now the additional weight 
launch --rwgt_name=cwwwm1p8_cw4p50_cbm20
Do you want to edit a card (press enter to bypass editing)?
/------------------------------------------------------------\
|  [31m1[0m. param : [32mparam_card.dat[0m                                 |
|  [31m9[0m. plot  : [32mplot_card.dat[0m                                  |
\------------------------------------------------------------/
 you can also
   - enter the path to a valid card or banner.
   - use the 'set' command to modify a parameter directly.
     The set option works only for param_card and run_card.
     Type 'help set' for more information on this command.
   - call an external program (ASperGE/MadWidth/...).
     Type 'help' for the list of available command
 [[4m0[0m, done, 1, param, 9, plot, enter path]
>INFO: starts to compute weight for events with the following modification to the param_card: 
INFO: set param_card dim6 1 -1.8 # orig: 3.6
KEEP:set param_card dim6 3 -20.0 # orig: 20.0
KEEP: 
INFO: Event nb 0 current time: 09h33 
INFO: Event nb 10 current time: 09h33 
INFO: Event nb 20  0.028s  
INFO: Event nb 30  0.042s  
INFO: Event nb 40  0.055s  
INFO: Event nb 50  0.069s  
INFO: Event nb 60  0.081s  
INFO: Event nb 70  0.094s  
INFO: Event nb 80  0.11s  
INFO: Event nb 90  0.12s  
INFO: All event done  (nb_event: 100)  0.13s  
INFO: Event /pool/condor/dir_19850/genproductions/bin/MadGraph5_aMCatNLO/WpWmToLpNujj_01j_aTGC_pTW-150toInf_mWV-150to600_4f_NLO_FXFX/WpWmToLpNujj_01j_aTGC_pTW-150toInf_mWV-150to600_4f_NLO_FXFX_gridpack/work/processtmp/Events/pilotrun/events.lhe.gz_0.lhe have now the additional weight 
launch --rwgt_name=cwwwm1p8_cw4p50_cbm10
Do you want to edit a card (press enter to bypass editing)?
/------------------------------------------------------------\
|  [31m1[0m. param : [32mparam_card.dat[0m                                 |
|  [31m9[0m. plot  : [32mplot_card.dat[0m                                  |
\------------------------------------------------------------/
 you can also
   - enter the path to a valid card or banner.
   - use the 'set' command to modify a parameter directly.
     The set option works only for param_card and run_card.
     Type 'help set' for more information on this command.
   - call an external program (ASperGE/MadWidth/...).
     Type 'help' for the list of available command
 [[4m0[0m, done, 1, param, 9, plot, enter path]
>INFO: starts to compute weight for events with the following modification to the param_card: 
INFO: set param_card dim6 1 -1.8 # orig: 3.6
KEEP:set param_card dim6 3 -10.0 # orig: 20.0
KEEP: 
INFO: Event nb 0 current time: 09h33 
INFO: Event nb 10 current time: 09h33 
INFO: Event nb 20  0.027s  
INFO: Event nb 30  0.041s  
INFO: Event nb 40  0.055s  
INFO: Event nb 50  0.068s  
INFO: Event nb 60  0.081s  
INFO: Event nb 70  0.093s  
INFO: Event nb 80  0.11s  
INFO: Event nb 90  0.12s  
INFO: All event done  (nb_event: 100)  0.13s  
INFO: Event /pool/condor/dir_19850/genproductions/bin/MadGraph5_aMCatNLO/WpWmToLpNujj_01j_aTGC_pTW-150toInf_mWV-150to600_4f_NLO_FXFX/WpWmToLpNujj_01j_aTGC_pTW-150toInf_mWV-150to600_4f_NLO_FXFX_gridpack/work/processtmp/Events/pilotrun/events.lhe.gz_0.lhe have now the additional weight 
launch --rwgt_name=cwwwm1p8_cw4p50_cb0
Do you want to edit a card (press enter to bypass editing)?
/------------------------------------------------------------\
|  [31m1[0m. param : [32mparam_card.dat[0m                                 |
|  [31m9[0m. plot  : [32mplot_card.dat[0m                                  |
\------------------------------------------------------------/
 you can also
   - enter the path to a valid card or banner.
   - use the 'set' command to modify a parameter directly.
     The set option works only for param_card and run_card.
     Type 'help set' for more information on this command.
   - call an external program (ASperGE/MadWidth/...).
     Type 'help' for the list of available command
 [[4m0[0m, done, 1, param, 9, plot, enter path]
>INFO: starts to compute weight for events with the following modification to the param_card: 
INFO: set param_card dim6 1 -1.8 # orig: 3.6
KEEP:set param_card dim6 3 0.0 # orig: 20.0
KEEP: 
INFO: Event nb 0 current time: 09h33 
INFO: Event nb 10 current time: 09h33 
INFO: Event nb 20  0.027s  
INFO: Event nb 30  0.041s  
INFO: Event nb 40  0.055s  
INFO: Event nb 50  0.069s  
INFO: Event nb 60  0.081s  
INFO: Event nb 70  0.094s  
INFO: Event nb 80  0.11s  
INFO: Event nb 90  0.12s  
INFO: All event done  (nb_event: 100)  0.13s  
INFO: Event /pool/condor/dir_19850/genproductions/bin/MadGraph5_aMCatNLO/WpWmToLpNujj_01j_aTGC_pTW-150toInf_mWV-150to600_4f_NLO_FXFX/WpWmToLpNujj_01j_aTGC_pTW-150toInf_mWV-150to600_4f_NLO_FXFX_gridpack/work/processtmp/Events/pilotrun/events.lhe.gz_0.lhe have now the additional weight 
launch --rwgt_name=cwwwm1p8_cw4p50_cb10
Do you want to edit a card (press enter to bypass editing)?
/------------------------------------------------------------\
|  [31m1[0m. param : [32mparam_card.dat[0m                                 |
|  [31m9[0m. plot  : [32mplot_card.dat[0m                                  |
\------------------------------------------------------------/
 you can also
   - enter the path to a valid card or banner.
   - use the 'set' command to modify a parameter directly.
     The set option works only for param_card and run_card.
     Type 'help set' for more information on this command.
   - call an external program (ASperGE/MadWidth/...).
     Type 'help' for the list of available command
 [[4m0[0m, done, 1, param, 9, plot, enter path]
>INFO: starts to compute weight for events with the following modification to the param_card: 
INFO: set param_card dim6 1 -1.8 # orig: 3.6
KEEP:set param_card dim6 3 10.0 # orig: 20.0
KEEP: 
INFO: Event nb 0 current time: 09h33 
INFO: Event nb 10 current time: 09h33 
INFO: Event nb 20  0.029s  
INFO: Event nb 30  0.043s  
INFO: Event nb 40  0.057s  
INFO: Event nb 50  0.07s  
INFO: Event nb 60  0.083s  
INFO: Event nb 70  0.096s  
INFO: Event nb 80  0.11s  
INFO: Event nb 90  0.12s  
INFO: All event done  (nb_event: 100)  0.13s  
INFO: Event /pool/condor/dir_19850/genproductions/bin/MadGraph5_aMCatNLO/WpWmToLpNujj_01j_aTGC_pTW-150toInf_mWV-150to600_4f_NLO_FXFX/WpWmToLpNujj_01j_aTGC_pTW-150toInf_mWV-150to600_4f_NLO_FXFX_gridpack/work/processtmp/Events/pilotrun/events.lhe.gz_0.lhe have now the additional weight 
launch --rwgt_name=cwwwm1p8_cw4p50_cb20
Do you want to edit a card (press enter to bypass editing)?
/------------------------------------------------------------\
|  [31m1[0m. param : [32mparam_card.dat[0m                                 |
|  [31m9[0m. plot  : [32mplot_card.dat[0m                                  |
\------------------------------------------------------------/
 you can also
   - enter the path to a valid card or banner.
   - use the 'set' command to modify a parameter directly.
     The set option works only for param_card and run_card.
     Type 'help set' for more information on this command.
   - call an external program (ASperGE/MadWidth/...).
     Type 'help' for the list of available command
 [[4m0[0m, done, 1, param, 9, plot, enter path]
>INFO: starts to compute weight for events with the following modification to the param_card: 
INFO: set param_card dim6 1 -1.8 # orig: 3.6
KEEP: 
INFO: Event nb 0 current time: 09h33 
INFO: Event nb 10 current time: 09h33 
INFO: Event nb 20  0.028s  
INFO: Event nb 30  0.042s  
INFO: Event nb 40  0.056s  
INFO: Event nb 50  0.069s  
INFO: Event nb 60  0.082s  
INFO: Event nb 70  0.095s  
INFO: Event nb 80  0.11s  
INFO: Event nb 90  0.12s  
INFO: All event done  (nb_event: 100)  0.13s  
INFO: Event /pool/condor/dir_19850/genproductions/bin/MadGraph5_aMCatNLO/WpWmToLpNujj_01j_aTGC_pTW-150toInf_mWV-150to600_4f_NLO_FXFX/WpWmToLpNujj_01j_aTGC_pTW-150toInf_mWV-150to600_4f_NLO_FXFX_gridpack/work/processtmp/Events/pilotrun/events.lhe.gz_0.lhe have now the additional weight 
launch --rwgt_name=cwww0p0_cwm4p50_cbm20
Do you want to edit a card (press enter to bypass editing)?
/------------------------------------------------------------\
|  [31m1[0m. param : [32mparam_card.dat[0m                                 |
|  [31m9[0m. plot  : [32mplot_card.dat[0m                                  |
\------------------------------------------------------------/
 you can also
   - enter the path to a valid card or banner.
   - use the 'set' command to modify a parameter directly.
     The set option works only for param_card and run_card.
     Type 'help set' for more information on this command.
   - call an external program (ASperGE/MadWidth/...).
     Type 'help' for the list of available command
 [[4m0[0m, done, 1, param, 9, plot, enter path]
>INFO: starts to compute weight for events with the following modification to the param_card: 
INFO: set param_card dim6 1 0.0 # orig: 3.6
KEEP:set param_card dim6 2 -4.5 # orig: 4.5
KEEP:set param_card dim6 3 -20.0 # orig: 20.0
KEEP: 
INFO: Event nb 0 current time: 09h33 
INFO: Event nb 10 current time: 09h33 
INFO: Event nb 20  0.028s  
INFO: Event nb 30  0.042s  
INFO: Event nb 40  0.056s  
INFO: Event nb 50  0.069s  
INFO: Event nb 60  0.082s  
INFO: Event nb 70  0.094s  
INFO: Event nb 80  0.11s  
INFO: Event nb 90  0.12s  
INFO: All event done  (nb_event: 100)  0.13s  
INFO: Event /pool/condor/dir_19850/genproductions/bin/MadGraph5_aMCatNLO/WpWmToLpNujj_01j_aTGC_pTW-150toInf_mWV-150to600_4f_NLO_FXFX/WpWmToLpNujj_01j_aTGC_pTW-150toInf_mWV-150to600_4f_NLO_FXFX_gridpack/work/processtmp/Events/pilotrun/events.lhe.gz_0.lhe have now the additional weight 
launch --rwgt_name=cwww0p0_cwm4p50_cbm10
Do you want to edit a card (press enter to bypass editing)?
/------------------------------------------------------------\
|  [31m1[0m. param : [32mparam_card.dat[0m                                 |
|  [31m9[0m. plot  : [32mplot_card.dat[0m                                  |
\------------------------------------------------------------/
 you can also
   - enter the path to a valid card or banner.
   - use the 'set' command to modify a parameter directly.
     The set option works only for param_card and run_card.
     Type 'help set' for more information on this command.
   - call an external program (ASperGE/MadWidth/...).
     Type 'help' for the list of available command
 [[4m0[0m, done, 1, param, 9, plot, enter path]
>INFO: starts to compute weight for events with the following modification to the param_card: 
INFO: set param_card dim6 1 0.0 # orig: 3.6
KEEP:set param_card dim6 2 -4.5 # orig: 4.5
KEEP:set param_card dim6 3 -10.0 # orig: 20.0
KEEP: 
INFO: Event nb 0 current time: 09h33 
INFO: Event nb 10 current time: 09h33 
INFO: Event nb 20  0.033s  
INFO: Event nb 30  0.048s  
INFO: Event nb 40  0.062s  
INFO: Event nb 50  0.075s  
INFO: Event nb 60  0.088s  
INFO: Event nb 70  0.1s  
INFO: Event nb 80  0.11s  
INFO: Event nb 90  0.13s  
INFO: All event done  (nb_event: 100)  0.14s  
INFO: Event /pool/condor/dir_19850/genproductions/bin/MadGraph5_aMCatNLO/WpWmToLpNujj_01j_aTGC_pTW-150toInf_mWV-150to600_4f_NLO_FXFX/WpWmToLpNujj_01j_aTGC_pTW-150toInf_mWV-150to600_4f_NLO_FXFX_gridpack/work/processtmp/Events/pilotrun/events.lhe.gz_0.lhe have now the additional weight 
launch --rwgt_name=cwww0p0_cwm4p50_cb0
Do you want to edit a card (press enter to bypass editing)?
/------------------------------------------------------------\
|  [31m1[0m. param : [32mparam_card.dat[0m                                 |
|  [31m9[0m. plot  : [32mplot_card.dat[0m                                  |
\------------------------------------------------------------/
 you can also
   - enter the path to a valid card or banner.
   - use the 'set' command to modify a parameter directly.
     The set option works only for param_card and run_card.
     Type 'help set' for more information on this command.
   - call an external program (ASperGE/MadWidth/...).
     Type 'help' for the list of available command
 [[4m0[0m, done, 1, param, 9, plot, enter path]
>INFO: starts to compute weight for events with the following modification to the param_card: 
INFO: set param_card dim6 1 0.0 # orig: 3.6
KEEP:set param_card dim6 2 -4.5 # orig: 4.5
KEEP:set param_card dim6 3 0.0 # orig: 20.0
KEEP: 
INFO: Event nb 0 current time: 09h33 
INFO: Event nb 10 current time: 09h33 
INFO: Event nb 20  0.028s  
INFO: Event nb 30  0.043s  
INFO: Event nb 40  0.056s  
INFO: Event nb 50  0.07s  
INFO: Event nb 60  0.083s  
INFO: Event nb 70  0.096s  
INFO: Event nb 80  0.11s  
INFO: Event nb 90  0.12s  
INFO: All event done  (nb_event: 100)  0.14s  
INFO: Event /pool/condor/dir_19850/genproductions/bin/MadGraph5_aMCatNLO/WpWmToLpNujj_01j_aTGC_pTW-150toInf_mWV-150to600_4f_NLO_FXFX/WpWmToLpNujj_01j_aTGC_pTW-150toInf_mWV-150to600_4f_NLO_FXFX_gridpack/work/processtmp/Events/pilotrun/events.lhe.gz_0.lhe have now the additional weight 
launch --rwgt_name=cwww0p0_cwm4p50_cb10
Do you want to edit a card (press enter to bypass editing)?
/------------------------------------------------------------\
|  [31m1[0m. param : [32mparam_card.dat[0m                                 |
|  [31m9[0m. plot  : [32mplot_card.dat[0m                                  |
\------------------------------------------------------------/
 you can also
   - enter the path to a valid card or banner.
   - use the 'set' command to modify a parameter directly.
     The set option works only for param_card and run_card.
     Type 'help set' for more information on this command.
   - call an external program (ASperGE/MadWidth/...).
     Type 'help' for the list of available command
 [[4m0[0m, done, 1, param, 9, plot, enter path]
>INFO: starts to compute weight for events with the following modification to the param_card: 
INFO: set param_card dim6 1 0.0 # orig: 3.6
KEEP:set param_card dim6 2 -4.5 # orig: 4.5
KEEP:set param_card dim6 3 10.0 # orig: 20.0
KEEP: 
INFO: Event nb 0 current time: 09h33 
INFO: Event nb 10 current time: 09h33 
INFO: Event nb 20  0.03s  
INFO: Event nb 30  0.044s  
INFO: Event nb 40  0.058s  
INFO: Event nb 50  0.072s  
INFO: Event nb 60  0.085s  
INFO: Event nb 70  0.098s  
INFO: Event nb 80  0.11s  
INFO: Event nb 90  0.13s  
INFO: All event done  (nb_event: 100)  0.14s  
INFO: Event /pool/condor/dir_19850/genproductions/bin/MadGraph5_aMCatNLO/WpWmToLpNujj_01j_aTGC_pTW-150toInf_mWV-150to600_4f_NLO_FXFX/WpWmToLpNujj_01j_aTGC_pTW-150toInf_mWV-150to600_4f_NLO_FXFX_gridpack/work/processtmp/Events/pilotrun/events.lhe.gz_0.lhe have now the additional weight 
launch --rwgt_name=cwww0p0_cwm4p50_cb20
Do you want to edit a card (press enter to bypass editing)?
/------------------------------------------------------------\
|  [31m1[0m. param : [32mparam_card.dat[0m                                 |
|  [31m9[0m. plot  : [32mplot_card.dat[0m                                  |
\------------------------------------------------------------/
 you can also
   - enter the path to a valid card or banner.
   - use the 'set' command to modify a parameter directly.
     The set option works only for param_card and run_card.
     Type 'help set' for more information on this command.
   - call an external program (ASperGE/MadWidth/...).
     Type 'help' for the list of available command
 [[4m0[0m, done, 1, param, 9, plot, enter path]
>INFO: starts to compute weight for events with the following modification to the param_card: 
INFO: set param_card dim6 1 0.0 # orig: 3.6
KEEP:set param_card dim6 2 -4.5 # orig: 4.5
KEEP: 
INFO: Event nb 0 current time: 09h33 
INFO: Event nb 10 current time: 09h33 
INFO: Event nb 20  0.029s  
INFO: Event nb 30  0.044s  
INFO: Event nb 40  0.058s  
INFO: Event nb 50  0.072s  
INFO: Event nb 60  0.085s  
INFO: Event nb 70  0.098s  
INFO: Event nb 80  0.11s  
INFO: Event nb 90  0.12s  
INFO: All event done  (nb_event: 100)  0.14s  
INFO: Event /pool/condor/dir_19850/genproductions/bin/MadGraph5_aMCatNLO/WpWmToLpNujj_01j_aTGC_pTW-150toInf_mWV-150to600_4f_NLO_FXFX/WpWmToLpNujj_01j_aTGC_pTW-150toInf_mWV-150to600_4f_NLO_FXFX_gridpack/work/processtmp/Events/pilotrun/events.lhe.gz_0.lhe have now the additional weight 
launch --rwgt_name=cwww0p0_cwm2p25_cbm20
Do you want to edit a card (press enter to bypass editing)?
/------------------------------------------------------------\
|  [31m1[0m. param : [32mparam_card.dat[0m                                 |
|  [31m9[0m. plot  : [32mplot_card.dat[0m                                  |
\------------------------------------------------------------/
 you can also
   - enter the path to a valid card or banner.
   - use the 'set' command to modify a parameter directly.
     The set option works only for param_card and run_card.
     Type 'help set' for more information on this command.
   - call an external program (ASperGE/MadWidth/...).
     Type 'help' for the list of available command
 [[4m0[0m, done, 1, param, 9, plot, enter path]
>INFO: starts to compute weight for events with the following modification to the param_card: 
INFO: set param_card dim6 1 0.0 # orig: 3.6
KEEP:set param_card dim6 2 -2.25 # orig: 4.5
KEEP:set param_card dim6 3 -20.0 # orig: 20.0
KEEP: 
INFO: Event nb 0 current time: 09h33 
INFO: Event nb 10  0.022s  
INFO: Event nb 20  0.043s  
INFO: Event nb 30  0.065s  
INFO: Event nb 40  0.087s  
INFO: Event nb 50  0.1s  
INFO: Event nb 60  0.12s  
INFO: Event nb 70  0.13s  
INFO: Event nb 80  0.14s  
INFO: Event nb 90  0.16s  
INFO: All event done  (nb_event: 100)  0.17s  
INFO: Event /pool/condor/dir_19850/genproductions/bin/MadGraph5_aMCatNLO/WpWmToLpNujj_01j_aTGC_pTW-150toInf_mWV-150to600_4f_NLO_FXFX/WpWmToLpNujj_01j_aTGC_pTW-150toInf_mWV-150to600_4f_NLO_FXFX_gridpack/work/processtmp/Events/pilotrun/events.lhe.gz_0.lhe have now the additional weight 
launch --rwgt_name=cwww0p0_cwm2p25_cbm10
Do you want to edit a card (press enter to bypass editing)?
/------------------------------------------------------------\
|  [31m1[0m. param : [32mparam_card.dat[0m                                 |
|  [31m9[0m. plot  : [32mplot_card.dat[0m                                  |
\------------------------------------------------------------/
 you can also
   - enter the path to a valid card or banner.
   - use the 'set' command to modify a parameter directly.
     The set option works only for param_card and run_card.
     Type 'help set' for more information on this command.
   - call an external program (ASperGE/MadWidth/...).
     Type 'help' for the list of available command
 [[4m0[0m, done, 1, param, 9, plot, enter path]
>INFO: starts to compute weight for events with the following modification to the param_card: 
INFO: set param_card dim6 1 0.0 # orig: 3.6
KEEP:set param_card dim6 2 -2.25 # orig: 4.5
KEEP:set param_card dim6 3 -10.0 # orig: 20.0
KEEP: 
INFO: Event nb 0 current time: 09h33 
INFO: Event nb 10 current time: 09h33 
INFO: Event nb 20  0.03s  
INFO: Event nb 30  0.045s  
INFO: Event nb 40  0.059s  
INFO: Event nb 50  0.073s  
INFO: Event nb 60  0.087s  
INFO: Event nb 70  0.1s  
INFO: Event nb 80  0.11s  
INFO: Event nb 90  0.13s  
INFO: All event done  (nb_event: 100)  0.14s  
INFO: Event /pool/condor/dir_19850/genproductions/bin/MadGraph5_aMCatNLO/WpWmToLpNujj_01j_aTGC_pTW-150toInf_mWV-150to600_4f_NLO_FXFX/WpWmToLpNujj_01j_aTGC_pTW-150toInf_mWV-150to600_4f_NLO_FXFX_gridpack/work/processtmp/Events/pilotrun/events.lhe.gz_0.lhe have now the additional weight 
launch --rwgt_name=cwww0p0_cwm2p25_cb0
Do you want to edit a card (press enter to bypass editing)?
/------------------------------------------------------------\
|  [31m1[0m. param : [32mparam_card.dat[0m                                 |
|  [31m9[0m. plot  : [32mplot_card.dat[0m                                  |
\------------------------------------------------------------/
 you can also
   - enter the path to a valid card or banner.
   - use the 'set' command to modify a parameter directly.
     The set option works only for param_card and run_card.
     Type 'help set' for more information on this command.
   - call an external program (ASperGE/MadWidth/...).
     Type 'help' for the list of available command
 [[4m0[0m, done, 1, param, 9, plot, enter path]
>INFO: starts to compute weight for events with the following modification to the param_card: 
INFO: set param_card dim6 1 0.0 # orig: 3.6
KEEP:set param_card dim6 2 -2.25 # orig: 4.5
KEEP:set param_card dim6 3 0.0 # orig: 20.0
KEEP: 
INFO: Event nb 0 current time: 09h33 
INFO: Event nb 10 current time: 09h33 
INFO: Event nb 20  0.03s  
INFO: Event nb 30  0.044s  
INFO: Event nb 40  0.059s  
INFO: Event nb 50  0.073s  
INFO: Event nb 60  0.086s  
INFO: Event nb 70  0.099s  
INFO: Event nb 80  0.11s  
INFO: Event nb 90  0.13s  
INFO: All event done  (nb_event: 100)  0.14s  
INFO: Event /pool/condor/dir_19850/genproductions/bin/MadGraph5_aMCatNLO/WpWmToLpNujj_01j_aTGC_pTW-150toInf_mWV-150to600_4f_NLO_FXFX/WpWmToLpNujj_01j_aTGC_pTW-150toInf_mWV-150to600_4f_NLO_FXFX_gridpack/work/processtmp/Events/pilotrun/events.lhe.gz_0.lhe have now the additional weight 
launch --rwgt_name=cwww0p0_cwm2p25_cb10
Do you want to edit a card (press enter to bypass editing)?
/------------------------------------------------------------\
|  [31m1[0m. param : [32mparam_card.dat[0m                                 |
|  [31m9[0m. plot  : [32mplot_card.dat[0m                                  |
\------------------------------------------------------------/
 you can also
   - enter the path to a valid card or banner.
   - use the 'set' command to modify a parameter directly.
     The set option works only for param_card and run_card.
     Type 'help set' for more information on this command.
   - call an external program (ASperGE/MadWidth/...).
     Type 'help' for the list of available command
 [[4m0[0m, done, 1, param, 9, plot, enter path]
>INFO: starts to compute weight for events with the following modification to the param_card: 
INFO: set param_card dim6 1 0.0 # orig: 3.6
KEEP:set param_card dim6 2 -2.25 # orig: 4.5
KEEP:set param_card dim6 3 10.0 # orig: 20.0
KEEP: 
INFO: Event nb 0 current time: 09h33 
INFO: Event nb 10 current time: 09h33 
INFO: Event nb 20  0.03s  
INFO: Event nb 30  0.044s  
INFO: Event nb 40  0.059s  
INFO: Event nb 50  0.073s  
INFO: Event nb 60  0.086s  
INFO: Event nb 70  0.1s  
INFO: Event nb 80  0.11s  
INFO: Event nb 90  0.13s  
INFO: All event done  (nb_event: 100)  0.14s  
INFO: Event /pool/condor/dir_19850/genproductions/bin/MadGraph5_aMCatNLO/WpWmToLpNujj_01j_aTGC_pTW-150toInf_mWV-150to600_4f_NLO_FXFX/WpWmToLpNujj_01j_aTGC_pTW-150toInf_mWV-150to600_4f_NLO_FXFX_gridpack/work/processtmp/Events/pilotrun/events.lhe.gz_0.lhe have now the additional weight 
launch --rwgt_name=cwww0p0_cwm2p25_cb20
Do you want to edit a card (press enter to bypass editing)?
/------------------------------------------------------------\
|  [31m1[0m. param : [32mparam_card.dat[0m                                 |
|  [31m9[0m. plot  : [32mplot_card.dat[0m                                  |
\------------------------------------------------------------/
 you can also
   - enter the path to a valid card or banner.
   - use the 'set' command to modify a parameter directly.
     The set option works only for param_card and run_card.
     Type 'help set' for more information on this command.
   - call an external program (ASperGE/MadWidth/...).
     Type 'help' for the list of available command
 [[4m0[0m, done, 1, param, 9, plot, enter path]
>INFO: starts to compute weight for events with the following modification to the param_card: 
INFO: set param_card dim6 1 0.0 # orig: 3.6
KEEP:set param_card dim6 2 -2.25 # orig: 4.5
KEEP: 
INFO: Event nb 0 current time: 09h33 
INFO: Event nb 10 current time: 09h33 
INFO: Event nb 20  0.031s  
INFO: Event nb 30  0.046s  
INFO: Event nb 40  0.061s  
INFO: Event nb 50  0.076s  
INFO: Event nb 60  0.09s  
INFO: Event nb 70  0.1s  
INFO: Event nb 80  0.12s  
INFO: Event nb 90  0.13s  
INFO: All event done  (nb_event: 100)  0.15s  
INFO: Event /pool/condor/dir_19850/genproductions/bin/MadGraph5_aMCatNLO/WpWmToLpNujj_01j_aTGC_pTW-150toInf_mWV-150to600_4f_NLO_FXFX/WpWmToLpNujj_01j_aTGC_pTW-150toInf_mWV-150to600_4f_NLO_FXFX_gridpack/work/processtmp/Events/pilotrun/events.lhe.gz_0.lhe have now the additional weight 
launch --rwgt_name=cwww0p0_cw0p00_cbm20
Do you want to edit a card (press enter to bypass editing)?
/------------------------------------------------------------\
|  [31m1[0m. param : [32mparam_card.dat[0m                                 |
|  [31m9[0m. plot  : [32mplot_card.dat[0m                                  |
\------------------------------------------------------------/
 you can also
   - enter the path to a valid card or banner.
   - use the 'set' command to modify a parameter directly.
     The set option works only for param_card and run_card.
     Type 'help set' for more information on this command.
   - call an external program (ASperGE/MadWidth/...).
     Type 'help' for the list of available command
 [[4m0[0m, done, 1, param, 9, plot, enter path]
>INFO: starts to compute weight for events with the following modification to the param_card: 
INFO: set param_card dim6 1 0.0 # orig: 3.6
KEEP:set param_card dim6 2 0.0 # orig: 4.5
KEEP:set param_card dim6 3 -20.0 # orig: 20.0
KEEP: 
INFO: Event nb 0 current time: 09h33 
INFO: Event nb 10 current time: 09h33 
INFO: Event nb 20  0.031s  
INFO: Event nb 30  0.046s  
INFO: Event nb 40  0.061s  
INFO: Event nb 50  0.076s  
INFO: Event nb 60  0.09s  
INFO: Event nb 70  0.1s  
INFO: Event nb 80  0.12s  
INFO: Event nb 90  0.13s  
INFO: All event done  (nb_event: 100)  0.15s  
INFO: Event /pool/condor/dir_19850/genproductions/bin/MadGraph5_aMCatNLO/WpWmToLpNujj_01j_aTGC_pTW-150toInf_mWV-150to600_4f_NLO_FXFX/WpWmToLpNujj_01j_aTGC_pTW-150toInf_mWV-150to600_4f_NLO_FXFX_gridpack/work/processtmp/Events/pilotrun/events.lhe.gz_0.lhe have now the additional weight 
launch --rwgt_name=cwww0p0_cw0p00_cbm10
Do you want to edit a card (press enter to bypass editing)?
/------------------------------------------------------------\
|  [31m1[0m. param : [32mparam_card.dat[0m                                 |
|  [31m9[0m. plot  : [32mplot_card.dat[0m                                  |
\------------------------------------------------------------/
 you can also
   - enter the path to a valid card or banner.
   - use the 'set' command to modify a parameter directly.
     The set option works only for param_card and run_card.
     Type 'help set' for more information on this command.
   - call an external program (ASperGE/MadWidth/...).
     Type 'help' for the list of available command
 [[4m0[0m, done, 1, param, 9, plot, enter path]
>INFO: starts to compute weight for events with the following modification to the param_card: 
INFO: set param_card dim6 1 0.0 # orig: 3.6
KEEP:set param_card dim6 2 0.0 # orig: 4.5
KEEP:set param_card dim6 3 -10.0 # orig: 20.0
KEEP: 
INFO: Event nb 0 current time: 09h33 
INFO: Event nb 10 current time: 09h33 
INFO: Event nb 20  0.031s  
INFO: Event nb 30  0.046s  
INFO: Event nb 40  0.061s  
INFO: Event nb 50  0.077s  
INFO: Event nb 60  0.091s  
INFO: Event nb 70  0.1s  
INFO: Event nb 80  0.12s  
INFO: Event nb 90  0.13s  
INFO: All event done  (nb_event: 100)  0.15s  
INFO: Event /pool/condor/dir_19850/genproductions/bin/MadGraph5_aMCatNLO/WpWmToLpNujj_01j_aTGC_pTW-150toInf_mWV-150to600_4f_NLO_FXFX/WpWmToLpNujj_01j_aTGC_pTW-150toInf_mWV-150to600_4f_NLO_FXFX_gridpack/work/processtmp/Events/pilotrun/events.lhe.gz_0.lhe have now the additional weight 
launch --rwgt_name=cwww0p0_cw0p00_cb0
Do you want to edit a card (press enter to bypass editing)?
/------------------------------------------------------------\
|  [31m1[0m. param : [32mparam_card.dat[0m                                 |
|  [31m9[0m. plot  : [32mplot_card.dat[0m                                  |
\------------------------------------------------------------/
 you can also
   - enter the path to a valid card or banner.
   - use the 'set' command to modify a parameter directly.
     The set option works only for param_card and run_card.
     Type 'help set' for more information on this command.
   - call an external program (ASperGE/MadWidth/...).
     Type 'help' for the list of available command
 [[4m0[0m, done, 1, param, 9, plot, enter path]
>INFO: starts to compute weight for events with the following modification to the param_card: 
INFO: set param_card dim6 1 0.0 # orig: 3.6
KEEP:set param_card dim6 2 0.0 # orig: 4.5
KEEP:set param_card dim6 3 0.0 # orig: 20.0
KEEP: 
INFO: Event nb 0 current time: 09h33 
INFO: Event nb 10 current time: 09h33 
INFO: Event nb 20  0.031s  
INFO: Event nb 30  0.047s  
INFO: Event nb 40  0.062s  
INFO: Event nb 50  0.077s  
INFO: Event nb 60  0.091s  
INFO: Event nb 70  0.11s  
INFO: Event nb 80  0.12s  
INFO: Event nb 90  0.13s  
INFO: All event done  (nb_event: 100)  0.15s  
INFO: Event /pool/condor/dir_19850/genproductions/bin/MadGraph5_aMCatNLO/WpWmToLpNujj_01j_aTGC_pTW-150toInf_mWV-150to600_4f_NLO_FXFX/WpWmToLpNujj_01j_aTGC_pTW-150toInf_mWV-150to600_4f_NLO_FXFX_gridpack/work/processtmp/Events/pilotrun/events.lhe.gz_0.lhe have now the additional weight 
launch --rwgt_name=cwww0p0_cw0p00_cb10
Do you want to edit a card (press enter to bypass editing)?
/------------------------------------------------------------\
|  [31m1[0m. param : [32mparam_card.dat[0m                                 |
|  [31m9[0m. plot  : [32mplot_card.dat[0m                                  |
\------------------------------------------------------------/
 you can also
   - enter the path to a valid card or banner.
   - use the 'set' command to modify a parameter directly.
     The set option works only for param_card and run_card.
     Type 'help set' for more information on this command.
   - call an external program (ASperGE/MadWidth/...).
     Type 'help' for the list of available command
 [[4m0[0m, done, 1, param, 9, plot, enter path]
>INFO: starts to compute weight for events with the following modification to the param_card: 
INFO: set param_card dim6 1 0.0 # orig: 3.6
KEEP:set param_card dim6 2 0.0 # orig: 4.5
KEEP:set param_card dim6 3 10.0 # orig: 20.0
KEEP: 
INFO: Event nb 0 current time: 09h33 
INFO: Event nb 10 current time: 09h33 
INFO: Event nb 20  0.031s  
INFO: Event nb 30  0.047s  
INFO: Event nb 40  0.062s  
INFO: Event nb 50  0.077s  
INFO: Event nb 60  0.091s  
INFO: Event nb 70  0.11s  
INFO: Event nb 80  0.12s  
INFO: Event nb 90  0.14s  
INFO: All event done  (nb_event: 100)  0.15s  
INFO: Event /pool/condor/dir_19850/genproductions/bin/MadGraph5_aMCatNLO/WpWmToLpNujj_01j_aTGC_pTW-150toInf_mWV-150to600_4f_NLO_FXFX/WpWmToLpNujj_01j_aTGC_pTW-150toInf_mWV-150to600_4f_NLO_FXFX_gridpack/work/processtmp/Events/pilotrun/events.lhe.gz_0.lhe have now the additional weight 
launch --rwgt_name=cwww0p0_cw0p00_cb20
Do you want to edit a card (press enter to bypass editing)?
/------------------------------------------------------------\
|  [31m1[0m. param : [32mparam_card.dat[0m                                 |
|  [31m9[0m. plot  : [32mplot_card.dat[0m                                  |
\------------------------------------------------------------/
 you can also
   - enter the path to a valid card or banner.
   - use the 'set' command to modify a parameter directly.
     The set option works only for param_card and run_card.
     Type 'help set' for more information on this command.
   - call an external program (ASperGE/MadWidth/...).
     Type 'help' for the list of available command
 [[4m0[0m, done, 1, param, 9, plot, enter path]
>INFO: starts to compute weight for events with the following modification to the param_card: 
INFO: set param_card dim6 1 0.0 # orig: 3.6
KEEP:set param_card dim6 2 0.0 # orig: 4.5
KEEP: 
INFO: Event nb 0 current time: 09h33 
INFO: Event nb 10 current time: 09h33 
INFO: Event nb 20  0.031s  
INFO: Event nb 30  0.047s  
INFO: Event nb 40  0.062s  
INFO: Event nb 50  0.078s  
INFO: Event nb 60  0.092s  
INFO: Event nb 70  0.11s  
INFO: Event nb 80  0.12s  
INFO: Event nb 90  0.14s  
INFO: All event done  (nb_event: 100)  0.15s  
INFO: Event /pool/condor/dir_19850/genproductions/bin/MadGraph5_aMCatNLO/WpWmToLpNujj_01j_aTGC_pTW-150toInf_mWV-150to600_4f_NLO_FXFX/WpWmToLpNujj_01j_aTGC_pTW-150toInf_mWV-150to600_4f_NLO_FXFX_gridpack/work/processtmp/Events/pilotrun/events.lhe.gz_0.lhe have now the additional weight 
launch --rwgt_name=cwww0p0_cw2p25_cbm20
Do you want to edit a card (press enter to bypass editing)?
/------------------------------------------------------------\
|  [31m1[0m. param : [32mparam_card.dat[0m                                 |
|  [31m9[0m. plot  : [32mplot_card.dat[0m                                  |
\------------------------------------------------------------/
 you can also
   - enter the path to a valid card or banner.
   - use the 'set' command to modify a parameter directly.
     The set option works only for param_card and run_card.
     Type 'help set' for more information on this command.
   - call an external program (ASperGE/MadWidth/...).
     Type 'help' for the list of available command
 [[4m0[0m, done, 1, param, 9, plot, enter path]
>INFO: starts to compute weight for events with the following modification to the param_card: 
INFO: set param_card dim6 1 0.0 # orig: 3.6
KEEP:set param_card dim6 2 2.25 # orig: 4.5
KEEP:set param_card dim6 3 -20.0 # orig: 20.0
KEEP: 
INFO: Event nb 0 current time: 09h33 
INFO: Event nb 10 current time: 09h33 
INFO: Event nb 20  0.031s  
INFO: Event nb 30  0.047s  
INFO: Event nb 40  0.062s  
INFO: Event nb 50  0.078s  
INFO: Event nb 60  0.092s  
INFO: Event nb 70  0.11s  
INFO: Event nb 80  0.12s  
INFO: Event nb 90  0.14s  
INFO: All event done  (nb_event: 100)  0.15s  
INFO: Event /pool/condor/dir_19850/genproductions/bin/MadGraph5_aMCatNLO/WpWmToLpNujj_01j_aTGC_pTW-150toInf_mWV-150to600_4f_NLO_FXFX/WpWmToLpNujj_01j_aTGC_pTW-150toInf_mWV-150to600_4f_NLO_FXFX_gridpack/work/processtmp/Events/pilotrun/events.lhe.gz_0.lhe have now the additional weight 
launch --rwgt_name=cwww0p0_cw2p25_cbm10
Do you want to edit a card (press enter to bypass editing)?
/------------------------------------------------------------\
|  [31m1[0m. param : [32mparam_card.dat[0m                                 |
|  [31m9[0m. plot  : [32mplot_card.dat[0m                                  |
\------------------------------------------------------------/
 you can also
   - enter the path to a valid card or banner.
   - use the 'set' command to modify a parameter directly.
     The set option works only for param_card and run_card.
     Type 'help set' for more information on this command.
   - call an external program (ASperGE/MadWidth/...).
     Type 'help' for the list of available command
 [[4m0[0m, done, 1, param, 9, plot, enter path]
>INFO: starts to compute weight for events with the following modification to the param_card: 
INFO: set param_card dim6 1 0.0 # orig: 3.6
KEEP:set param_card dim6 2 2.25 # orig: 4.5
KEEP:set param_card dim6 3 -10.0 # orig: 20.0
KEEP: 
INFO: Event nb 0 current time: 09h33 
INFO: Event nb 10 current time: 09h33 
INFO: Event nb 20  0.032s  
INFO: Event nb 30  0.048s  
INFO: Event nb 40  0.063s  
INFO: Event nb 50  0.079s  
INFO: Event nb 60  0.093s  
INFO: Event nb 70  0.11s  
INFO: Event nb 80  0.12s  
INFO: Event nb 90  0.14s  
INFO: All event done  (nb_event: 100)  0.15s  
INFO: Event /pool/condor/dir_19850/genproductions/bin/MadGraph5_aMCatNLO/WpWmToLpNujj_01j_aTGC_pTW-150toInf_mWV-150to600_4f_NLO_FXFX/WpWmToLpNujj_01j_aTGC_pTW-150toInf_mWV-150to600_4f_NLO_FXFX_gridpack/work/processtmp/Events/pilotrun/events.lhe.gz_0.lhe have now the additional weight 
launch --rwgt_name=cwww0p0_cw2p25_cb0
Do you want to edit a card (press enter to bypass editing)?
/------------------------------------------------------------\
|  [31m1[0m. param : [32mparam_card.dat[0m                                 |
|  [31m9[0m. plot  : [32mplot_card.dat[0m                                  |
\------------------------------------------------------------/
 you can also
   - enter the path to a valid card or banner.
   - use the 'set' command to modify a parameter directly.
     The set option works only for param_card and run_card.
     Type 'help set' for more information on this command.
   - call an external program (ASperGE/MadWidth/...).
     Type 'help' for the list of available command
 [[4m0[0m, done, 1, param, 9, plot, enter path]
>INFO: starts to compute weight for events with the following modification to the param_card: 
INFO: set param_card dim6 1 0.0 # orig: 3.6
KEEP:set param_card dim6 2 2.25 # orig: 4.5
KEEP:set param_card dim6 3 0.0 # orig: 20.0
KEEP: 
INFO: Event nb 0 current time: 09h33 
INFO: Event nb 10 current time: 09h33 
INFO: Event nb 20  0.032s  
INFO: Event nb 30  0.048s  
INFO: Event nb 40  0.063s  
INFO: Event nb 50  0.079s  
INFO: Event nb 60  0.094s  
INFO: Event nb 70  0.11s  
INFO: Event nb 80  0.12s  
INFO: Event nb 90  0.14s  
INFO: All event done  (nb_event: 100)  0.15s  
INFO: Event /pool/condor/dir_19850/genproductions/bin/MadGraph5_aMCatNLO/WpWmToLpNujj_01j_aTGC_pTW-150toInf_mWV-150to600_4f_NLO_FXFX/WpWmToLpNujj_01j_aTGC_pTW-150toInf_mWV-150to600_4f_NLO_FXFX_gridpack/work/processtmp/Events/pilotrun/events.lhe.gz_0.lhe have now the additional weight 
launch --rwgt_name=cwww0p0_cw2p25_cb10
Do you want to edit a card (press enter to bypass editing)?
/------------------------------------------------------------\
|  [31m1[0m. param : [32mparam_card.dat[0m                                 |
|  [31m9[0m. plot  : [32mplot_card.dat[0m                                  |
\------------------------------------------------------------/
 you can also
   - enter the path to a valid card or banner.
   - use the 'set' command to modify a parameter directly.
     The set option works only for param_card and run_card.
     Type 'help set' for more information on this command.
   - call an external program (ASperGE/MadWidth/...).
     Type 'help' for the list of available command
 [[4m0[0m, done, 1, param, 9, plot, enter path]
>INFO: starts to compute weight for events with the following modification to the param_card: 
INFO: set param_card dim6 1 0.0 # orig: 3.6
KEEP:set param_card dim6 2 2.25 # orig: 4.5
KEEP:set param_card dim6 3 10.0 # orig: 20.0
KEEP: 
INFO: Event nb 0 current time: 09h33 
INFO: Event nb 10 current time: 09h33 
INFO: Event nb 20  0.032s  
INFO: Event nb 30  0.048s  
INFO: Event nb 40  0.064s  
INFO: Event nb 50  0.079s  
INFO: Event nb 60  0.094s  
INFO: Event nb 70  0.11s  
INFO: Event nb 80  0.12s  
INFO: Event nb 90  0.14s  
INFO: All event done  (nb_event: 100)  0.15s  
INFO: Event /pool/condor/dir_19850/genproductions/bin/MadGraph5_aMCatNLO/WpWmToLpNujj_01j_aTGC_pTW-150toInf_mWV-150to600_4f_NLO_FXFX/WpWmToLpNujj_01j_aTGC_pTW-150toInf_mWV-150to600_4f_NLO_FXFX_gridpack/work/processtmp/Events/pilotrun/events.lhe.gz_0.lhe have now the additional weight 
launch --rwgt_name=cwww0p0_cw2p25_cb20
Do you want to edit a card (press enter to bypass editing)?
/------------------------------------------------------------\
|  [31m1[0m. param : [32mparam_card.dat[0m                                 |
|  [31m9[0m. plot  : [32mplot_card.dat[0m                                  |
\------------------------------------------------------------/
 you can also
   - enter the path to a valid card or banner.
   - use the 'set' command to modify a parameter directly.
     The set option works only for param_card and run_card.
     Type 'help set' for more information on this command.
   - call an external program (ASperGE/MadWidth/...).
     Type 'help' for the list of available command
 [[4m0[0m, done, 1, param, 9, plot, enter path]
>INFO: starts to compute weight for events with the following modification to the param_card: 
INFO: set param_card dim6 1 0.0 # orig: 3.6
KEEP:set param_card dim6 2 2.25 # orig: 4.5
KEEP: 
INFO: Event nb 0 current time: 09h33 
INFO: Event nb 10 current time: 09h33 
INFO: Event nb 20  0.034s  
INFO: Event nb 30  0.05s  
INFO: Event nb 40  0.065s  
INFO: Event nb 50  0.08s  
INFO: Event nb 60  0.094s  
INFO: Event nb 70  0.11s  
INFO: Event nb 80  0.12s  
INFO: Event nb 90  0.14s  
INFO: All event done  (nb_event: 100)  0.15s  
INFO: Event /pool/condor/dir_19850/genproductions/bin/MadGraph5_aMCatNLO/WpWmToLpNujj_01j_aTGC_pTW-150toInf_mWV-150to600_4f_NLO_FXFX/WpWmToLpNujj_01j_aTGC_pTW-150toInf_mWV-150to600_4f_NLO_FXFX_gridpack/work/processtmp/Events/pilotrun/events.lhe.gz_0.lhe have now the additional weight 
launch --rwgt_name=cwww0p0_cw4p50_cbm20
Do you want to edit a card (press enter to bypass editing)?
/------------------------------------------------------------\
|  [31m1[0m. param : [32mparam_card.dat[0m                                 |
|  [31m9[0m. plot  : [32mplot_card.dat[0m                                  |
\------------------------------------------------------------/
 you can also
   - enter the path to a valid card or banner.
   - use the 'set' command to modify a parameter directly.
     The set option works only for param_card and run_card.
     Type 'help set' for more information on this command.
   - call an external program (ASperGE/MadWidth/...).
     Type 'help' for the list of available command
 [[4m0[0m, done, 1, param, 9, plot, enter path]
>INFO: starts to compute weight for events with the following modification to the param_card: 
INFO: set param_card dim6 1 0.0 # orig: 3.6
KEEP:set param_card dim6 3 -20.0 # orig: 20.0
KEEP: 
INFO: Event nb 0 current time: 09h33 
INFO: Event nb 10 current time: 09h33 
INFO: Event nb 20  0.032s  
INFO: Event nb 30  0.048s  
INFO: Event nb 40  0.064s  
INFO: Event nb 50  0.08s  
INFO: Event nb 60  0.095s  
INFO: Event nb 70  0.11s  
INFO: Event nb 80  0.12s  
INFO: Event nb 90  0.14s  
INFO: All event done  (nb_event: 100)  0.15s  
INFO: Event /pool/condor/dir_19850/genproductions/bin/MadGraph5_aMCatNLO/WpWmToLpNujj_01j_aTGC_pTW-150toInf_mWV-150to600_4f_NLO_FXFX/WpWmToLpNujj_01j_aTGC_pTW-150toInf_mWV-150to600_4f_NLO_FXFX_gridpack/work/processtmp/Events/pilotrun/events.lhe.gz_0.lhe have now the additional weight 
launch --rwgt_name=cwww0p0_cw4p50_cbm10
Do you want to edit a card (press enter to bypass editing)?
/------------------------------------------------------------\
|  [31m1[0m. param : [32mparam_card.dat[0m                                 |
|  [31m9[0m. plot  : [32mplot_card.dat[0m                                  |
\------------------------------------------------------------/
 you can also
   - enter the path to a valid card or banner.
   - use the 'set' command to modify a parameter directly.
     The set option works only for param_card and run_card.
     Type 'help set' for more information on this command.
   - call an external program (ASperGE/MadWidth/...).
     Type 'help' for the list of available command
 [[4m0[0m, done, 1, param, 9, plot, enter path]
>INFO: starts to compute weight for events with the following modification to the param_card: 
INFO: set param_card dim6 1 0.0 # orig: 3.6
KEEP:set param_card dim6 3 -10.0 # orig: 20.0
KEEP: 
INFO: Event nb 0 current time: 09h33 
INFO: Event nb 10 current time: 09h33 
INFO: Event nb 20  0.033s  
INFO: Event nb 30  0.05s  
INFO: Event nb 40  0.065s  
INFO: Event nb 50  0.081s  
INFO: Event nb 60  0.096s  
INFO: Event nb 70  0.11s  
INFO: Event nb 80  0.13s  
INFO: Event nb 90  0.14s  
INFO: All event done  (nb_event: 100)  0.16s  
INFO: Event /pool/condor/dir_19850/genproductions/bin/MadGraph5_aMCatNLO/WpWmToLpNujj_01j_aTGC_pTW-150toInf_mWV-150to600_4f_NLO_FXFX/WpWmToLpNujj_01j_aTGC_pTW-150toInf_mWV-150to600_4f_NLO_FXFX_gridpack/work/processtmp/Events/pilotrun/events.lhe.gz_0.lhe have now the additional weight 
launch --rwgt_name=cwww0p0_cw4p50_cb0
Do you want to edit a card (press enter to bypass editing)?
/------------------------------------------------------------\
|  [31m1[0m. param : [32mparam_card.dat[0m                                 |
|  [31m9[0m. plot  : [32mplot_card.dat[0m                                  |
\------------------------------------------------------------/
 you can also
   - enter the path to a valid card or banner.
   - use the 'set' command to modify a parameter directly.
     The set option works only for param_card and run_card.
     Type 'help set' for more information on this command.
   - call an external program (ASperGE/MadWidth/...).
     Type 'help' for the list of available command
 [[4m0[0m, done, 1, param, 9, plot, enter path]
>INFO: starts to compute weight for events with the following modification to the param_card: 
INFO: set param_card dim6 1 0.0 # orig: 3.6
KEEP:set param_card dim6 3 0.0 # orig: 20.0
KEEP: 
INFO: Event nb 0 current time: 09h33 
INFO: Event nb 10 current time: 09h33 
INFO: Event nb 20  0.032s  
INFO: Event nb 30  0.049s  
INFO: Event nb 40  0.065s  
INFO: Event nb 50  0.081s  
INFO: Event nb 60  0.096s  
INFO: Event nb 70  0.11s  
INFO: Event nb 80  0.13s  
INFO: Event nb 90  0.14s  
INFO: All event done  (nb_event: 100)  0.16s  
INFO: Event /pool/condor/dir_19850/genproductions/bin/MadGraph5_aMCatNLO/WpWmToLpNujj_01j_aTGC_pTW-150toInf_mWV-150to600_4f_NLO_FXFX/WpWmToLpNujj_01j_aTGC_pTW-150toInf_mWV-150to600_4f_NLO_FXFX_gridpack/work/processtmp/Events/pilotrun/events.lhe.gz_0.lhe have now the additional weight 
launch --rwgt_name=cwww0p0_cw4p50_cb10
Do you want to edit a card (press enter to bypass editing)?
/------------------------------------------------------------\
|  [31m1[0m. param : [32mparam_card.dat[0m                                 |
|  [31m9[0m. plot  : [32mplot_card.dat[0m                                  |
\------------------------------------------------------------/
 you can also
   - enter the path to a valid card or banner.
   - use the 'set' command to modify a parameter directly.
     The set option works only for param_card and run_card.
     Type 'help set' for more information on this command.
   - call an external program (ASperGE/MadWidth/...).
     Type 'help' for the list of available command
 [[4m0[0m, done, 1, param, 9, plot, enter path]
>INFO: starts to compute weight for events with the following modification to the param_card: 
INFO: set param_card dim6 1 0.0 # orig: 3.6
KEEP:set param_card dim6 3 10.0 # orig: 20.0
KEEP: 
INFO: Event nb 0 current time: 09h33 
INFO: Event nb 10 current time: 09h33 
INFO: Event nb 20  0.032s  
INFO: Event nb 30  0.049s  
INFO: Event nb 40  0.065s  
INFO: Event nb 50  0.081s  
INFO: Event nb 60  0.096s  
INFO: Event nb 70  0.11s  
INFO: Event nb 80  0.13s  
INFO: Event nb 90  0.14s  
INFO: All event done  (nb_event: 100)  0.16s  
INFO: Event /pool/condor/dir_19850/genproductions/bin/MadGraph5_aMCatNLO/WpWmToLpNujj_01j_aTGC_pTW-150toInf_mWV-150to600_4f_NLO_FXFX/WpWmToLpNujj_01j_aTGC_pTW-150toInf_mWV-150to600_4f_NLO_FXFX_gridpack/work/processtmp/Events/pilotrun/events.lhe.gz_0.lhe have now the additional weight 
launch --rwgt_name=cwww0p0_cw4p50_cb20
Do you want to edit a card (press enter to bypass editing)?
/------------------------------------------------------------\
|  [31m1[0m. param : [32mparam_card.dat[0m                                 |
|  [31m9[0m. plot  : [32mplot_card.dat[0m                                  |
\------------------------------------------------------------/
 you can also
   - enter the path to a valid card or banner.
   - use the 'set' command to modify a parameter directly.
     The set option works only for param_card and run_card.
     Type 'help set' for more information on this command.
   - call an external program (ASperGE/MadWidth/...).
     Type 'help' for the list of available command
 [[4m0[0m, done, 1, param, 9, plot, enter path]
>INFO: starts to compute weight for events with the following modification to the param_card: 
INFO: set param_card dim6 1 0.0 # orig: 3.6
KEEP: 
INFO: Event nb 0 current time: 09h33 
INFO: Event nb 10 current time: 09h33 
INFO: Event nb 20  0.033s  
INFO: Event nb 30  0.049s  
INFO: Event nb 40  0.065s  
INFO: Event nb 50  0.081s  
INFO: Event nb 60  0.097s  
INFO: Event nb 70  0.11s  
INFO: Event nb 80  0.13s  
INFO: Event nb 90  0.14s  
INFO: All event done  (nb_event: 100)  0.16s  
INFO: Event /pool/condor/dir_19850/genproductions/bin/MadGraph5_aMCatNLO/WpWmToLpNujj_01j_aTGC_pTW-150toInf_mWV-150to600_4f_NLO_FXFX/WpWmToLpNujj_01j_aTGC_pTW-150toInf_mWV-150to600_4f_NLO_FXFX_gridpack/work/processtmp/Events/pilotrun/events.lhe.gz_0.lhe have now the additional weight 
launch --rwgt_name=cwww1p8_cwm4p50_cbm20
Do you want to edit a card (press enter to bypass editing)?
/------------------------------------------------------------\
|  [31m1[0m. param : [32mparam_card.dat[0m                                 |
|  [31m9[0m. plot  : [32mplot_card.dat[0m                                  |
\------------------------------------------------------------/
 you can also
   - enter the path to a valid card or banner.
   - use the 'set' command to modify a parameter directly.
     The set option works only for param_card and run_card.
     Type 'help set' for more information on this command.
   - call an external program (ASperGE/MadWidth/...).
     Type 'help' for the list of available command
 [[4m0[0m, done, 1, param, 9, plot, enter path]
>INFO: starts to compute weight for events with the following modification to the param_card: 
INFO: set param_card dim6 1 1.8 # orig: 3.6
KEEP:set param_card dim6 2 -4.5 # orig: 4.5
KEEP:set param_card dim6 3 -20.0 # orig: 20.0
KEEP: 
INFO: Event nb 0 current time: 09h33 
INFO: Event nb 10 current time: 09h33 
INFO: Event nb 20  0.033s  
INFO: Event nb 30  0.05s  
INFO: Event nb 40  0.066s  
INFO: Event nb 50  0.082s  
INFO: Event nb 60  0.097s  
INFO: Event nb 70  0.11s  
INFO: Event nb 80  0.13s  
INFO: Event nb 90  0.14s  
INFO: All event done  (nb_event: 100)  0.16s  
INFO: Event /pool/condor/dir_19850/genproductions/bin/MadGraph5_aMCatNLO/WpWmToLpNujj_01j_aTGC_pTW-150toInf_mWV-150to600_4f_NLO_FXFX/WpWmToLpNujj_01j_aTGC_pTW-150toInf_mWV-150to600_4f_NLO_FXFX_gridpack/work/processtmp/Events/pilotrun/events.lhe.gz_0.lhe have now the additional weight 
launch --rwgt_name=cwww1p8_cwm4p50_cbm10
Do you want to edit a card (press enter to bypass editing)?
/------------------------------------------------------------\
|  [31m1[0m. param : [32mparam_card.dat[0m                                 |
|  [31m9[0m. plot  : [32mplot_card.dat[0m                                  |
\------------------------------------------------------------/
 you can also
   - enter the path to a valid card or banner.
   - use the 'set' command to modify a parameter directly.
     The set option works only for param_card and run_card.
     Type 'help set' for more information on this command.
   - call an external program (ASperGE/MadWidth/...).
     Type 'help' for the list of available command
 [[4m0[0m, done, 1, param, 9, plot, enter path]
>INFO: starts to compute weight for events with the following modification to the param_card: 
INFO: set param_card dim6 1 1.8 # orig: 3.6
KEEP:set param_card dim6 2 -4.5 # orig: 4.5
KEEP:set param_card dim6 3 -10.0 # orig: 20.0
KEEP: 
INFO: Event nb 0 current time: 09h33 
INFO: Event nb 10 current time: 09h33 
INFO: Event nb 20  0.033s  
INFO: Event nb 30  0.05s  
INFO: Event nb 40  0.066s  
INFO: Event nb 50  0.082s  
INFO: Event nb 60  0.097s  
INFO: Event nb 70  0.11s  
INFO: Event nb 80  0.13s  
INFO: Event nb 90  0.14s  
INFO: All event done  (nb_event: 100)  0.16s  
INFO: Event /pool/condor/dir_19850/genproductions/bin/MadGraph5_aMCatNLO/WpWmToLpNujj_01j_aTGC_pTW-150toInf_mWV-150to600_4f_NLO_FXFX/WpWmToLpNujj_01j_aTGC_pTW-150toInf_mWV-150to600_4f_NLO_FXFX_gridpack/work/processtmp/Events/pilotrun/events.lhe.gz_0.lhe have now the additional weight 
launch --rwgt_name=cwww1p8_cwm4p50_cb0
Do you want to edit a card (press enter to bypass editing)?
/------------------------------------------------------------\
|  [31m1[0m. param : [32mparam_card.dat[0m                                 |
|  [31m9[0m. plot  : [32mplot_card.dat[0m                                  |
\------------------------------------------------------------/
 you can also
   - enter the path to a valid card or banner.
   - use the 'set' command to modify a parameter directly.
     The set option works only for param_card and run_card.
     Type 'help set' for more information on this command.
   - call an external program (ASperGE/MadWidth/...).
     Type 'help' for the list of available command
 [[4m0[0m, done, 1, param, 9, plot, enter path]
>INFO: starts to compute weight for events with the following modification to the param_card: 
INFO: set param_card dim6 1 1.8 # orig: 3.6
KEEP:set param_card dim6 2 -4.5 # orig: 4.5
KEEP:set param_card dim6 3 0.0 # orig: 20.0
KEEP: 
INFO: Event nb 0 current time: 09h33 
INFO: Event nb 10 current time: 09h33 
INFO: Event nb 20  0.033s  
INFO: Event nb 30  0.05s  
INFO: Event nb 40  0.13s  
INFO: Event nb 50  0.15s  
INFO: Event nb 60  0.16s  
INFO: Event nb 70  0.18s  
INFO: Event nb 80  0.2s  
INFO: Event nb 90  0.21s  
INFO: All event done  (nb_event: 100)  0.23s  
INFO: Event /pool/condor/dir_19850/genproductions/bin/MadGraph5_aMCatNLO/WpWmToLpNujj_01j_aTGC_pTW-150toInf_mWV-150to600_4f_NLO_FXFX/WpWmToLpNujj_01j_aTGC_pTW-150toInf_mWV-150to600_4f_NLO_FXFX_gridpack/work/processtmp/Events/pilotrun/events.lhe.gz_0.lhe have now the additional weight 
launch --rwgt_name=cwww1p8_cwm4p50_cb10
Do you want to edit a card (press enter to bypass editing)?
/------------------------------------------------------------\
|  [31m1[0m. param : [32mparam_card.dat[0m                                 |
|  [31m9[0m. plot  : [32mplot_card.dat[0m                                  |
\------------------------------------------------------------/
 you can also
   - enter the path to a valid card or banner.
   - use the 'set' command to modify a parameter directly.
     The set option works only for param_card and run_card.
     Type 'help set' for more information on this command.
   - call an external program (ASperGE/MadWidth/...).
     Type 'help' for the list of available command
 [[4m0[0m, done, 1, param, 9, plot, enter path]
>INFO: starts to compute weight for events with the following modification to the param_card: 
INFO: set param_card dim6 1 1.8 # orig: 3.6
KEEP:set param_card dim6 2 -4.5 # orig: 4.5
KEEP:set param_card dim6 3 10.0 # orig: 20.0
KEEP: 
INFO: Event nb 0 current time: 09h33 
INFO: Event nb 10 current time: 09h33 
INFO: Event nb 20  0.034s  
INFO: Event nb 30  0.051s  
INFO: Event nb 40  0.067s  
INFO: Event nb 50  0.084s  
INFO: Event nb 60  0.1s  
INFO: Event nb 70  0.12s  
INFO: Event nb 80  0.13s  
INFO: Event nb 90  0.15s  
INFO: All event done  (nb_event: 100)  0.16s  
INFO: Event /pool/condor/dir_19850/genproductions/bin/MadGraph5_aMCatNLO/WpWmToLpNujj_01j_aTGC_pTW-150toInf_mWV-150to600_4f_NLO_FXFX/WpWmToLpNujj_01j_aTGC_pTW-150toInf_mWV-150to600_4f_NLO_FXFX_gridpack/work/processtmp/Events/pilotrun/events.lhe.gz_0.lhe have now the additional weight 
launch --rwgt_name=cwww1p8_cwm4p50_cb20
Do you want to edit a card (press enter to bypass editing)?
/------------------------------------------------------------\
|  [31m1[0m. param : [32mparam_card.dat[0m                                 |
|  [31m9[0m. plot  : [32mplot_card.dat[0m                                  |
\------------------------------------------------------------/
 you can also
   - enter the path to a valid card or banner.
   - use the 'set' command to modify a parameter directly.
     The set option works only for param_card and run_card.
     Type 'help set' for more information on this command.
   - call an external program (ASperGE/MadWidth/...).
     Type 'help' for the list of available command
 [[4m0[0m, done, 1, param, 9, plot, enter path]
>INFO: starts to compute weight for events with the following modification to the param_card: 
INFO: set param_card dim6 1 1.8 # orig: 3.6
KEEP:set param_card dim6 2 -4.5 # orig: 4.5
KEEP: 
INFO: Event nb 0 current time: 09h33 
INFO: Event nb 10 current time: 09h33 
INFO: Event nb 20  0.034s  
INFO: Event nb 30  0.052s  
INFO: Event nb 40  0.068s  
INFO: Event nb 50  0.085s  
INFO: Event nb 60  0.1s  
INFO: Event nb 70  0.12s  
INFO: Event nb 80  0.13s  
INFO: Event nb 90  0.15s  
INFO: All event done  (nb_event: 100)  0.16s  
INFO: Event /pool/condor/dir_19850/genproductions/bin/MadGraph5_aMCatNLO/WpWmToLpNujj_01j_aTGC_pTW-150toInf_mWV-150to600_4f_NLO_FXFX/WpWmToLpNujj_01j_aTGC_pTW-150toInf_mWV-150to600_4f_NLO_FXFX_gridpack/work/processtmp/Events/pilotrun/events.lhe.gz_0.lhe have now the additional weight 
launch --rwgt_name=cwww1p8_cwm2p25_cbm20
Do you want to edit a card (press enter to bypass editing)?
/------------------------------------------------------------\
|  [31m1[0m. param : [32mparam_card.dat[0m                                 |
|  [31m9[0m. plot  : [32mplot_card.dat[0m                                  |
\------------------------------------------------------------/
 you can also
   - enter the path to a valid card or banner.
   - use the 'set' command to modify a parameter directly.
     The set option works only for param_card and run_card.
     Type 'help set' for more information on this command.
   - call an external program (ASperGE/MadWidth/...).
     Type 'help' for the list of available command
 [[4m0[0m, done, 1, param, 9, plot, enter path]
>INFO: starts to compute weight for events with the following modification to the param_card: 
INFO: set param_card dim6 1 1.8 # orig: 3.6
KEEP:set param_card dim6 2 -2.25 # orig: 4.5
KEEP:set param_card dim6 3 -20.0 # orig: 20.0
KEEP: 
INFO: Event nb 0 current time: 09h33 
INFO: Event nb 10 current time: 09h33 
INFO: Event nb 20  0.034s  
INFO: Event nb 30  0.051s  
INFO: Event nb 40  0.068s  
INFO: Event nb 50  0.084s  
INFO: Event nb 60  0.1s  
INFO: Event nb 70  0.12s  
INFO: Event nb 80  0.13s  
INFO: Event nb 90  0.15s  
INFO: All event done  (nb_event: 100)  0.16s  
INFO: Event /pool/condor/dir_19850/genproductions/bin/MadGraph5_aMCatNLO/WpWmToLpNujj_01j_aTGC_pTW-150toInf_mWV-150to600_4f_NLO_FXFX/WpWmToLpNujj_01j_aTGC_pTW-150toInf_mWV-150to600_4f_NLO_FXFX_gridpack/work/processtmp/Events/pilotrun/events.lhe.gz_0.lhe have now the additional weight 
launch --rwgt_name=cwww1p8_cwm2p25_cbm10
Do you want to edit a card (press enter to bypass editing)?
/------------------------------------------------------------\
|  [31m1[0m. param : [32mparam_card.dat[0m                                 |
|  [31m9[0m. plot  : [32mplot_card.dat[0m                                  |
\------------------------------------------------------------/
 you can also
   - enter the path to a valid card or banner.
   - use the 'set' command to modify a parameter directly.
     The set option works only for param_card and run_card.
     Type 'help set' for more information on this command.
   - call an external program (ASperGE/MadWidth/...).
     Type 'help' for the list of available command
 [[4m0[0m, done, 1, param, 9, plot, enter path]
>INFO: starts to compute weight for events with the following modification to the param_card: 
INFO: set param_card dim6 1 1.8 # orig: 3.6
KEEP:set param_card dim6 2 -2.25 # orig: 4.5
KEEP:set param_card dim6 3 -10.0 # orig: 20.0
KEEP: 
INFO: Event nb 0 current time: 09h33 
INFO: Event nb 10 current time: 09h33 
INFO: Event nb 20  0.034s  
INFO: Event nb 30  0.051s  
INFO: Event nb 40  0.068s  
INFO: Event nb 50  0.085s  
INFO: Event nb 60  0.1s  
INFO: Event nb 70  0.12s  
INFO: Event nb 80  0.13s  
INFO: Event nb 90  0.15s  
INFO: All event done  (nb_event: 100)  0.16s  
INFO: Event /pool/condor/dir_19850/genproductions/bin/MadGraph5_aMCatNLO/WpWmToLpNujj_01j_aTGC_pTW-150toInf_mWV-150to600_4f_NLO_FXFX/WpWmToLpNujj_01j_aTGC_pTW-150toInf_mWV-150to600_4f_NLO_FXFX_gridpack/work/processtmp/Events/pilotrun/events.lhe.gz_0.lhe have now the additional weight 
launch --rwgt_name=cwww1p8_cwm2p25_cb0
Do you want to edit a card (press enter to bypass editing)?
/------------------------------------------------------------\
|  [31m1[0m. param : [32mparam_card.dat[0m                                 |
|  [31m9[0m. plot  : [32mplot_card.dat[0m                                  |
\------------------------------------------------------------/
 you can also
   - enter the path to a valid card or banner.
   - use the 'set' command to modify a parameter directly.
     The set option works only for param_card and run_card.
     Type 'help set' for more information on this command.
   - call an external program (ASperGE/MadWidth/...).
     Type 'help' for the list of available command
 [[4m0[0m, done, 1, param, 9, plot, enter path]
>INFO: starts to compute weight for events with the following modification to the param_card: 
INFO: set param_card dim6 1 1.8 # orig: 3.6
KEEP:set param_card dim6 2 -2.25 # orig: 4.5
KEEP:set param_card dim6 3 0.0 # orig: 20.0
KEEP: 
INFO: Event nb 0 current time: 09h33 
INFO: Event nb 10 current time: 09h33 
INFO: Event nb 20  0.034s  
INFO: Event nb 30  0.051s  
INFO: Event nb 40  0.068s  
INFO: Event nb 50  0.085s  
INFO: Event nb 60  0.1s  
INFO: Event nb 70  0.12s  
INFO: Event nb 80  0.13s  
INFO: Event nb 90  0.15s  
INFO: All event done  (nb_event: 100)  0.16s  
INFO: Event /pool/condor/dir_19850/genproductions/bin/MadGraph5_aMCatNLO/WpWmToLpNujj_01j_aTGC_pTW-150toInf_mWV-150to600_4f_NLO_FXFX/WpWmToLpNujj_01j_aTGC_pTW-150toInf_mWV-150to600_4f_NLO_FXFX_gridpack/work/processtmp/Events/pilotrun/events.lhe.gz_0.lhe have now the additional weight 
launch --rwgt_name=cwww1p8_cwm2p25_cb10
Do you want to edit a card (press enter to bypass editing)?
/------------------------------------------------------------\
|  [31m1[0m. param : [32mparam_card.dat[0m                                 |
|  [31m9[0m. plot  : [32mplot_card.dat[0m                                  |
\------------------------------------------------------------/
 you can also
   - enter the path to a valid card or banner.
   - use the 'set' command to modify a parameter directly.
     The set option works only for param_card and run_card.
     Type 'help set' for more information on this command.
   - call an external program (ASperGE/MadWidth/...).
     Type 'help' for the list of available command
 [[4m0[0m, done, 1, param, 9, plot, enter path]
>INFO: starts to compute weight for events with the following modification to the param_card: 
INFO: set param_card dim6 1 1.8 # orig: 3.6
KEEP:set param_card dim6 2 -2.25 # orig: 4.5
KEEP:set param_card dim6 3 10.0 # orig: 20.0
KEEP: 
INFO: Event nb 0 current time: 09h33 
INFO: Event nb 10 current time: 09h33 
INFO: Event nb 20  0.034s  
INFO: Event nb 30  0.052s  
INFO: Event nb 40  0.069s  
INFO: Event nb 50  0.086s  
INFO: Event nb 60  0.1s  
INFO: Event nb 70  0.12s  
INFO: Event nb 80  0.13s  
INFO: Event nb 90  0.15s  
INFO: All event done  (nb_event: 100)  0.17s  
INFO: Event /pool/condor/dir_19850/genproductions/bin/MadGraph5_aMCatNLO/WpWmToLpNujj_01j_aTGC_pTW-150toInf_mWV-150to600_4f_NLO_FXFX/WpWmToLpNujj_01j_aTGC_pTW-150toInf_mWV-150to600_4f_NLO_FXFX_gridpack/work/processtmp/Events/pilotrun/events.lhe.gz_0.lhe have now the additional weight 
launch --rwgt_name=cwww1p8_cwm2p25_cb20
Do you want to edit a card (press enter to bypass editing)?
/------------------------------------------------------------\
|  [31m1[0m. param : [32mparam_card.dat[0m                                 |
|  [31m9[0m. plot  : [32mplot_card.dat[0m                                  |
\------------------------------------------------------------/
 you can also
   - enter the path to a valid card or banner.
   - use the 'set' command to modify a parameter directly.
     The set option works only for param_card and run_card.
     Type 'help set' for more information on this command.
   - call an external program (ASperGE/MadWidth/...).
     Type 'help' for the list of available command
 [[4m0[0m, done, 1, param, 9, plot, enter path]
>INFO: starts to compute weight for events with the following modification to the param_card: 
INFO: set param_card dim6 1 1.8 # orig: 3.6
KEEP:set param_card dim6 2 -2.25 # orig: 4.5
KEEP: 
INFO: Event nb 0 current time: 09h33 
INFO: Event nb 10 current time: 09h33 
INFO: Event nb 20  0.034s  
INFO: Event nb 30  0.052s  
INFO: Event nb 40  0.069s  
INFO: Event nb 50  0.086s  
INFO: Event nb 60  0.1s  
INFO: Event nb 70  0.12s  
INFO: Event nb 80  0.13s  
INFO: Event nb 90  0.15s  
INFO: All event done  (nb_event: 100)  0.17s  
INFO: Event /pool/condor/dir_19850/genproductions/bin/MadGraph5_aMCatNLO/WpWmToLpNujj_01j_aTGC_pTW-150toInf_mWV-150to600_4f_NLO_FXFX/WpWmToLpNujj_01j_aTGC_pTW-150toInf_mWV-150to600_4f_NLO_FXFX_gridpack/work/processtmp/Events/pilotrun/events.lhe.gz_0.lhe have now the additional weight 
launch --rwgt_name=cwww1p8_cw0p00_cbm20
Do you want to edit a card (press enter to bypass editing)?
/------------------------------------------------------------\
|  [31m1[0m. param : [32mparam_card.dat[0m                                 |
|  [31m9[0m. plot  : [32mplot_card.dat[0m                                  |
\------------------------------------------------------------/
 you can also
   - enter the path to a valid card or banner.
   - use the 'set' command to modify a parameter directly.
     The set option works only for param_card and run_card.
     Type 'help set' for more information on this command.
   - call an external program (ASperGE/MadWidth/...).
     Type 'help' for the list of available command
 [[4m0[0m, done, 1, param, 9, plot, enter path]
>INFO: starts to compute weight for events with the following modification to the param_card: 
INFO: set param_card dim6 1 1.8 # orig: 3.6
KEEP:set param_card dim6 2 0.0 # orig: 4.5
KEEP:set param_card dim6 3 -20.0 # orig: 20.0
KEEP: 
INFO: Event nb 0 current time: 09h33 
INFO: Event nb 10 current time: 09h33 
INFO: Event nb 20  0.035s  
INFO: Event nb 30  0.052s  
INFO: Event nb 40  0.069s  
INFO: Event nb 50  0.087s  
INFO: Event nb 60  0.1s  
INFO: Event nb 70  0.12s  
INFO: Event nb 80  0.14s  
INFO: Event nb 90  0.15s  
INFO: All event done  (nb_event: 100)  0.17s  
INFO: Event /pool/condor/dir_19850/genproductions/bin/MadGraph5_aMCatNLO/WpWmToLpNujj_01j_aTGC_pTW-150toInf_mWV-150to600_4f_NLO_FXFX/WpWmToLpNujj_01j_aTGC_pTW-150toInf_mWV-150to600_4f_NLO_FXFX_gridpack/work/processtmp/Events/pilotrun/events.lhe.gz_0.lhe have now the additional weight 
launch --rwgt_name=cwww1p8_cw0p00_cbm10
Do you want to edit a card (press enter to bypass editing)?
/------------------------------------------------------------\
|  [31m1[0m. param : [32mparam_card.dat[0m                                 |
|  [31m9[0m. plot  : [32mplot_card.dat[0m                                  |
\------------------------------------------------------------/
 you can also
   - enter the path to a valid card or banner.
   - use the 'set' command to modify a parameter directly.
     The set option works only for param_card and run_card.
     Type 'help set' for more information on this command.
   - call an external program (ASperGE/MadWidth/...).
     Type 'help' for the list of available command
 [[4m0[0m, done, 1, param, 9, plot, enter path]
>INFO: starts to compute weight for events with the following modification to the param_card: 
INFO: set param_card dim6 1 1.8 # orig: 3.6
KEEP:set param_card dim6 2 0.0 # orig: 4.5
KEEP:set param_card dim6 3 -10.0 # orig: 20.0
KEEP: 
INFO: Event nb 0 current time: 09h33 
INFO: Event nb 10 current time: 09h33 
INFO: Event nb 20  0.035s  
INFO: Event nb 30  0.052s  
INFO: Event nb 40  0.07s  
INFO: Event nb 50  0.087s  
INFO: Event nb 60  0.1s  
INFO: Event nb 70  0.12s  
INFO: Event nb 80  0.14s  
INFO: Event nb 90  0.15s  
INFO: All event done  (nb_event: 100)  0.17s  
INFO: Event /pool/condor/dir_19850/genproductions/bin/MadGraph5_aMCatNLO/WpWmToLpNujj_01j_aTGC_pTW-150toInf_mWV-150to600_4f_NLO_FXFX/WpWmToLpNujj_01j_aTGC_pTW-150toInf_mWV-150to600_4f_NLO_FXFX_gridpack/work/processtmp/Events/pilotrun/events.lhe.gz_0.lhe have now the additional weight 
launch --rwgt_name=cwww1p8_cw0p00_cb0
Do you want to edit a card (press enter to bypass editing)?
/------------------------------------------------------------\
|  [31m1[0m. param : [32mparam_card.dat[0m                                 |
|  [31m9[0m. plot  : [32mplot_card.dat[0m                                  |
\------------------------------------------------------------/
 you can also
   - enter the path to a valid card or banner.
   - use the 'set' command to modify a parameter directly.
     The set option works only for param_card and run_card.
     Type 'help set' for more information on this command.
   - call an external program (ASperGE/MadWidth/...).
     Type 'help' for the list of available command
 [[4m0[0m, done, 1, param, 9, plot, enter path]
>INFO: starts to compute weight for events with the following modification to the param_card: 
INFO: set param_card dim6 1 1.8 # orig: 3.6
KEEP:set param_card dim6 2 0.0 # orig: 4.5
KEEP:set param_card dim6 3 0.0 # orig: 20.0
KEEP: 
INFO: Event nb 0 current time: 09h33 
INFO: Event nb 10 current time: 09h33 
INFO: Event nb 20  0.035s  
INFO: Event nb 30  0.053s  
INFO: Event nb 40  0.07s  
INFO: Event nb 50  0.087s  
INFO: Event nb 60  0.1s  
INFO: Event nb 70  0.12s  
INFO: Event nb 80  0.14s  
INFO: Event nb 90  0.15s  
INFO: All event done  (nb_event: 100)  0.17s  
INFO: Event /pool/condor/dir_19850/genproductions/bin/MadGraph5_aMCatNLO/WpWmToLpNujj_01j_aTGC_pTW-150toInf_mWV-150to600_4f_NLO_FXFX/WpWmToLpNujj_01j_aTGC_pTW-150toInf_mWV-150to600_4f_NLO_FXFX_gridpack/work/processtmp/Events/pilotrun/events.lhe.gz_0.lhe have now the additional weight 
launch --rwgt_name=cwww1p8_cw0p00_cb10
Do you want to edit a card (press enter to bypass editing)?
/------------------------------------------------------------\
|  [31m1[0m. param : [32mparam_card.dat[0m                                 |
|  [31m9[0m. plot  : [32mplot_card.dat[0m                                  |
\------------------------------------------------------------/
 you can also
   - enter the path to a valid card or banner.
   - use the 'set' command to modify a parameter directly.
     The set option works only for param_card and run_card.
     Type 'help set' for more information on this command.
   - call an external program (ASperGE/MadWidth/...).
     Type 'help' for the list of available command
 [[4m0[0m, done, 1, param, 9, plot, enter path]
>INFO: starts to compute weight for events with the following modification to the param_card: 
INFO: set param_card dim6 1 1.8 # orig: 3.6
KEEP:set param_card dim6 2 0.0 # orig: 4.5
KEEP:set param_card dim6 3 10.0 # orig: 20.0
KEEP: 
INFO: Event nb 0 current time: 09h33 
INFO: Event nb 10 current time: 09h33 
INFO: Event nb 20  0.035s  
INFO: Event nb 30  0.053s  
INFO: Event nb 40  0.07s  
INFO: Event nb 50  0.087s  
INFO: Event nb 60  0.1s  
INFO: Event nb 70  0.12s  
INFO: Event nb 80  0.14s  
INFO: Event nb 90  0.15s  
INFO: All event done  (nb_event: 100)  0.17s  
INFO: Event /pool/condor/dir_19850/genproductions/bin/MadGraph5_aMCatNLO/WpWmToLpNujj_01j_aTGC_pTW-150toInf_mWV-150to600_4f_NLO_FXFX/WpWmToLpNujj_01j_aTGC_pTW-150toInf_mWV-150to600_4f_NLO_FXFX_gridpack/work/processtmp/Events/pilotrun/events.lhe.gz_0.lhe have now the additional weight 
launch --rwgt_name=cwww1p8_cw0p00_cb20
Do you want to edit a card (press enter to bypass editing)?
/------------------------------------------------------------\
|  [31m1[0m. param : [32mparam_card.dat[0m                                 |
|  [31m9[0m. plot  : [32mplot_card.dat[0m                                  |
\------------------------------------------------------------/
 you can also
   - enter the path to a valid card or banner.
   - use the 'set' command to modify a parameter directly.
     The set option works only for param_card and run_card.
     Type 'help set' for more information on this command.
   - call an external program (ASperGE/MadWidth/...).
     Type 'help' for the list of available command
 [[4m0[0m, done, 1, param, 9, plot, enter path]
>INFO: starts to compute weight for events with the following modification to the param_card: 
INFO: set param_card dim6 1 1.8 # orig: 3.6
KEEP:set param_card dim6 2 0.0 # orig: 4.5
KEEP: 
INFO: Event nb 0 current time: 09h33 
INFO: Event nb 10 current time: 09h33 
INFO: Event nb 20  0.035s  
INFO: Event nb 30  0.053s  
INFO: Event nb 40  0.071s  
INFO: Event nb 50  0.088s  
INFO: Event nb 60  0.1s  
INFO: Event nb 70  0.12s  
INFO: Event nb 80  0.14s  
INFO: Event nb 90  0.15s  
INFO: All event done  (nb_event: 100)  0.17s  
INFO: Event /pool/condor/dir_19850/genproductions/bin/MadGraph5_aMCatNLO/WpWmToLpNujj_01j_aTGC_pTW-150toInf_mWV-150to600_4f_NLO_FXFX/WpWmToLpNujj_01j_aTGC_pTW-150toInf_mWV-150to600_4f_NLO_FXFX_gridpack/work/processtmp/Events/pilotrun/events.lhe.gz_0.lhe have now the additional weight 
launch --rwgt_name=cwww1p8_cw2p25_cbm20
Do you want to edit a card (press enter to bypass editing)?
/------------------------------------------------------------\
|  [31m1[0m. param : [32mparam_card.dat[0m                                 |
|  [31m9[0m. plot  : [32mplot_card.dat[0m                                  |
\------------------------------------------------------------/
 you can also
   - enter the path to a valid card or banner.
   - use the 'set' command to modify a parameter directly.
     The set option works only for param_card and run_card.
     Type 'help set' for more information on this command.
   - call an external program (ASperGE/MadWidth/...).
     Type 'help' for the list of available command
 [[4m0[0m, done, 1, param, 9, plot, enter path]
>INFO: starts to compute weight for events with the following modification to the param_card: 
INFO: set param_card dim6 1 1.8 # orig: 3.6
KEEP:set param_card dim6 2 2.25 # orig: 4.5
KEEP:set param_card dim6 3 -20.0 # orig: 20.0
KEEP: 
INFO: Event nb 0 current time: 09h33 
INFO: Event nb 10 current time: 09h33 
INFO: Event nb 20  0.035s  
INFO: Event nb 30  0.053s  
INFO: Event nb 40  0.071s  
INFO: Event nb 50  0.088s  
INFO: Event nb 60  0.1s  
INFO: Event nb 70  0.12s  
INFO: Event nb 80  0.14s  
INFO: Event nb 90  0.15s  
INFO: All event done  (nb_event: 100)  0.17s  
INFO: Event /pool/condor/dir_19850/genproductions/bin/MadGraph5_aMCatNLO/WpWmToLpNujj_01j_aTGC_pTW-150toInf_mWV-150to600_4f_NLO_FXFX/WpWmToLpNujj_01j_aTGC_pTW-150toInf_mWV-150to600_4f_NLO_FXFX_gridpack/work/processtmp/Events/pilotrun/events.lhe.gz_0.lhe have now the additional weight 
launch --rwgt_name=cwww1p8_cw2p25_cbm10
Do you want to edit a card (press enter to bypass editing)?
/------------------------------------------------------------\
|  [31m1[0m. param : [32mparam_card.dat[0m                                 |
|  [31m9[0m. plot  : [32mplot_card.dat[0m                                  |
\------------------------------------------------------------/
 you can also
   - enter the path to a valid card or banner.
   - use the 'set' command to modify a parameter directly.
     The set option works only for param_card and run_card.
     Type 'help set' for more information on this command.
   - call an external program (ASperGE/MadWidth/...).
     Type 'help' for the list of available command
 [[4m0[0m, done, 1, param, 9, plot, enter path]
>INFO: starts to compute weight for events with the following modification to the param_card: 
INFO: set param_card dim6 1 1.8 # orig: 3.6
KEEP:set param_card dim6 2 2.25 # orig: 4.5
KEEP:set param_card dim6 3 -10.0 # orig: 20.0
KEEP: 
INFO: Event nb 0 current time: 09h33 
INFO: Event nb 10 current time: 09h33 
INFO: Event nb 20  0.036s  
INFO: Event nb 30  0.054s  
INFO: Event nb 40  0.071s  
INFO: Event nb 50  0.089s  
INFO: Event nb 60  0.11s  
INFO: Event nb 70  0.12s  
INFO: Event nb 80  0.14s  
INFO: Event nb 90  0.16s  
INFO: All event done  (nb_event: 100)  0.17s  
INFO: Event /pool/condor/dir_19850/genproductions/bin/MadGraph5_aMCatNLO/WpWmToLpNujj_01j_aTGC_pTW-150toInf_mWV-150to600_4f_NLO_FXFX/WpWmToLpNujj_01j_aTGC_pTW-150toInf_mWV-150to600_4f_NLO_FXFX_gridpack/work/processtmp/Events/pilotrun/events.lhe.gz_0.lhe have now the additional weight 
launch --rwgt_name=cwww1p8_cw2p25_cb0
Do you want to edit a card (press enter to bypass editing)?
/------------------------------------------------------------\
|  [31m1[0m. param : [32mparam_card.dat[0m                                 |
|  [31m9[0m. plot  : [32mplot_card.dat[0m                                  |
\------------------------------------------------------------/
 you can also
   - enter the path to a valid card or banner.
   - use the 'set' command to modify a parameter directly.
     The set option works only for param_card and run_card.
     Type 'help set' for more information on this command.
   - call an external program (ASperGE/MadWidth/...).
     Type 'help' for the list of available command
 [[4m0[0m, done, 1, param, 9, plot, enter path]
>INFO: starts to compute weight for events with the following modification to the param_card: 
INFO: set param_card dim6 1 1.8 # orig: 3.6
KEEP:set param_card dim6 2 2.25 # orig: 4.5
KEEP:set param_card dim6 3 0.0 # orig: 20.0
KEEP: 
INFO: Event nb 0 current time: 09h33 
INFO: Event nb 10 current time: 09h33 
INFO: Event nb 20  0.036s  
INFO: Event nb 30  0.054s  
INFO: Event nb 40  0.072s  
INFO: Event nb 50  0.089s  
INFO: Event nb 60  0.11s  
INFO: Event nb 70  0.12s  
INFO: Event nb 80  0.14s  
INFO: Event nb 90  0.16s  
INFO: All event done  (nb_event: 100)  0.17s  
INFO: Event /pool/condor/dir_19850/genproductions/bin/MadGraph5_aMCatNLO/WpWmToLpNujj_01j_aTGC_pTW-150toInf_mWV-150to600_4f_NLO_FXFX/WpWmToLpNujj_01j_aTGC_pTW-150toInf_mWV-150to600_4f_NLO_FXFX_gridpack/work/processtmp/Events/pilotrun/events.lhe.gz_0.lhe have now the additional weight 
launch --rwgt_name=cwww1p8_cw2p25_cb10
Do you want to edit a card (press enter to bypass editing)?
/------------------------------------------------------------\
|  [31m1[0m. param : [32mparam_card.dat[0m                                 |
|  [31m9[0m. plot  : [32mplot_card.dat[0m                                  |
\------------------------------------------------------------/
 you can also
   - enter the path to a valid card or banner.
   - use the 'set' command to modify a parameter directly.
     The set option works only for param_card and run_card.
     Type 'help set' for more information on this command.
   - call an external program (ASperGE/MadWidth/...).
     Type 'help' for the list of available command
 [[4m0[0m, done, 1, param, 9, plot, enter path]
>INFO: starts to compute weight for events with the following modification to the param_card: 
INFO: set param_card dim6 1 1.8 # orig: 3.6
KEEP:set param_card dim6 2 2.25 # orig: 4.5
KEEP:set param_card dim6 3 10.0 # orig: 20.0
KEEP: 
INFO: Event nb 0 current time: 09h33 
INFO: Event nb 10 current time: 09h33 
INFO: Event nb 20  0.036s  
INFO: Event nb 30  0.053s  
INFO: Event nb 40  0.07s  
INFO: Event nb 50  0.087s  
INFO: Event nb 60  0.1s  
INFO: Event nb 70  0.12s  
INFO: Event nb 80  0.14s  
INFO: Event nb 90  0.15s  
INFO: All event done  (nb_event: 100)  0.17s  
INFO: Event /pool/condor/dir_19850/genproductions/bin/MadGraph5_aMCatNLO/WpWmToLpNujj_01j_aTGC_pTW-150toInf_mWV-150to600_4f_NLO_FXFX/WpWmToLpNujj_01j_aTGC_pTW-150toInf_mWV-150to600_4f_NLO_FXFX_gridpack/work/processtmp/Events/pilotrun/events.lhe.gz_0.lhe have now the additional weight 
launch --rwgt_name=cwww1p8_cw2p25_cb20
Do you want to edit a card (press enter to bypass editing)?
/------------------------------------------------------------\
|  [31m1[0m. param : [32mparam_card.dat[0m                                 |
|  [31m9[0m. plot  : [32mplot_card.dat[0m                                  |
\------------------------------------------------------------/
 you can also
   - enter the path to a valid card or banner.
   - use the 'set' command to modify a parameter directly.
     The set option works only for param_card and run_card.
     Type 'help set' for more information on this command.
   - call an external program (ASperGE/MadWidth/...).
     Type 'help' for the list of available command
 [[4m0[0m, done, 1, param, 9, plot, enter path]
>INFO: starts to compute weight for events with the following modification to the param_card: 
INFO: set param_card dim6 1 1.8 # orig: 3.6
KEEP:set param_card dim6 2 2.25 # orig: 4.5
KEEP: 
INFO: Event nb 0 current time: 09h33 
INFO: Event nb 10 current time: 09h33 
INFO: Event nb 20  0.034s  
INFO: Event nb 30  0.052s  
INFO: Event nb 40  0.069s  
INFO: Event nb 50  0.086s  
INFO: Event nb 60  0.1s  
INFO: Event nb 70  0.12s  
INFO: Event nb 80  0.13s  
INFO: Event nb 90  0.15s  
INFO: All event done  (nb_event: 100)  0.17s  
INFO: Event /pool/condor/dir_19850/genproductions/bin/MadGraph5_aMCatNLO/WpWmToLpNujj_01j_aTGC_pTW-150toInf_mWV-150to600_4f_NLO_FXFX/WpWmToLpNujj_01j_aTGC_pTW-150toInf_mWV-150to600_4f_NLO_FXFX_gridpack/work/processtmp/Events/pilotrun/events.lhe.gz_0.lhe have now the additional weight 
launch --rwgt_name=cwww1p8_cw4p50_cbm20
Do you want to edit a card (press enter to bypass editing)?
/------------------------------------------------------------\
|  [31m1[0m. param : [32mparam_card.dat[0m                                 |
|  [31m9[0m. plot  : [32mplot_card.dat[0m                                  |
\------------------------------------------------------------/
 you can also
   - enter the path to a valid card or banner.
   - use the 'set' command to modify a parameter directly.
     The set option works only for param_card and run_card.
     Type 'help set' for more information on this command.
   - call an external program (ASperGE/MadWidth/...).
     Type 'help' for the list of available command
 [[4m0[0m, done, 1, param, 9, plot, enter path]
>INFO: starts to compute weight for events with the following modification to the param_card: 
INFO: set param_card dim6 1 1.8 # orig: 3.6
KEEP:set param_card dim6 3 -20.0 # orig: 20.0
KEEP: 
INFO: Event nb 0 current time: 09h33 
INFO: Event nb 10 current time: 09h33 
INFO: Event nb 20  0.035s  
INFO: Event nb 30  0.052s  
INFO: Event nb 40  0.069s  
INFO: Event nb 50  0.086s  
INFO: Event nb 60  0.1s  
INFO: Event nb 70  0.12s  
INFO: Event nb 80  0.14s  
INFO: Event nb 90  0.15s  
INFO: All event done  (nb_event: 100)  0.17s  
INFO: Event /pool/condor/dir_19850/genproductions/bin/MadGraph5_aMCatNLO/WpWmToLpNujj_01j_aTGC_pTW-150toInf_mWV-150to600_4f_NLO_FXFX/WpWmToLpNujj_01j_aTGC_pTW-150toInf_mWV-150to600_4f_NLO_FXFX_gridpack/work/processtmp/Events/pilotrun/events.lhe.gz_0.lhe have now the additional weight 
launch --rwgt_name=cwww1p8_cw4p50_cbm10
Do you want to edit a card (press enter to bypass editing)?
/------------------------------------------------------------\
|  [31m1[0m. param : [32mparam_card.dat[0m                                 |
|  [31m9[0m. plot  : [32mplot_card.dat[0m                                  |
\------------------------------------------------------------/
 you can also
   - enter the path to a valid card or banner.
   - use the 'set' command to modify a parameter directly.
     The set option works only for param_card and run_card.
     Type 'help set' for more information on this command.
   - call an external program (ASperGE/MadWidth/...).
     Type 'help' for the list of available command
 [[4m0[0m, done, 1, param, 9, plot, enter path]
>INFO: starts to compute weight for events with the following modification to the param_card: 
INFO: set param_card dim6 1 1.8 # orig: 3.6
KEEP:set param_card dim6 3 -10.0 # orig: 20.0
KEEP: 
INFO: Event nb 0 current time: 09h33 
INFO: Event nb 10 current time: 09h33 
INFO: Event nb 20  0.035s  
INFO: Event nb 30  0.052s  
INFO: Event nb 40  0.069s  
INFO: Event nb 50  0.087s  
INFO: Event nb 60  0.1s  
INFO: Event nb 70  0.12s  
INFO: Event nb 80  0.14s  
INFO: Event nb 90  0.15s  
INFO: All event done  (nb_event: 100)  0.17s  
INFO: Event /pool/condor/dir_19850/genproductions/bin/MadGraph5_aMCatNLO/WpWmToLpNujj_01j_aTGC_pTW-150toInf_mWV-150to600_4f_NLO_FXFX/WpWmToLpNujj_01j_aTGC_pTW-150toInf_mWV-150to600_4f_NLO_FXFX_gridpack/work/processtmp/Events/pilotrun/events.lhe.gz_0.lhe have now the additional weight 
launch --rwgt_name=cwww1p8_cw4p50_cb0
Do you want to edit a card (press enter to bypass editing)?
/------------------------------------------------------------\
|  [31m1[0m. param : [32mparam_card.dat[0m                                 |
|  [31m9[0m. plot  : [32mplot_card.dat[0m                                  |
\------------------------------------------------------------/
 you can also
   - enter the path to a valid card or banner.
   - use the 'set' command to modify a parameter directly.
     The set option works only for param_card and run_card.
     Type 'help set' for more information on this command.
   - call an external program (ASperGE/MadWidth/...).
     Type 'help' for the list of available command
 [[4m0[0m, done, 1, param, 9, plot, enter path]
>INFO: starts to compute weight for events with the following modification to the param_card: 
INFO: set param_card dim6 1 1.8 # orig: 3.6
KEEP:set param_card dim6 3 0.0 # orig: 20.0
KEEP: 
INFO: Event nb 0 current time: 09h33 
INFO: Event nb 10 current time: 09h33 
INFO: Event nb 20  0.035s  
INFO: Event nb 30  0.053s  
INFO: Event nb 40  0.07s  
INFO: Event nb 50  0.088s  
INFO: Event nb 60  0.1s  
INFO: Event nb 70  0.12s  
INFO: Event nb 80  0.14s  
INFO: Event nb 90  0.15s  
INFO: All event done  (nb_event: 100)  0.17s  
INFO: Event /pool/condor/dir_19850/genproductions/bin/MadGraph5_aMCatNLO/WpWmToLpNujj_01j_aTGC_pTW-150toInf_mWV-150to600_4f_NLO_FXFX/WpWmToLpNujj_01j_aTGC_pTW-150toInf_mWV-150to600_4f_NLO_FXFX_gridpack/work/processtmp/Events/pilotrun/events.lhe.gz_0.lhe have now the additional weight 
launch --rwgt_name=cwww1p8_cw4p50_cb10
Do you want to edit a card (press enter to bypass editing)?
/------------------------------------------------------------\
|  [31m1[0m. param : [32mparam_card.dat[0m                                 |
|  [31m9[0m. plot  : [32mplot_card.dat[0m                                  |
\------------------------------------------------------------/
 you can also
   - enter the path to a valid card or banner.
   - use the 'set' command to modify a parameter directly.
     The set option works only for param_card and run_card.
     Type 'help set' for more information on this command.
   - call an external program (ASperGE/MadWidth/...).
     Type 'help' for the list of available command
 [[4m0[0m, done, 1, param, 9, plot, enter path]
>INFO: starts to compute weight for events with the following modification to the param_card: 
INFO: set param_card dim6 1 1.8 # orig: 3.6
KEEP:set param_card dim6 3 10.0 # orig: 20.0
KEEP: 
INFO: Event nb 0 current time: 09h33 
INFO: Event nb 10 current time: 09h33 
INFO: Event nb 20  0.035s  
INFO: Event nb 30  0.053s  
INFO: Event nb 40  0.07s  
INFO: Event nb 50  0.087s  
INFO: Event nb 60  0.1s  
INFO: Event nb 70  0.12s  
INFO: Event nb 80  0.14s  
INFO: Event nb 90  0.15s  
INFO: All event done  (nb_event: 100)  0.17s  
INFO: Event /pool/condor/dir_19850/genproductions/bin/MadGraph5_aMCatNLO/WpWmToLpNujj_01j_aTGC_pTW-150toInf_mWV-150to600_4f_NLO_FXFX/WpWmToLpNujj_01j_aTGC_pTW-150toInf_mWV-150to600_4f_NLO_FXFX_gridpack/work/processtmp/Events/pilotrun/events.lhe.gz_0.lhe have now the additional weight 
launch --rwgt_name=cwww1p8_cw4p50_cb20
Do you want to edit a card (press enter to bypass editing)?
/------------------------------------------------------------\
|  [31m1[0m. param : [32mparam_card.dat[0m                                 |
|  [31m9[0m. plot  : [32mplot_card.dat[0m                                  |
\------------------------------------------------------------/
 you can also
   - enter the path to a valid card or banner.
   - use the 'set' command to modify a parameter directly.
     The set option works only for param_card and run_card.
     Type 'help set' for more information on this command.
   - call an external program (ASperGE/MadWidth/...).
     Type 'help' for the list of available command
 [[4m0[0m, done, 1, param, 9, plot, enter path]
>INFO: starts to compute weight for events with the following modification to the param_card: 
INFO: set param_card dim6 1 1.8 # orig: 3.6
KEEP: 
INFO: Event nb 0 current time: 09h33 
INFO: Event nb 10  0.021s  
INFO: Event nb 20  0.038s  
INFO: Event nb 30  0.056s  
INFO: Event nb 40  0.073s  
INFO: Event nb 50  0.094s  
INFO: Event nb 60  0.11s  
INFO: Event nb 70  0.13s  
INFO: Event nb 80  0.14s  
INFO: Event nb 90  0.16s  
INFO: All event done  (nb_event: 100)  0.18s  
INFO: Event /pool/condor/dir_19850/genproductions/bin/MadGraph5_aMCatNLO/WpWmToLpNujj_01j_aTGC_pTW-150toInf_mWV-150to600_4f_NLO_FXFX/WpWmToLpNujj_01j_aTGC_pTW-150toInf_mWV-150to600_4f_NLO_FXFX_gridpack/work/processtmp/Events/pilotrun/events.lhe.gz_0.lhe have now the additional weight 
launch --rwgt_name=cwww3p6_cwm4p50_cbm20
Do you want to edit a card (press enter to bypass editing)?
/------------------------------------------------------------\
|  [31m1[0m. param : [32mparam_card.dat[0m                                 |
|  [31m9[0m. plot  : [32mplot_card.dat[0m                                  |
\------------------------------------------------------------/
 you can also
   - enter the path to a valid card or banner.
   - use the 'set' command to modify a parameter directly.
     The set option works only for param_card and run_card.
     Type 'help set' for more information on this command.
   - call an external program (ASperGE/MadWidth/...).
     Type 'help' for the list of available command
 [[4m0[0m, done, 1, param, 9, plot, enter path]
>INFO: starts to compute weight for events with the following modification to the param_card: 
INFO: set param_card dim6 2 -4.5 # orig: 4.5
KEEP:set param_card dim6 3 -20.0 # orig: 20.0
KEEP: 
INFO: Event nb 0 current time: 09h33 
INFO: Event nb 10 current time: 09h33 
INFO: Event nb 20  0.035s  
INFO: Event nb 30  0.053s  
INFO: Event nb 40  0.071s  
INFO: Event nb 50  0.088s  
INFO: Event nb 60  0.1s  
INFO: Event nb 70  0.12s  
INFO: Event nb 80  0.14s  
INFO: Event nb 90  0.16s  
INFO: All event done  (nb_event: 100)  0.17s  
INFO: Event /pool/condor/dir_19850/genproductions/bin/MadGraph5_aMCatNLO/WpWmToLpNujj_01j_aTGC_pTW-150toInf_mWV-150to600_4f_NLO_FXFX/WpWmToLpNujj_01j_aTGC_pTW-150toInf_mWV-150to600_4f_NLO_FXFX_gridpack/work/processtmp/Events/pilotrun/events.lhe.gz_0.lhe have now the additional weight 
launch --rwgt_name=cwww3p6_cwm4p50_cbm10
Do you want to edit a card (press enter to bypass editing)?
/------------------------------------------------------------\
|  [31m1[0m. param : [32mparam_card.dat[0m                                 |
|  [31m9[0m. plot  : [32mplot_card.dat[0m                                  |
\------------------------------------------------------------/
 you can also
   - enter the path to a valid card or banner.
   - use the 'set' command to modify a parameter directly.
     The set option works only for param_card and run_card.
     Type 'help set' for more information on this command.
   - call an external program (ASperGE/MadWidth/...).
     Type 'help' for the list of available command
 [[4m0[0m, done, 1, param, 9, plot, enter path]
>INFO: starts to compute weight for events with the following modification to the param_card: 
INFO: set param_card dim6 2 -4.5 # orig: 4.5
KEEP:set param_card dim6 3 -10.0 # orig: 20.0
KEEP: 
INFO: Event nb 0 current time: 09h33 
INFO: Event nb 10 current time: 09h33 
INFO: Event nb 20  0.036s  
INFO: Event nb 30  0.054s  
INFO: Event nb 40  0.072s  
INFO: Event nb 50  0.089s  
INFO: Event nb 60  0.11s  
INFO: Event nb 70  0.12s  
INFO: Event nb 80  0.14s  
INFO: Event nb 90  0.16s  
INFO: All event done  (nb_event: 100)  0.17s  
INFO: Event /pool/condor/dir_19850/genproductions/bin/MadGraph5_aMCatNLO/WpWmToLpNujj_01j_aTGC_pTW-150toInf_mWV-150to600_4f_NLO_FXFX/WpWmToLpNujj_01j_aTGC_pTW-150toInf_mWV-150to600_4f_NLO_FXFX_gridpack/work/processtmp/Events/pilotrun/events.lhe.gz_0.lhe have now the additional weight 
launch --rwgt_name=cwww3p6_cwm4p50_cb0
Do you want to edit a card (press enter to bypass editing)?
/------------------------------------------------------------\
|  [31m1[0m. param : [32mparam_card.dat[0m                                 |
|  [31m9[0m. plot  : [32mplot_card.dat[0m                                  |
\------------------------------------------------------------/
 you can also
   - enter the path to a valid card or banner.
   - use the 'set' command to modify a parameter directly.
     The set option works only for param_card and run_card.
     Type 'help set' for more information on this command.
   - call an external program (ASperGE/MadWidth/...).
     Type 'help' for the list of available command
 [[4m0[0m, done, 1, param, 9, plot, enter path]
>INFO: starts to compute weight for events with the following modification to the param_card: 
INFO: set param_card dim6 2 -4.5 # orig: 4.5
KEEP:set param_card dim6 3 0.0 # orig: 20.0
KEEP: 
INFO: Event nb 0 current time: 09h33 
INFO: Event nb 10 current time: 09h33 
INFO: Event nb 20  0.036s  
INFO: Event nb 30  0.054s  
INFO: Event nb 40  0.072s  
INFO: Event nb 50  0.089s  
INFO: Event nb 60  0.11s  
INFO: Event nb 70  0.12s  
INFO: Event nb 80  0.14s  
INFO: Event nb 90  0.16s  
INFO: All event done  (nb_event: 100)  0.17s  
INFO: Event /pool/condor/dir_19850/genproductions/bin/MadGraph5_aMCatNLO/WpWmToLpNujj_01j_aTGC_pTW-150toInf_mWV-150to600_4f_NLO_FXFX/WpWmToLpNujj_01j_aTGC_pTW-150toInf_mWV-150to600_4f_NLO_FXFX_gridpack/work/processtmp/Events/pilotrun/events.lhe.gz_0.lhe have now the additional weight 
launch --rwgt_name=cwww3p6_cwm4p50_cb10
Do you want to edit a card (press enter to bypass editing)?
/------------------------------------------------------------\
|  [31m1[0m. param : [32mparam_card.dat[0m                                 |
|  [31m9[0m. plot  : [32mplot_card.dat[0m                                  |
\------------------------------------------------------------/
 you can also
   - enter the path to a valid card or banner.
   - use the 'set' command to modify a parameter directly.
     The set option works only for param_card and run_card.
     Type 'help set' for more information on this command.
   - call an external program (ASperGE/MadWidth/...).
     Type 'help' for the list of available command
 [[4m0[0m, done, 1, param, 9, plot, enter path]
>INFO: starts to compute weight for events with the following modification to the param_card: 
INFO: set param_card dim6 2 -4.5 # orig: 4.5
KEEP:set param_card dim6 3 10.0 # orig: 20.0
KEEP: 
INFO: Event nb 0 current time: 09h33 
INFO: Event nb 10 current time: 09h33 
INFO: Event nb 20  0.036s  
INFO: Event nb 30  0.054s  
INFO: Event nb 40  0.072s  
INFO: Event nb 50  0.09s  
INFO: Event nb 60  0.11s  
INFO: Event nb 70  0.12s  
INFO: Event nb 80  0.14s  
INFO: Event nb 90  0.16s  
INFO: All event done  (nb_event: 100)  0.17s  
INFO: Event /pool/condor/dir_19850/genproductions/bin/MadGraph5_aMCatNLO/WpWmToLpNujj_01j_aTGC_pTW-150toInf_mWV-150to600_4f_NLO_FXFX/WpWmToLpNujj_01j_aTGC_pTW-150toInf_mWV-150to600_4f_NLO_FXFX_gridpack/work/processtmp/Events/pilotrun/events.lhe.gz_0.lhe have now the additional weight 
launch --rwgt_name=cwww3p6_cwm4p50_cb20
Do you want to edit a card (press enter to bypass editing)?
/------------------------------------------------------------\
|  [31m1[0m. param : [32mparam_card.dat[0m                                 |
|  [31m9[0m. plot  : [32mplot_card.dat[0m                                  |
\------------------------------------------------------------/
 you can also
   - enter the path to a valid card or banner.
   - use the 'set' command to modify a parameter directly.
     The set option works only for param_card and run_card.
     Type 'help set' for more information on this command.
   - call an external program (ASperGE/MadWidth/...).
     Type 'help' for the list of available command
 [[4m0[0m, done, 1, param, 9, plot, enter path]
>INFO: starts to compute weight for events with the following modification to the param_card: 
INFO: set param_card dim6 2 -4.5 # orig: 4.5
KEEP: 
INFO: Event nb 0 current time: 09h33 
INFO: Event nb 10 current time: 09h33 
INFO: Event nb 20  0.036s  
INFO: Event nb 30  0.054s  
INFO: Event nb 40  0.072s  
INFO: Event nb 50  0.09s  
INFO: Event nb 60  0.11s  
INFO: Event nb 70  0.12s  
INFO: Event nb 80  0.14s  
INFO: Event nb 90  0.16s  
INFO: All event done  (nb_event: 100)  0.17s  
INFO: Event /pool/condor/dir_19850/genproductions/bin/MadGraph5_aMCatNLO/WpWmToLpNujj_01j_aTGC_pTW-150toInf_mWV-150to600_4f_NLO_FXFX/WpWmToLpNujj_01j_aTGC_pTW-150toInf_mWV-150to600_4f_NLO_FXFX_gridpack/work/processtmp/Events/pilotrun/events.lhe.gz_0.lhe have now the additional weight 
launch --rwgt_name=cwww3p6_cwm2p25_cbm20
Do you want to edit a card (press enter to bypass editing)?
/------------------------------------------------------------\
|  [31m1[0m. param : [32mparam_card.dat[0m                                 |
|  [31m9[0m. plot  : [32mplot_card.dat[0m                                  |
\------------------------------------------------------------/
 you can also
   - enter the path to a valid card or banner.
   - use the 'set' command to modify a parameter directly.
     The set option works only for param_card and run_card.
     Type 'help set' for more information on this command.
   - call an external program (ASperGE/MadWidth/...).
     Type 'help' for the list of available command
 [[4m0[0m, done, 1, param, 9, plot, enter path]
>INFO: starts to compute weight for events with the following modification to the param_card: 
INFO: set param_card dim6 2 -2.25 # orig: 4.5
KEEP:set param_card dim6 3 -20.0 # orig: 20.0
KEEP: 
INFO: Event nb 0 current time: 09h33 
INFO: Event nb 10 current time: 09h33 
INFO: Event nb 20  0.036s  
INFO: Event nb 30  0.055s  
INFO: Event nb 40  0.073s  
INFO: Event nb 50  0.091s  
INFO: Event nb 60  0.11s  
INFO: Event nb 70  0.12s  
INFO: Event nb 80  0.14s  
INFO: Event nb 90  0.16s  
INFO: All event done  (nb_event: 100)  0.18s  
INFO: Event /pool/condor/dir_19850/genproductions/bin/MadGraph5_aMCatNLO/WpWmToLpNujj_01j_aTGC_pTW-150toInf_mWV-150to600_4f_NLO_FXFX/WpWmToLpNujj_01j_aTGC_pTW-150toInf_mWV-150to600_4f_NLO_FXFX_gridpack/work/processtmp/Events/pilotrun/events.lhe.gz_0.lhe have now the additional weight 
launch --rwgt_name=cwww3p6_cwm2p25_cbm10
Do you want to edit a card (press enter to bypass editing)?
/------------------------------------------------------------\
|  [31m1[0m. param : [32mparam_card.dat[0m                                 |
|  [31m9[0m. plot  : [32mplot_card.dat[0m                                  |
\------------------------------------------------------------/
 you can also
   - enter the path to a valid card or banner.
   - use the 'set' command to modify a parameter directly.
     The set option works only for param_card and run_card.
     Type 'help set' for more information on this command.
   - call an external program (ASperGE/MadWidth/...).
     Type 'help' for the list of available command
 [[4m0[0m, done, 1, param, 9, plot, enter path]
>INFO: starts to compute weight for events with the following modification to the param_card: 
INFO: set param_card dim6 2 -2.25 # orig: 4.5
KEEP:set param_card dim6 3 -10.0 # orig: 20.0
KEEP: 
INFO: Event nb 0 current time: 09h33 
INFO: Event nb 10 current time: 09h33 
INFO: Event nb 20  0.036s  
INFO: Event nb 30  0.055s  
INFO: Event nb 40  0.073s  
INFO: Event nb 50  0.091s  
INFO: Event nb 60  0.11s  
INFO: Event nb 70  0.12s  
INFO: Event nb 80  0.14s  
INFO: Event nb 90  0.16s  
INFO: All event done  (nb_event: 100)  0.18s  
INFO: Event /pool/condor/dir_19850/genproductions/bin/MadGraph5_aMCatNLO/WpWmToLpNujj_01j_aTGC_pTW-150toInf_mWV-150to600_4f_NLO_FXFX/WpWmToLpNujj_01j_aTGC_pTW-150toInf_mWV-150to600_4f_NLO_FXFX_gridpack/work/processtmp/Events/pilotrun/events.lhe.gz_0.lhe have now the additional weight 
launch --rwgt_name=cwww3p6_cwm2p25_cb0
Do you want to edit a card (press enter to bypass editing)?
/------------------------------------------------------------\
|  [31m1[0m. param : [32mparam_card.dat[0m                                 |
|  [31m9[0m. plot  : [32mplot_card.dat[0m                                  |
\------------------------------------------------------------/
 you can also
   - enter the path to a valid card or banner.
   - use the 'set' command to modify a parameter directly.
     The set option works only for param_card and run_card.
     Type 'help set' for more information on this command.
   - call an external program (ASperGE/MadWidth/...).
     Type 'help' for the list of available command
 [[4m0[0m, done, 1, param, 9, plot, enter path]
>INFO: starts to compute weight for events with the following modification to the param_card: 
INFO: set param_card dim6 2 -2.25 # orig: 4.5
KEEP:set param_card dim6 3 0.0 # orig: 20.0
KEEP: 
INFO: Event nb 0 current time: 09h33 
INFO: Event nb 10 current time: 09h33 
INFO: Event nb 20  0.037s  
INFO: Event nb 30  0.055s  
INFO: Event nb 40  0.073s  
INFO: Event nb 50  0.091s  
INFO: Event nb 60  0.11s  
INFO: Event nb 70  0.12s  
INFO: Event nb 80  0.14s  
INFO: Event nb 90  0.16s  
INFO: All event done  (nb_event: 100)  0.18s  
INFO: Event /pool/condor/dir_19850/genproductions/bin/MadGraph5_aMCatNLO/WpWmToLpNujj_01j_aTGC_pTW-150toInf_mWV-150to600_4f_NLO_FXFX/WpWmToLpNujj_01j_aTGC_pTW-150toInf_mWV-150to600_4f_NLO_FXFX_gridpack/work/processtmp/Events/pilotrun/events.lhe.gz_0.lhe have now the additional weight 
launch --rwgt_name=cwww3p6_cwm2p25_cb10
Do you want to edit a card (press enter to bypass editing)?
/------------------------------------------------------------\
|  [31m1[0m. param : [32mparam_card.dat[0m                                 |
|  [31m9[0m. plot  : [32mplot_card.dat[0m                                  |
\------------------------------------------------------------/
 you can also
   - enter the path to a valid card or banner.
   - use the 'set' command to modify a parameter directly.
     The set option works only for param_card and run_card.
     Type 'help set' for more information on this command.
   - call an external program (ASperGE/MadWidth/...).
     Type 'help' for the list of available command
 [[4m0[0m, done, 1, param, 9, plot, enter path]
>INFO: starts to compute weight for events with the following modification to the param_card: 
INFO: set param_card dim6 2 -2.25 # orig: 4.5
KEEP:set param_card dim6 3 10.0 # orig: 20.0
KEEP: 
INFO: Event nb 0 current time: 09h33 
INFO: Event nb 10 current time: 09h33 
INFO: Event nb 20  0.037s  
INFO: Event nb 30  0.055s  
INFO: Event nb 40  0.073s  
INFO: Event nb 50  0.092s  
INFO: Event nb 60  0.11s  
INFO: Event nb 70  0.13s  
INFO: Event nb 80  0.14s  
INFO: Event nb 90  0.16s  
INFO: All event done  (nb_event: 100)  0.18s  
INFO: Event /pool/condor/dir_19850/genproductions/bin/MadGraph5_aMCatNLO/WpWmToLpNujj_01j_aTGC_pTW-150toInf_mWV-150to600_4f_NLO_FXFX/WpWmToLpNujj_01j_aTGC_pTW-150toInf_mWV-150to600_4f_NLO_FXFX_gridpack/work/processtmp/Events/pilotrun/events.lhe.gz_0.lhe have now the additional weight 
launch --rwgt_name=cwww3p6_cwm2p25_cb20
Do you want to edit a card (press enter to bypass editing)?
/------------------------------------------------------------\
|  [31m1[0m. param : [32mparam_card.dat[0m                                 |
|  [31m9[0m. plot  : [32mplot_card.dat[0m                                  |
\------------------------------------------------------------/
 you can also
   - enter the path to a valid card or banner.
   - use the 'set' command to modify a parameter directly.
     The set option works only for param_card and run_card.
     Type 'help set' for more information on this command.
   - call an external program (ASperGE/MadWidth/...).
     Type 'help' for the list of available command
 [[4m0[0m, done, 1, param, 9, plot, enter path]
>INFO: starts to compute weight for events with the following modification to the param_card: 
INFO: set param_card dim6 2 -2.25 # orig: 4.5
KEEP: 
INFO: Event nb 0 current time: 09h33 
INFO: Event nb 10 current time: 09h33 
INFO: Event nb 20  0.037s  
INFO: Event nb 30  0.056s  
INFO: Event nb 40  0.074s  
INFO: Event nb 50  0.092s  
INFO: Event nb 60  0.11s  
INFO: Event nb 70  0.13s  
INFO: Event nb 80  0.14s  
INFO: Event nb 90  0.16s  
INFO: All event done  (nb_event: 100)  0.18s  
INFO: Event /pool/condor/dir_19850/genproductions/bin/MadGraph5_aMCatNLO/WpWmToLpNujj_01j_aTGC_pTW-150toInf_mWV-150to600_4f_NLO_FXFX/WpWmToLpNujj_01j_aTGC_pTW-150toInf_mWV-150to600_4f_NLO_FXFX_gridpack/work/processtmp/Events/pilotrun/events.lhe.gz_0.lhe have now the additional weight 
launch --rwgt_name=cwww3p6_cw0p00_cbm20
Do you want to edit a card (press enter to bypass editing)?
/------------------------------------------------------------\
|  [31m1[0m. param : [32mparam_card.dat[0m                                 |
|  [31m9[0m. plot  : [32mplot_card.dat[0m                                  |
\------------------------------------------------------------/
 you can also
   - enter the path to a valid card or banner.
   - use the 'set' command to modify a parameter directly.
     The set option works only for param_card and run_card.
     Type 'help set' for more information on this command.
   - call an external program (ASperGE/MadWidth/...).
     Type 'help' for the list of available command
 [[4m0[0m, done, 1, param, 9, plot, enter path]
>INFO: starts to compute weight for events with the following modification to the param_card: 
INFO: set param_card dim6 2 0.0 # orig: 4.5
KEEP:set param_card dim6 3 -20.0 # orig: 20.0
KEEP: 
INFO: Event nb 0 current time: 09h33 
INFO: Event nb 10 current time: 09h33 
INFO: Event nb 20  0.037s  
INFO: Event nb 30  0.056s  
INFO: Event nb 40  0.074s  
INFO: Event nb 50  0.092s  
INFO: Event nb 60  0.11s  
INFO: Event nb 70  0.13s  
INFO: Event nb 80  0.14s  
INFO: Event nb 90  0.16s  
INFO: All event done  (nb_event: 100)  0.18s  
INFO: Event /pool/condor/dir_19850/genproductions/bin/MadGraph5_aMCatNLO/WpWmToLpNujj_01j_aTGC_pTW-150toInf_mWV-150to600_4f_NLO_FXFX/WpWmToLpNujj_01j_aTGC_pTW-150toInf_mWV-150to600_4f_NLO_FXFX_gridpack/work/processtmp/Events/pilotrun/events.lhe.gz_0.lhe have now the additional weight 
launch --rwgt_name=cwww3p6_cw0p00_cbm10
Do you want to edit a card (press enter to bypass editing)?
/------------------------------------------------------------\
|  [31m1[0m. param : [32mparam_card.dat[0m                                 |
|  [31m9[0m. plot  : [32mplot_card.dat[0m                                  |
\------------------------------------------------------------/
 you can also
   - enter the path to a valid card or banner.
   - use the 'set' command to modify a parameter directly.
     The set option works only for param_card and run_card.
     Type 'help set' for more information on this command.
   - call an external program (ASperGE/MadWidth/...).
     Type 'help' for the list of available command
 [[4m0[0m, done, 1, param, 9, plot, enter path]
>INFO: starts to compute weight for events with the following modification to the param_card: 
INFO: set param_card dim6 2 0.0 # orig: 4.5
KEEP:set param_card dim6 3 -10.0 # orig: 20.0
KEEP: 
INFO: Event nb 0 current time: 09h33 
INFO: Event nb 10 current time: 09h33 
INFO: Event nb 20  0.037s  
INFO: Event nb 30  0.056s  
INFO: Event nb 40  0.075s  
INFO: Event nb 50  0.093s  
INFO: Event nb 60  0.11s  
INFO: Event nb 70  0.13s  
INFO: Event nb 80  0.15s  
INFO: Event nb 90  0.16s  
INFO: All event done  (nb_event: 100)  0.18s  
INFO: Event /pool/condor/dir_19850/genproductions/bin/MadGraph5_aMCatNLO/WpWmToLpNujj_01j_aTGC_pTW-150toInf_mWV-150to600_4f_NLO_FXFX/WpWmToLpNujj_01j_aTGC_pTW-150toInf_mWV-150to600_4f_NLO_FXFX_gridpack/work/processtmp/Events/pilotrun/events.lhe.gz_0.lhe have now the additional weight 
launch --rwgt_name=cwww3p6_cw0p00_cb0
Do you want to edit a card (press enter to bypass editing)?
/------------------------------------------------------------\
|  [31m1[0m. param : [32mparam_card.dat[0m                                 |
|  [31m9[0m. plot  : [32mplot_card.dat[0m                                  |
\------------------------------------------------------------/
 you can also
   - enter the path to a valid card or banner.
   - use the 'set' command to modify a parameter directly.
     The set option works only for param_card and run_card.
     Type 'help set' for more information on this command.
   - call an external program (ASperGE/MadWidth/...).
     Type 'help' for the list of available command
 [[4m0[0m, done, 1, param, 9, plot, enter path]
>INFO: starts to compute weight for events with the following modification to the param_card: 
INFO: set param_card dim6 2 0.0 # orig: 4.5
KEEP:set param_card dim6 3 0.0 # orig: 20.0
KEEP: 
INFO: Event nb 0 current time: 09h33 
INFO: Event nb 10 current time: 09h33 
INFO: Event nb 20  0.037s  
INFO: Event nb 30  0.056s  
INFO: Event nb 40  0.074s  
INFO: Event nb 50  0.093s  
INFO: Event nb 60  0.11s  
INFO: Event nb 70  0.13s  
INFO: Event nb 80  0.15s  
INFO: Event nb 90  0.16s  
INFO: All event done  (nb_event: 100)  0.18s  
INFO: Event /pool/condor/dir_19850/genproductions/bin/MadGraph5_aMCatNLO/WpWmToLpNujj_01j_aTGC_pTW-150toInf_mWV-150to600_4f_NLO_FXFX/WpWmToLpNujj_01j_aTGC_pTW-150toInf_mWV-150to600_4f_NLO_FXFX_gridpack/work/processtmp/Events/pilotrun/events.lhe.gz_0.lhe have now the additional weight 
launch --rwgt_name=cwww3p6_cw0p00_cb10
Do you want to edit a card (press enter to bypass editing)?
/------------------------------------------------------------\
|  [31m1[0m. param : [32mparam_card.dat[0m                                 |
|  [31m9[0m. plot  : [32mplot_card.dat[0m                                  |
\------------------------------------------------------------/
 you can also
   - enter the path to a valid card or banner.
   - use the 'set' command to modify a parameter directly.
     The set option works only for param_card and run_card.
     Type 'help set' for more information on this command.
   - call an external program (ASperGE/MadWidth/...).
     Type 'help' for the list of available command
 [[4m0[0m, done, 1, param, 9, plot, enter path]
>INFO: starts to compute weight for events with the following modification to the param_card: 
INFO: set param_card dim6 2 0.0 # orig: 4.5
KEEP:set param_card dim6 3 10.0 # orig: 20.0
KEEP: 
INFO: Event nb 0 current time: 09h33 
INFO: Event nb 10 current time: 09h33 
INFO: Event nb 20  0.037s  
INFO: Event nb 30  0.056s  
INFO: Event nb 40  0.075s  
INFO: Event nb 50  0.093s  
INFO: Event nb 60  0.11s  
INFO: Event nb 70  0.13s  
INFO: Event nb 80  0.15s  
INFO: Event nb 90  0.16s  
INFO: All event done  (nb_event: 100)  0.18s  
INFO: Event /pool/condor/dir_19850/genproductions/bin/MadGraph5_aMCatNLO/WpWmToLpNujj_01j_aTGC_pTW-150toInf_mWV-150to600_4f_NLO_FXFX/WpWmToLpNujj_01j_aTGC_pTW-150toInf_mWV-150to600_4f_NLO_FXFX_gridpack/work/processtmp/Events/pilotrun/events.lhe.gz_0.lhe have now the additional weight 
launch --rwgt_name=cwww3p6_cw0p00_cb20
Do you want to edit a card (press enter to bypass editing)?
/------------------------------------------------------------\
|  [31m1[0m. param : [32mparam_card.dat[0m                                 |
|  [31m9[0m. plot  : [32mplot_card.dat[0m                                  |
\------------------------------------------------------------/
 you can also
   - enter the path to a valid card or banner.
   - use the 'set' command to modify a parameter directly.
     The set option works only for param_card and run_card.
     Type 'help set' for more information on this command.
   - call an external program (ASperGE/MadWidth/...).
     Type 'help' for the list of available command
 [[4m0[0m, done, 1, param, 9, plot, enter path]
>INFO: starts to compute weight for events with the following modification to the param_card: 
INFO: set param_card dim6 2 0.0 # orig: 4.5
KEEP: 
INFO: Event nb 0 current time: 09h33 
INFO: Event nb 10 current time: 09h33 
INFO: Event nb 20  0.038s  
INFO: Event nb 30  0.057s  
INFO: Event nb 40  0.075s  
INFO: Event nb 50  0.094s  
INFO: Event nb 60  0.11s  
INFO: Event nb 70  0.13s  
INFO: Event nb 80  0.15s  
INFO: Event nb 90  0.16s  
INFO: All event done  (nb_event: 100)  0.18s  
INFO: Event /pool/condor/dir_19850/genproductions/bin/MadGraph5_aMCatNLO/WpWmToLpNujj_01j_aTGC_pTW-150toInf_mWV-150to600_4f_NLO_FXFX/WpWmToLpNujj_01j_aTGC_pTW-150toInf_mWV-150to600_4f_NLO_FXFX_gridpack/work/processtmp/Events/pilotrun/events.lhe.gz_0.lhe have now the additional weight 
launch --rwgt_name=cwww3p6_cw2p25_cbm20
Do you want to edit a card (press enter to bypass editing)?
/------------------------------------------------------------\
|  [31m1[0m. param : [32mparam_card.dat[0m                                 |
|  [31m9[0m. plot  : [32mplot_card.dat[0m                                  |
\------------------------------------------------------------/
 you can also
   - enter the path to a valid card or banner.
   - use the 'set' command to modify a parameter directly.
     The set option works only for param_card and run_card.
     Type 'help set' for more information on this command.
   - call an external program (ASperGE/MadWidth/...).
     Type 'help' for the list of available command
 [[4m0[0m, done, 1, param, 9, plot, enter path]
>INFO: starts to compute weight for events with the following modification to the param_card: 
INFO: set param_card dim6 2 2.25 # orig: 4.5
KEEP:set param_card dim6 3 -20.0 # orig: 20.0
KEEP: 
INFO: Event nb 0 current time: 09h33 
INFO: Event nb 10 current time: 09h33 
INFO: Event nb 20  0.038s  
INFO: Event nb 30  0.057s  
INFO: Event nb 40  0.075s  
INFO: Event nb 50  0.094s  
INFO: Event nb 60  0.11s  
INFO: Event nb 70  0.13s  
INFO: Event nb 80  0.15s  
INFO: Event nb 90  0.17s  
INFO: All event done  (nb_event: 100)  0.18s  
INFO: Event /pool/condor/dir_19850/genproductions/bin/MadGraph5_aMCatNLO/WpWmToLpNujj_01j_aTGC_pTW-150toInf_mWV-150to600_4f_NLO_FXFX/WpWmToLpNujj_01j_aTGC_pTW-150toInf_mWV-150to600_4f_NLO_FXFX_gridpack/work/processtmp/Events/pilotrun/events.lhe.gz_0.lhe have now the additional weight 
launch --rwgt_name=cwww3p6_cw2p25_cbm10
Do you want to edit a card (press enter to bypass editing)?
/------------------------------------------------------------\
|  [31m1[0m. param : [32mparam_card.dat[0m                                 |
|  [31m9[0m. plot  : [32mplot_card.dat[0m                                  |
\------------------------------------------------------------/
 you can also
   - enter the path to a valid card or banner.
   - use the 'set' command to modify a parameter directly.
     The set option works only for param_card and run_card.
     Type 'help set' for more information on this command.
   - call an external program (ASperGE/MadWidth/...).
     Type 'help' for the list of available command
 [[4m0[0m, done, 1, param, 9, plot, enter path]
>INFO: starts to compute weight for events with the following modification to the param_card: 
INFO: set param_card dim6 2 2.25 # orig: 4.5
KEEP:set param_card dim6 3 -10.0 # orig: 20.0
KEEP: 
INFO: Event nb 0 current time: 09h33 
INFO: Event nb 10 current time: 09h33 
INFO: Event nb 20  0.038s  
INFO: Event nb 30  0.057s  
INFO: Event nb 40  0.076s  
INFO: Event nb 50  0.094s  
INFO: Event nb 60  0.11s  
INFO: Event nb 70  0.13s  
INFO: Event nb 80  0.15s  
INFO: Event nb 90  0.17s  
INFO: All event done  (nb_event: 100)  0.18s  
INFO: Event /pool/condor/dir_19850/genproductions/bin/MadGraph5_aMCatNLO/WpWmToLpNujj_01j_aTGC_pTW-150toInf_mWV-150to600_4f_NLO_FXFX/WpWmToLpNujj_01j_aTGC_pTW-150toInf_mWV-150to600_4f_NLO_FXFX_gridpack/work/processtmp/Events/pilotrun/events.lhe.gz_0.lhe have now the additional weight 
launch --rwgt_name=cwww3p6_cw2p25_cb0
Do you want to edit a card (press enter to bypass editing)?
/------------------------------------------------------------\
|  [31m1[0m. param : [32mparam_card.dat[0m                                 |
|  [31m9[0m. plot  : [32mplot_card.dat[0m                                  |
\------------------------------------------------------------/
 you can also
   - enter the path to a valid card or banner.
   - use the 'set' command to modify a parameter directly.
     The set option works only for param_card and run_card.
     Type 'help set' for more information on this command.
   - call an external program (ASperGE/MadWidth/...).
     Type 'help' for the list of available command
 [[4m0[0m, done, 1, param, 9, plot, enter path]
>INFO: starts to compute weight for events with the following modification to the param_card: 
INFO: set param_card dim6 2 2.25 # orig: 4.5
KEEP:set param_card dim6 3 0.0 # orig: 20.0
KEEP: 
INFO: Event nb 0 current time: 09h33 
INFO: Event nb 10 current time: 09h33 
INFO: Event nb 20  0.038s  
INFO: Event nb 30  0.057s  
INFO: Event nb 40  0.076s  
INFO: Event nb 50  0.095s  
INFO: Event nb 60  0.11s  
INFO: Event nb 70  0.13s  
INFO: Event nb 80  0.15s  
INFO: Event nb 90  0.17s  
INFO: All event done  (nb_event: 100)  0.18s  
INFO: Event /pool/condor/dir_19850/genproductions/bin/MadGraph5_aMCatNLO/WpWmToLpNujj_01j_aTGC_pTW-150toInf_mWV-150to600_4f_NLO_FXFX/WpWmToLpNujj_01j_aTGC_pTW-150toInf_mWV-150to600_4f_NLO_FXFX_gridpack/work/processtmp/Events/pilotrun/events.lhe.gz_0.lhe have now the additional weight 
launch --rwgt_name=cwww3p6_cw2p25_cb10
Do you want to edit a card (press enter to bypass editing)?
/------------------------------------------------------------\
|  [31m1[0m. param : [32mparam_card.dat[0m                                 |
|  [31m9[0m. plot  : [32mplot_card.dat[0m                                  |
\------------------------------------------------------------/
 you can also
   - enter the path to a valid card or banner.
   - use the 'set' command to modify a parameter directly.
     The set option works only for param_card and run_card.
     Type 'help set' for more information on this command.
   - call an external program (ASperGE/MadWidth/...).
     Type 'help' for the list of available command
 [[4m0[0m, done, 1, param, 9, plot, enter path]
>INFO: starts to compute weight for events with the following modification to the param_card: 
INFO: set param_card dim6 2 2.25 # orig: 4.5
KEEP:set param_card dim6 3 10.0 # orig: 20.0
KEEP: 
INFO: Event nb 0 current time: 09h33 
INFO: Event nb 10  0.024s  
INFO: Event nb 20  0.043s  
INFO: Event nb 30  0.062s  
INFO: Event nb 40  0.081s  
INFO: Event nb 50  0.099s  
INFO: Event nb 60  0.12s  
INFO: Event nb 70  0.13s  
INFO: Event nb 80  0.15s  
INFO: Event nb 90  0.17s  
INFO: All event done  (nb_event: 100)  0.19s  
INFO: Event /pool/condor/dir_19850/genproductions/bin/MadGraph5_aMCatNLO/WpWmToLpNujj_01j_aTGC_pTW-150toInf_mWV-150to600_4f_NLO_FXFX/WpWmToLpNujj_01j_aTGC_pTW-150toInf_mWV-150to600_4f_NLO_FXFX_gridpack/work/processtmp/Events/pilotrun/events.lhe.gz_0.lhe have now the additional weight 
launch --rwgt_name=cwww3p6_cw2p25_cb20
Do you want to edit a card (press enter to bypass editing)?
/------------------------------------------------------------\
|  [31m1[0m. param : [32mparam_card.dat[0m                                 |
|  [31m9[0m. plot  : [32mplot_card.dat[0m                                  |
\------------------------------------------------------------/
 you can also
   - enter the path to a valid card or banner.
   - use the 'set' command to modify a parameter directly.
     The set option works only for param_card and run_card.
     Type 'help set' for more information on this command.
   - call an external program (ASperGE/MadWidth/...).
     Type 'help' for the list of available command
 [[4m0[0m, done, 1, param, 9, plot, enter path]
>INFO: starts to compute weight for events with the following modification to the param_card: 
INFO: set param_card dim6 2 2.25 # orig: 4.5
KEEP: 
INFO: Event nb 0 current time: 09h33 
INFO: Event nb 10 current time: 09h33 
INFO: Event nb 20  0.039s  
INFO: Event nb 30  0.058s  
INFO: Event nb 40  0.077s  
INFO: Event nb 50  0.096s  
INFO: Event nb 60  0.11s  
INFO: Event nb 70  0.13s  
INFO: Event nb 80  0.15s  
INFO: Event nb 90  0.17s  
INFO: All event done  (nb_event: 100)  0.19s  
INFO: Event /pool/condor/dir_19850/genproductions/bin/MadGraph5_aMCatNLO/WpWmToLpNujj_01j_aTGC_pTW-150toInf_mWV-150to600_4f_NLO_FXFX/WpWmToLpNujj_01j_aTGC_pTW-150toInf_mWV-150to600_4f_NLO_FXFX_gridpack/work/processtmp/Events/pilotrun/events.lhe.gz_0.lhe have now the additional weight 
launch --rwgt_name=cwww3p6_cw4p50_cbm20
Do you want to edit a card (press enter to bypass editing)?
/------------------------------------------------------------\
|  [31m1[0m. param : [32mparam_card.dat[0m                                 |
|  [31m9[0m. plot  : [32mplot_card.dat[0m                                  |
\------------------------------------------------------------/
 you can also
   - enter the path to a valid card or banner.
   - use the 'set' command to modify a parameter directly.
     The set option works only for param_card and run_card.
     Type 'help set' for more information on this command.
   - call an external program (ASperGE/MadWidth/...).
     Type 'help' for the list of available command
 [[4m0[0m, done, 1, param, 9, plot, enter path]
>INFO: starts to compute weight for events with the following modification to the param_card: 
INFO: set param_card dim6 3 -20.0 # orig: 20.0
KEEP: 
INFO: Event nb 0 current time: 09h33 
INFO: Event nb 10 current time: 09h33 
INFO: Event nb 20  0.038s  
INFO: Event nb 30  0.057s  
INFO: Event nb 40  0.076s  
INFO: Event nb 50  0.095s  
INFO: Event nb 60  0.11s  
INFO: Event nb 70  0.13s  
INFO: Event nb 80  0.15s  
INFO: Event nb 90  0.17s  
INFO: All event done  (nb_event: 100)  0.18s  
INFO: Event /pool/condor/dir_19850/genproductions/bin/MadGraph5_aMCatNLO/WpWmToLpNujj_01j_aTGC_pTW-150toInf_mWV-150to600_4f_NLO_FXFX/WpWmToLpNujj_01j_aTGC_pTW-150toInf_mWV-150to600_4f_NLO_FXFX_gridpack/work/processtmp/Events/pilotrun/events.lhe.gz_0.lhe have now the additional weight 
launch --rwgt_name=cwww3p6_cw4p50_cbm10
Do you want to edit a card (press enter to bypass editing)?
/------------------------------------------------------------\
|  [31m1[0m. param : [32mparam_card.dat[0m                                 |
|  [31m9[0m. plot  : [32mplot_card.dat[0m                                  |
\------------------------------------------------------------/
 you can also
   - enter the path to a valid card or banner.
   - use the 'set' command to modify a parameter directly.
     The set option works only for param_card and run_card.
     Type 'help set' for more information on this command.
   - call an external program (ASperGE/MadWidth/...).
     Type 'help' for the list of available command
 [[4m0[0m, done, 1, param, 9, plot, enter path]
>INFO: starts to compute weight for events with the following modification to the param_card: 
INFO: set param_card dim6 3 -10.0 # orig: 20.0
KEEP: 
INFO: Event nb 0 current time: 09h33 
INFO: Event nb 10 current time: 09h33 
INFO: Event nb 20  0.039s  
INFO: Event nb 30  0.058s  
INFO: Event nb 40  0.077s  
INFO: Event nb 50  0.096s  
INFO: Event nb 60  0.11s  
INFO: Event nb 70  0.13s  
INFO: Event nb 80  0.15s  
INFO: Event nb 90  0.17s  
INFO: All event done  (nb_event: 100)  0.19s  
INFO: Event /pool/condor/dir_19850/genproductions/bin/MadGraph5_aMCatNLO/WpWmToLpNujj_01j_aTGC_pTW-150toInf_mWV-150to600_4f_NLO_FXFX/WpWmToLpNujj_01j_aTGC_pTW-150toInf_mWV-150to600_4f_NLO_FXFX_gridpack/work/processtmp/Events/pilotrun/events.lhe.gz_0.lhe have now the additional weight 
launch --rwgt_name=cwww3p6_cw4p50_cb0
Do you want to edit a card (press enter to bypass editing)?
/------------------------------------------------------------\
|  [31m1[0m. param : [32mparam_card.dat[0m                                 |
|  [31m9[0m. plot  : [32mplot_card.dat[0m                                  |
\------------------------------------------------------------/
 you can also
   - enter the path to a valid card or banner.
   - use the 'set' command to modify a parameter directly.
     The set option works only for param_card and run_card.
     Type 'help set' for more information on this command.
   - call an external program (ASperGE/MadWidth/...).
     Type 'help' for the list of available command
 [[4m0[0m, done, 1, param, 9, plot, enter path]
>INFO: starts to compute weight for events with the following modification to the param_card: 
INFO: set param_card dim6 3 0.0 # orig: 20.0
KEEP: 
INFO: Event nb 0 current time: 09h33 
INFO: Event nb 10 current time: 09h33 
INFO: Event nb 20  0.039s  
INFO: Event nb 30  0.058s  
INFO: Event nb 40  0.077s  
INFO: Event nb 50  0.096s  
INFO: Event nb 60  0.11s  
INFO: Event nb 70  0.13s  
INFO: Event nb 80  0.15s  
INFO: Event nb 90  0.17s  
INFO: All event done  (nb_event: 100)  0.19s  
INFO: Event /pool/condor/dir_19850/genproductions/bin/MadGraph5_aMCatNLO/WpWmToLpNujj_01j_aTGC_pTW-150toInf_mWV-150to600_4f_NLO_FXFX/WpWmToLpNujj_01j_aTGC_pTW-150toInf_mWV-150to600_4f_NLO_FXFX_gridpack/work/processtmp/Events/pilotrun/events.lhe.gz_0.lhe have now the additional weight 
launch --rwgt_name=cwww3p6_cw4p50_cb10
Do you want to edit a card (press enter to bypass editing)?
/------------------------------------------------------------\
|  [31m1[0m. param : [32mparam_card.dat[0m                                 |
|  [31m9[0m. plot  : [32mplot_card.dat[0m                                  |
\------------------------------------------------------------/
 you can also
   - enter the path to a valid card or banner.
   - use the 'set' command to modify a parameter directly.
     The set option works only for param_card and run_card.
     Type 'help set' for more information on this command.
   - call an external program (ASperGE/MadWidth/...).
     Type 'help' for the list of available command
 [[4m0[0m, done, 1, param, 9, plot, enter path]
>INFO: starts to compute weight for events with the following modification to the param_card: 
INFO: set param_card dim6 3 10.0 # orig: 20.0
KEEP: 
INFO: Event nb 0 current time: 09h33 
INFO: Event nb 10 current time: 09h33 
INFO: Event nb 20  0.039s  
INFO: Event nb 30  0.058s  
INFO: Event nb 40  0.078s  
INFO: Event nb 50  0.097s  
INFO: Event nb 60  0.11s  
INFO: Event nb 70  0.13s  
INFO: Event nb 80  0.15s  
INFO: Event nb 90  0.17s  
INFO: All event done  (nb_event: 100)  0.19s  
INFO: Event /pool/condor/dir_19850/genproductions/bin/MadGraph5_aMCatNLO/WpWmToLpNujj_01j_aTGC_pTW-150toInf_mWV-150to600_4f_NLO_FXFX/WpWmToLpNujj_01j_aTGC_pTW-150toInf_mWV-150to600_4f_NLO_FXFX_gridpack/work/processtmp/Events/pilotrun/events.lhe.gz_0.lhe have now the additional weight 
launch --rwgt_name=cwww3p6_cw4p50_cb20
Do you want to edit a card (press enter to bypass editing)?
/------------------------------------------------------------\
|  [31m1[0m. param : [32mparam_card.dat[0m                                 |
|  [31m9[0m. plot  : [32mplot_card.dat[0m                                  |
\------------------------------------------------------------/
 you can also
   - enter the path to a valid card or banner.
   - use the 'set' command to modify a parameter directly.
     The set option works only for param_card and run_card.
     Type 'help set' for more information on this command.
   - call an external program (ASperGE/MadWidth/...).
     Type 'help' for the list of available command
 [[4m0[0m, done, 1, param, 9, plot, enter path]
>[1;34mWARNING:  REWEIGHTING: original card and new card are identical. [0m
INFO: starts to compute weight for events with the following modification to the param_card: 
INFO:  
INFO: Event nb 0 current time: 09h33 
INFO: Event nb 10 current time: 09h33 
INFO: Event nb 20  0.039s  
INFO: Event nb 30  0.059s  
INFO: Event nb 40  0.078s  
INFO: Event nb 50  0.097s  
INFO: Event nb 60  0.12s  
INFO: Event nb 70  0.13s  
INFO: Event nb 80  0.15s  
INFO: Event nb 90  0.17s  
INFO: All event done  (nb_event: 100)  0.19s  
INFO: Event /pool/condor/dir_19850/genproductions/bin/MadGraph5_aMCatNLO/WpWmToLpNujj_01j_aTGC_pTW-150toInf_mWV-150to600_4f_NLO_FXFX/WpWmToLpNujj_01j_aTGC_pTW-150toInf_mWV-150to600_4f_NLO_FXFX_gridpack/work/processtmp/Events/pilotrun/events.lhe.gz_0.lhe have now the additional weight 
launch --rwgt_name=cwww5p4_cwm4p50_cbm20
Do you want to edit a card (press enter to bypass editing)?
/------------------------------------------------------------\
|  [31m1[0m. param : [32mparam_card.dat[0m                                 |
|  [31m9[0m. plot  : [32mplot_card.dat[0m                                  |
\------------------------------------------------------------/
 you can also
   - enter the path to a valid card or banner.
   - use the 'set' command to modify a parameter directly.
     The set option works only for param_card and run_card.
     Type 'help set' for more information on this command.
   - call an external program (ASperGE/MadWidth/...).
     Type 'help' for the list of available command
 [[4m0[0m, done, 1, param, 9, plot, enter path]
>INFO: starts to compute weight for events with the following modification to the param_card: 
INFO: set param_card dim6 1 5.4 # orig: 3.6
KEEP:set param_card dim6 2 -4.5 # orig: 4.5
KEEP:set param_card dim6 3 -20.0 # orig: 20.0
KEEP: 
INFO: Event nb 0 current time: 09h33 
INFO: Event nb 10  0.02s  
INFO: Event nb 20  0.039s  
INFO: Event nb 30  0.059s  
INFO: Event nb 40  0.078s  
INFO: Event nb 50  0.097s  
INFO: Event nb 60  0.12s  
INFO: Event nb 70  0.13s  
INFO: Event nb 80  0.15s  
INFO: Event nb 90  0.17s  
INFO: All event done  (nb_event: 100)  0.19s  
INFO: Event /pool/condor/dir_19850/genproductions/bin/MadGraph5_aMCatNLO/WpWmToLpNujj_01j_aTGC_pTW-150toInf_mWV-150to600_4f_NLO_FXFX/WpWmToLpNujj_01j_aTGC_pTW-150toInf_mWV-150to600_4f_NLO_FXFX_gridpack/work/processtmp/Events/pilotrun/events.lhe.gz_0.lhe have now the additional weight 
launch --rwgt_name=cwww5p4_cwm4p50_cbm10
Do you want to edit a card (press enter to bypass editing)?
/------------------------------------------------------------\
|  [31m1[0m. param : [32mparam_card.dat[0m                                 |
|  [31m9[0m. plot  : [32mplot_card.dat[0m                                  |
\------------------------------------------------------------/
 you can also
   - enter the path to a valid card or banner.
   - use the 'set' command to modify a parameter directly.
     The set option works only for param_card and run_card.
     Type 'help set' for more information on this command.
   - call an external program (ASperGE/MadWidth/...).
     Type 'help' for the list of available command
 [[4m0[0m, done, 1, param, 9, plot, enter path]
>INFO: starts to compute weight for events with the following modification to the param_card: 
INFO: set param_card dim6 1 5.4 # orig: 3.6
KEEP:set param_card dim6 2 -4.5 # orig: 4.5
KEEP:set param_card dim6 3 -10.0 # orig: 20.0
KEEP: 
INFO: Event nb 0 current time: 09h33 
INFO: Event nb 10  0.02s  
INFO: Event nb 20  0.039s  
INFO: Event nb 30  0.059s  
INFO: Event nb 40  0.078s  
INFO: Event nb 50  0.098s  
INFO: Event nb 60  0.12s  
INFO: Event nb 70  0.13s  
INFO: Event nb 80  0.15s  
INFO: Event nb 90  0.17s  
INFO: All event done  (nb_event: 100)  0.19s  
INFO: Event /pool/condor/dir_19850/genproductions/bin/MadGraph5_aMCatNLO/WpWmToLpNujj_01j_aTGC_pTW-150toInf_mWV-150to600_4f_NLO_FXFX/WpWmToLpNujj_01j_aTGC_pTW-150toInf_mWV-150to600_4f_NLO_FXFX_gridpack/work/processtmp/Events/pilotrun/events.lhe.gz_0.lhe have now the additional weight 
launch --rwgt_name=cwww5p4_cwm4p50_cb0
Do you want to edit a card (press enter to bypass editing)?
/------------------------------------------------------------\
|  [31m1[0m. param : [32mparam_card.dat[0m                                 |
|  [31m9[0m. plot  : [32mplot_card.dat[0m                                  |
\------------------------------------------------------------/
 you can also
   - enter the path to a valid card or banner.
   - use the 'set' command to modify a parameter directly.
     The set option works only for param_card and run_card.
     Type 'help set' for more information on this command.
   - call an external program (ASperGE/MadWidth/...).
     Type 'help' for the list of available command
 [[4m0[0m, done, 1, param, 9, plot, enter path]
>INFO: starts to compute weight for events with the following modification to the param_card: 
INFO: set param_card dim6 1 5.4 # orig: 3.6
KEEP:set param_card dim6 2 -4.5 # orig: 4.5
KEEP:set param_card dim6 3 0.0 # orig: 20.0
KEEP: 
INFO: Event nb 0 current time: 09h33 
INFO: Event nb 10  0.02s  
INFO: Event nb 20  0.039s  
INFO: Event nb 30  0.059s  
INFO: Event nb 40  0.079s  
INFO: Event nb 50  0.098s  
INFO: Event nb 60  0.12s  
INFO: Event nb 70  0.13s  
INFO: Event nb 80  0.15s  
INFO: Event nb 90  0.17s  
INFO: All event done  (nb_event: 100)  0.19s  
INFO: Event /pool/condor/dir_19850/genproductions/bin/MadGraph5_aMCatNLO/WpWmToLpNujj_01j_aTGC_pTW-150toInf_mWV-150to600_4f_NLO_FXFX/WpWmToLpNujj_01j_aTGC_pTW-150toInf_mWV-150to600_4f_NLO_FXFX_gridpack/work/processtmp/Events/pilotrun/events.lhe.gz_0.lhe have now the additional weight 
launch --rwgt_name=cwww5p4_cwm4p50_cb10
Do you want to edit a card (press enter to bypass editing)?
/------------------------------------------------------------\
|  [31m1[0m. param : [32mparam_card.dat[0m                                 |
|  [31m9[0m. plot  : [32mplot_card.dat[0m                                  |
\------------------------------------------------------------/
 you can also
   - enter the path to a valid card or banner.
   - use the 'set' command to modify a parameter directly.
     The set option works only for param_card and run_card.
     Type 'help set' for more information on this command.
   - call an external program (ASperGE/MadWidth/...).
     Type 'help' for the list of available command
 [[4m0[0m, done, 1, param, 9, plot, enter path]
>INFO: starts to compute weight for events with the following modification to the param_card: 
INFO: set param_card dim6 1 5.4 # orig: 3.6
KEEP:set param_card dim6 2 -4.5 # orig: 4.5
KEEP:set param_card dim6 3 10.0 # orig: 20.0
KEEP: 
INFO: Event nb 0 current time: 09h33 
INFO: Event nb 10  0.02s  
INFO: Event nb 20  0.04s  
INFO: Event nb 30  0.059s  
INFO: Event nb 40  0.079s  
INFO: Event nb 50  0.099s  
INFO: Event nb 60  0.12s  
INFO: Event nb 70  0.14s  
INFO: Event nb 80  0.15s  
INFO: Event nb 90  0.17s  
INFO: All event done  (nb_event: 100)  0.19s  
INFO: Event /pool/condor/dir_19850/genproductions/bin/MadGraph5_aMCatNLO/WpWmToLpNujj_01j_aTGC_pTW-150toInf_mWV-150to600_4f_NLO_FXFX/WpWmToLpNujj_01j_aTGC_pTW-150toInf_mWV-150to600_4f_NLO_FXFX_gridpack/work/processtmp/Events/pilotrun/events.lhe.gz_0.lhe have now the additional weight 
launch --rwgt_name=cwww5p4_cwm4p50_cb20
Do you want to edit a card (press enter to bypass editing)?
/------------------------------------------------------------\
|  [31m1[0m. param : [32mparam_card.dat[0m                                 |
|  [31m9[0m. plot  : [32mplot_card.dat[0m                                  |
\------------------------------------------------------------/
 you can also
   - enter the path to a valid card or banner.
   - use the 'set' command to modify a parameter directly.
     The set option works only for param_card and run_card.
     Type 'help set' for more information on this command.
   - call an external program (ASperGE/MadWidth/...).
     Type 'help' for the list of available command
 [[4m0[0m, done, 1, param, 9, plot, enter path]
>INFO: starts to compute weight for events with the following modification to the param_card: 
INFO: set param_card dim6 1 5.4 # orig: 3.6
KEEP:set param_card dim6 2 -4.5 # orig: 4.5
KEEP: 
INFO: Event nb 0 current time: 09h33 
INFO: Event nb 10  0.02s  
INFO: Event nb 20  0.04s  
INFO: Event nb 30  0.06s  
INFO: Event nb 40  0.08s  
INFO: Event nb 50  0.099s  
INFO: Event nb 60  0.12s  
INFO: Event nb 70  0.14s  
INFO: Event nb 80  0.16s  
INFO: Event nb 90  0.17s  
INFO: All event done  (nb_event: 100)  0.19s  
INFO: Event /pool/condor/dir_19850/genproductions/bin/MadGraph5_aMCatNLO/WpWmToLpNujj_01j_aTGC_pTW-150toInf_mWV-150to600_4f_NLO_FXFX/WpWmToLpNujj_01j_aTGC_pTW-150toInf_mWV-150to600_4f_NLO_FXFX_gridpack/work/processtmp/Events/pilotrun/events.lhe.gz_0.lhe have now the additional weight 
launch --rwgt_name=cwww5p4_cwm2p25_cbm20
Do you want to edit a card (press enter to bypass editing)?
/------------------------------------------------------------\
|  [31m1[0m. param : [32mparam_card.dat[0m                                 |
|  [31m9[0m. plot  : [32mplot_card.dat[0m                                  |
\------------------------------------------------------------/
 you can also
   - enter the path to a valid card or banner.
   - use the 'set' command to modify a parameter directly.
     The set option works only for param_card and run_card.
     Type 'help set' for more information on this command.
   - call an external program (ASperGE/MadWidth/...).
     Type 'help' for the list of available command
 [[4m0[0m, done, 1, param, 9, plot, enter path]
>INFO: starts to compute weight for events with the following modification to the param_card: 
INFO: set param_card dim6 1 5.4 # orig: 3.6
KEEP:set param_card dim6 2 -2.25 # orig: 4.5
KEEP:set param_card dim6 3 -20.0 # orig: 20.0
KEEP: 
INFO: Event nb 0 current time: 09h33 
INFO: Event nb 10  0.021s  
INFO: Event nb 20  0.04s  
INFO: Event nb 30  0.06s  
INFO: Event nb 40  0.08s  
INFO: Event nb 50  0.1s  
INFO: Event nb 60  0.12s  
INFO: Event nb 70  0.14s  
INFO: Event nb 80  0.16s  
INFO: Event nb 90  0.18s  
INFO: All event done  (nb_event: 100)  0.19s  
INFO: Event /pool/condor/dir_19850/genproductions/bin/MadGraph5_aMCatNLO/WpWmToLpNujj_01j_aTGC_pTW-150toInf_mWV-150to600_4f_NLO_FXFX/WpWmToLpNujj_01j_aTGC_pTW-150toInf_mWV-150to600_4f_NLO_FXFX_gridpack/work/processtmp/Events/pilotrun/events.lhe.gz_0.lhe have now the additional weight 
launch --rwgt_name=cwww5p4_cwm2p25_cbm10
Do you want to edit a card (press enter to bypass editing)?
/------------------------------------------------------------\
|  [31m1[0m. param : [32mparam_card.dat[0m                                 |
|  [31m9[0m. plot  : [32mplot_card.dat[0m                                  |
\------------------------------------------------------------/
 you can also
   - enter the path to a valid card or banner.
   - use the 'set' command to modify a parameter directly.
     The set option works only for param_card and run_card.
     Type 'help set' for more information on this command.
   - call an external program (ASperGE/MadWidth/...).
     Type 'help' for the list of available command
 [[4m0[0m, done, 1, param, 9, plot, enter path]
>INFO: starts to compute weight for events with the following modification to the param_card: 
INFO: set param_card dim6 1 5.4 # orig: 3.6
KEEP:set param_card dim6 2 -2.25 # orig: 4.5
KEEP:set param_card dim6 3 -10.0 # orig: 20.0
KEEP: 
INFO: Event nb 0 current time: 09h33 
INFO: Event nb 10  0.021s  
INFO: Event nb 20  0.04s  
INFO: Event nb 30  0.06s  
INFO: Event nb 40  0.08s  
INFO: Event nb 50  0.1s  
INFO: Event nb 60  0.12s  
INFO: Event nb 70  0.14s  
INFO: Event nb 80  0.16s  
INFO: Event nb 90  0.18s  
INFO: All event done  (nb_event: 100)  0.19s  
INFO: Event /pool/condor/dir_19850/genproductions/bin/MadGraph5_aMCatNLO/WpWmToLpNujj_01j_aTGC_pTW-150toInf_mWV-150to600_4f_NLO_FXFX/WpWmToLpNujj_01j_aTGC_pTW-150toInf_mWV-150to600_4f_NLO_FXFX_gridpack/work/processtmp/Events/pilotrun/events.lhe.gz_0.lhe have now the additional weight 
launch --rwgt_name=cwww5p4_cwm2p25_cb0
Do you want to edit a card (press enter to bypass editing)?
/------------------------------------------------------------\
|  [31m1[0m. param : [32mparam_card.dat[0m                                 |
|  [31m9[0m. plot  : [32mplot_card.dat[0m                                  |
\------------------------------------------------------------/
 you can also
   - enter the path to a valid card or banner.
   - use the 'set' command to modify a parameter directly.
     The set option works only for param_card and run_card.
     Type 'help set' for more information on this command.
   - call an external program (ASperGE/MadWidth/...).
     Type 'help' for the list of available command
 [[4m0[0m, done, 1, param, 9, plot, enter path]
>INFO: starts to compute weight for events with the following modification to the param_card: 
INFO: set param_card dim6 1 5.4 # orig: 3.6
KEEP:set param_card dim6 2 -2.25 # orig: 4.5
KEEP:set param_card dim6 3 0.0 # orig: 20.0
KEEP: 
INFO: Event nb 0 current time: 09h33 
INFO: Event nb 10  0.021s  
INFO: Event nb 20  0.04s  
INFO: Event nb 30  0.06s  
INFO: Event nb 40  0.08s  
INFO: Event nb 50  0.1s  
INFO: Event nb 60  0.12s  
INFO: Event nb 70  0.14s  
INFO: Event nb 80  0.16s  
INFO: Event nb 90  0.18s  
INFO: All event done  (nb_event: 100)  0.19s  
INFO: Event /pool/condor/dir_19850/genproductions/bin/MadGraph5_aMCatNLO/WpWmToLpNujj_01j_aTGC_pTW-150toInf_mWV-150to600_4f_NLO_FXFX/WpWmToLpNujj_01j_aTGC_pTW-150toInf_mWV-150to600_4f_NLO_FXFX_gridpack/work/processtmp/Events/pilotrun/events.lhe.gz_0.lhe have now the additional weight 
launch --rwgt_name=cwww5p4_cwm2p25_cb10
Do you want to edit a card (press enter to bypass editing)?
/------------------------------------------------------------\
|  [31m1[0m. param : [32mparam_card.dat[0m                                 |
|  [31m9[0m. plot  : [32mplot_card.dat[0m                                  |
\------------------------------------------------------------/
 you can also
   - enter the path to a valid card or banner.
   - use the 'set' command to modify a parameter directly.
     The set option works only for param_card and run_card.
     Type 'help set' for more information on this command.
   - call an external program (ASperGE/MadWidth/...).
     Type 'help' for the list of available command
 [[4m0[0m, done, 1, param, 9, plot, enter path]
>INFO: starts to compute weight for events with the following modification to the param_card: 
INFO: set param_card dim6 1 5.4 # orig: 3.6
KEEP:set param_card dim6 2 -2.25 # orig: 4.5
KEEP:set param_card dim6 3 10.0 # orig: 20.0
KEEP: 
INFO: Event nb 0 current time: 09h33 
INFO: Event nb 10  0.021s  
INFO: Event nb 20  0.04s  
INFO: Event nb 30  0.061s  
INFO: Event nb 40  0.081s  
INFO: Event nb 50  0.1s  
INFO: Event nb 60  0.12s  
INFO: Event nb 70  0.14s  
INFO: Event nb 80  0.16s  
INFO: Event nb 90  0.18s  
INFO: All event done  (nb_event: 100)  0.2s  
INFO: Event /pool/condor/dir_19850/genproductions/bin/MadGraph5_aMCatNLO/WpWmToLpNujj_01j_aTGC_pTW-150toInf_mWV-150to600_4f_NLO_FXFX/WpWmToLpNujj_01j_aTGC_pTW-150toInf_mWV-150to600_4f_NLO_FXFX_gridpack/work/processtmp/Events/pilotrun/events.lhe.gz_0.lhe have now the additional weight 
launch --rwgt_name=cwww5p4_cwm2p25_cb20
Do you want to edit a card (press enter to bypass editing)?
/------------------------------------------------------------\
|  [31m1[0m. param : [32mparam_card.dat[0m                                 |
|  [31m9[0m. plot  : [32mplot_card.dat[0m                                  |
\------------------------------------------------------------/
 you can also
   - enter the path to a valid card or banner.
   - use the 'set' command to modify a parameter directly.
     The set option works only for param_card and run_card.
     Type 'help set' for more information on this command.
   - call an external program (ASperGE/MadWidth/...).
     Type 'help' for the list of available command
 [[4m0[0m, done, 1, param, 9, plot, enter path]
>INFO: starts to compute weight for events with the following modification to the param_card: 
INFO: set param_card dim6 1 5.4 # orig: 3.6
KEEP:set param_card dim6 2 -2.25 # orig: 4.5
KEEP: 
INFO: Event nb 0 current time: 09h33 
INFO: Event nb 10  0.021s  
INFO: Event nb 20  0.041s  
INFO: Event nb 30  0.061s  
INFO: Event nb 40  0.081s  
INFO: Event nb 50  0.1s  
INFO: Event nb 60  0.12s  
INFO: Event nb 70  0.14s  
INFO: Event nb 80  0.16s  
INFO: Event nb 90  0.18s  
INFO: All event done  (nb_event: 100)  0.2s  
INFO: Event /pool/condor/dir_19850/genproductions/bin/MadGraph5_aMCatNLO/WpWmToLpNujj_01j_aTGC_pTW-150toInf_mWV-150to600_4f_NLO_FXFX/WpWmToLpNujj_01j_aTGC_pTW-150toInf_mWV-150to600_4f_NLO_FXFX_gridpack/work/processtmp/Events/pilotrun/events.lhe.gz_0.lhe have now the additional weight 
launch --rwgt_name=cwww5p4_cw0p00_cbm20
Do you want to edit a card (press enter to bypass editing)?
/------------------------------------------------------------\
|  [31m1[0m. param : [32mparam_card.dat[0m                                 |
|  [31m9[0m. plot  : [32mplot_card.dat[0m                                  |
\------------------------------------------------------------/
 you can also
   - enter the path to a valid card or banner.
   - use the 'set' command to modify a parameter directly.
     The set option works only for param_card and run_card.
     Type 'help set' for more information on this command.
   - call an external program (ASperGE/MadWidth/...).
     Type 'help' for the list of available command
 [[4m0[0m, done, 1, param, 9, plot, enter path]
>INFO: starts to compute weight for events with the following modification to the param_card: 
INFO: set param_card dim6 1 5.4 # orig: 3.6
KEEP:set param_card dim6 2 0.0 # orig: 4.5
KEEP:set param_card dim6 3 -20.0 # orig: 20.0
KEEP: 
INFO: Event nb 0 current time: 09h33 
INFO: Event nb 10  0.021s  
INFO: Event nb 20  0.041s  
INFO: Event nb 30  0.061s  
INFO: Event nb 40  0.081s  
INFO: Event nb 50  0.1s  
INFO: Event nb 60  0.12s  
INFO: Event nb 70  0.14s  
INFO: Event nb 80  0.16s  
INFO: Event nb 90  0.18s  
INFO: All event done  (nb_event: 100)  0.2s  
INFO: Event /pool/condor/dir_19850/genproductions/bin/MadGraph5_aMCatNLO/WpWmToLpNujj_01j_aTGC_pTW-150toInf_mWV-150to600_4f_NLO_FXFX/WpWmToLpNujj_01j_aTGC_pTW-150toInf_mWV-150to600_4f_NLO_FXFX_gridpack/work/processtmp/Events/pilotrun/events.lhe.gz_0.lhe have now the additional weight 
launch --rwgt_name=cwww5p4_cw0p00_cbm10
Do you want to edit a card (press enter to bypass editing)?
/------------------------------------------------------------\
|  [31m1[0m. param : [32mparam_card.dat[0m                                 |
|  [31m9[0m. plot  : [32mplot_card.dat[0m                                  |
\------------------------------------------------------------/
 you can also
   - enter the path to a valid card or banner.
   - use the 'set' command to modify a parameter directly.
     The set option works only for param_card and run_card.
     Type 'help set' for more information on this command.
   - call an external program (ASperGE/MadWidth/...).
     Type 'help' for the list of available command
 [[4m0[0m, done, 1, param, 9, plot, enter path]
>INFO: starts to compute weight for events with the following modification to the param_card: 
INFO: set param_card dim6 1 5.4 # orig: 3.6
KEEP:set param_card dim6 2 0.0 # orig: 4.5
KEEP:set param_card dim6 3 -10.0 # orig: 20.0
KEEP: 
INFO: Event nb 0 current time: 09h33 
INFO: Event nb 10  0.021s  
INFO: Event nb 20  0.041s  
INFO: Event nb 30  0.061s  
INFO: Event nb 40  0.082s  
INFO: Event nb 50  0.1s  
INFO: Event nb 60  0.12s  
INFO: Event nb 70  0.14s  
INFO: Event nb 80  0.16s  
INFO: Event nb 90  0.18s  
INFO: All event done  (nb_event: 100)  0.2s  
INFO: Event /pool/condor/dir_19850/genproductions/bin/MadGraph5_aMCatNLO/WpWmToLpNujj_01j_aTGC_pTW-150toInf_mWV-150to600_4f_NLO_FXFX/WpWmToLpNujj_01j_aTGC_pTW-150toInf_mWV-150to600_4f_NLO_FXFX_gridpack/work/processtmp/Events/pilotrun/events.lhe.gz_0.lhe have now the additional weight 
launch --rwgt_name=cwww5p4_cw0p00_cb0
Do you want to edit a card (press enter to bypass editing)?
/------------------------------------------------------------\
|  [31m1[0m. param : [32mparam_card.dat[0m                                 |
|  [31m9[0m. plot  : [32mplot_card.dat[0m                                  |
\------------------------------------------------------------/
 you can also
   - enter the path to a valid card or banner.
   - use the 'set' command to modify a parameter directly.
     The set option works only for param_card and run_card.
     Type 'help set' for more information on this command.
   - call an external program (ASperGE/MadWidth/...).
     Type 'help' for the list of available command
 [[4m0[0m, done, 1, param, 9, plot, enter path]
>INFO: starts to compute weight for events with the following modification to the param_card: 
INFO: set param_card dim6 1 5.4 # orig: 3.6
KEEP:set param_card dim6 2 0.0 # orig: 4.5
KEEP:set param_card dim6 3 0.0 # orig: 20.0
KEEP: 
INFO: Event nb 0 current time: 09h33 
INFO: Event nb 10  0.021s  
INFO: Event nb 20  0.041s  
INFO: Event nb 30  0.061s  
INFO: Event nb 40  0.082s  
INFO: Event nb 50  0.1s  
INFO: Event nb 60  0.12s  
INFO: Event nb 70  0.14s  
INFO: Event nb 80  0.16s  
INFO: Event nb 90  0.18s  
INFO: All event done  (nb_event: 100)  0.2s  
INFO: Event /pool/condor/dir_19850/genproductions/bin/MadGraph5_aMCatNLO/WpWmToLpNujj_01j_aTGC_pTW-150toInf_mWV-150to600_4f_NLO_FXFX/WpWmToLpNujj_01j_aTGC_pTW-150toInf_mWV-150to600_4f_NLO_FXFX_gridpack/work/processtmp/Events/pilotrun/events.lhe.gz_0.lhe have now the additional weight 
launch --rwgt_name=cwww5p4_cw0p00_cb10
Do you want to edit a card (press enter to bypass editing)?
/------------------------------------------------------------\
|  [31m1[0m. param : [32mparam_card.dat[0m                                 |
|  [31m9[0m. plot  : [32mplot_card.dat[0m                                  |
\------------------------------------------------------------/
 you can also
   - enter the path to a valid card or banner.
   - use the 'set' command to modify a parameter directly.
     The set option works only for param_card and run_card.
     Type 'help set' for more information on this command.
   - call an external program (ASperGE/MadWidth/...).
     Type 'help' for the list of available command
 [[4m0[0m, done, 1, param, 9, plot, enter path]
>INFO: starts to compute weight for events with the following modification to the param_card: 
INFO: set param_card dim6 1 5.4 # orig: 3.6
KEEP:set param_card dim6 2 0.0 # orig: 4.5
KEEP:set param_card dim6 3 10.0 # orig: 20.0
KEEP: 
INFO: Event nb 0 current time: 09h33 
INFO: Event nb 10  0.021s  
INFO: Event nb 20  0.041s  
INFO: Event nb 30  0.062s  
INFO: Event nb 40  0.082s  
INFO: Event nb 50  0.1s  
INFO: Event nb 60  0.12s  
INFO: Event nb 70  0.14s  
INFO: Event nb 80  0.16s  
INFO: Event nb 90  0.18s  
INFO: All event done  (nb_event: 100)  0.2s  
INFO: Event /pool/condor/dir_19850/genproductions/bin/MadGraph5_aMCatNLO/WpWmToLpNujj_01j_aTGC_pTW-150toInf_mWV-150to600_4f_NLO_FXFX/WpWmToLpNujj_01j_aTGC_pTW-150toInf_mWV-150to600_4f_NLO_FXFX_gridpack/work/processtmp/Events/pilotrun/events.lhe.gz_0.lhe have now the additional weight 
launch --rwgt_name=cwww5p4_cw0p00_cb20
Do you want to edit a card (press enter to bypass editing)?
/------------------------------------------------------------\
|  [31m1[0m. param : [32mparam_card.dat[0m                                 |
|  [31m9[0m. plot  : [32mplot_card.dat[0m                                  |
\------------------------------------------------------------/
 you can also
   - enter the path to a valid card or banner.
   - use the 'set' command to modify a parameter directly.
     The set option works only for param_card and run_card.
     Type 'help set' for more information on this command.
   - call an external program (ASperGE/MadWidth/...).
     Type 'help' for the list of available command
 [[4m0[0m, done, 1, param, 9, plot, enter path]
>INFO: starts to compute weight for events with the following modification to the param_card: 
INFO: set param_card dim6 1 5.4 # orig: 3.6
KEEP:set param_card dim6 2 0.0 # orig: 4.5
KEEP: 
INFO: Event nb 0 current time: 09h33 
INFO: Event nb 10  0.021s  
INFO: Event nb 20  0.041s  
INFO: Event nb 30  0.062s  
INFO: Event nb 40  0.082s  
INFO: Event nb 50  0.1s  
INFO: Event nb 60  0.12s  
INFO: Event nb 70  0.14s  
INFO: Event nb 80  0.16s  
INFO: Event nb 90  0.18s  
INFO: All event done  (nb_event: 100)  0.2s  
INFO: Event /pool/condor/dir_19850/genproductions/bin/MadGraph5_aMCatNLO/WpWmToLpNujj_01j_aTGC_pTW-150toInf_mWV-150to600_4f_NLO_FXFX/WpWmToLpNujj_01j_aTGC_pTW-150toInf_mWV-150to600_4f_NLO_FXFX_gridpack/work/processtmp/Events/pilotrun/events.lhe.gz_0.lhe have now the additional weight 
launch --rwgt_name=cwww5p4_cw2p25_cbm20
Do you want to edit a card (press enter to bypass editing)?
/------------------------------------------------------------\
|  [31m1[0m. param : [32mparam_card.dat[0m                                 |
|  [31m9[0m. plot  : [32mplot_card.dat[0m                                  |
\------------------------------------------------------------/
 you can also
   - enter the path to a valid card or banner.
   - use the 'set' command to modify a parameter directly.
     The set option works only for param_card and run_card.
     Type 'help set' for more information on this command.
   - call an external program (ASperGE/MadWidth/...).
     Type 'help' for the list of available command
 [[4m0[0m, done, 1, param, 9, plot, enter path]
>INFO: starts to compute weight for events with the following modification to the param_card: 
INFO: set param_card dim6 1 5.4 # orig: 3.6
KEEP:set param_card dim6 2 2.25 # orig: 4.5
KEEP:set param_card dim6 3 -20.0 # orig: 20.0
KEEP: 
INFO: Event nb 0 current time: 09h33 
INFO: Event nb 10  0.021s  
INFO: Event nb 20  0.041s  
INFO: Event nb 30  0.062s  
INFO: Event nb 40  0.082s  
INFO: Event nb 50  0.1s  
INFO: Event nb 60  0.12s  
INFO: Event nb 70  0.14s  
INFO: Event nb 80  0.16s  
INFO: Event nb 90  0.18s  
INFO: All event done  (nb_event: 100)  0.2s  
INFO: Event /pool/condor/dir_19850/genproductions/bin/MadGraph5_aMCatNLO/WpWmToLpNujj_01j_aTGC_pTW-150toInf_mWV-150to600_4f_NLO_FXFX/WpWmToLpNujj_01j_aTGC_pTW-150toInf_mWV-150to600_4f_NLO_FXFX_gridpack/work/processtmp/Events/pilotrun/events.lhe.gz_0.lhe have now the additional weight 
launch --rwgt_name=cwww5p4_cw2p25_cbm10
Do you want to edit a card (press enter to bypass editing)?
/------------------------------------------------------------\
|  [31m1[0m. param : [32mparam_card.dat[0m                                 |
|  [31m9[0m. plot  : [32mplot_card.dat[0m                                  |
\------------------------------------------------------------/
 you can also
   - enter the path to a valid card or banner.
   - use the 'set' command to modify a parameter directly.
     The set option works only for param_card and run_card.
     Type 'help set' for more information on this command.
   - call an external program (ASperGE/MadWidth/...).
     Type 'help' for the list of available command
 [[4m0[0m, done, 1, param, 9, plot, enter path]
>INFO: starts to compute weight for events with the following modification to the param_card: 
INFO: set param_card dim6 1 5.4 # orig: 3.6
KEEP:set param_card dim6 2 2.25 # orig: 4.5
KEEP:set param_card dim6 3 -10.0 # orig: 20.0
KEEP: 
INFO: Event nb 0 current time: 09h33 
INFO: Event nb 10  0.021s  
INFO: Event nb 20  0.042s  
INFO: Event nb 30  0.062s  
INFO: Event nb 40  0.083s  
INFO: Event nb 50  0.1s  
INFO: Event nb 60  0.12s  
INFO: Event nb 70  0.14s  
INFO: Event nb 80  0.16s  
INFO: Event nb 90  0.18s  
INFO: All event done  (nb_event: 100)  0.2s  
INFO: Event /pool/condor/dir_19850/genproductions/bin/MadGraph5_aMCatNLO/WpWmToLpNujj_01j_aTGC_pTW-150toInf_mWV-150to600_4f_NLO_FXFX/WpWmToLpNujj_01j_aTGC_pTW-150toInf_mWV-150to600_4f_NLO_FXFX_gridpack/work/processtmp/Events/pilotrun/events.lhe.gz_0.lhe have now the additional weight 
launch --rwgt_name=cwww5p4_cw2p25_cb0
Do you want to edit a card (press enter to bypass editing)?
/------------------------------------------------------------\
|  [31m1[0m. param : [32mparam_card.dat[0m                                 |
|  [31m9[0m. plot  : [32mplot_card.dat[0m                                  |
\------------------------------------------------------------/
 you can also
   - enter the path to a valid card or banner.
   - use the 'set' command to modify a parameter directly.
     The set option works only for param_card and run_card.
     Type 'help set' for more information on this command.
   - call an external program (ASperGE/MadWidth/...).
     Type 'help' for the list of available command
 [[4m0[0m, done, 1, param, 9, plot, enter path]
>INFO: starts to compute weight for events with the following modification to the param_card: 
INFO: set param_card dim6 1 5.4 # orig: 3.6
KEEP:set param_card dim6 2 2.25 # orig: 4.5
KEEP:set param_card dim6 3 0.0 # orig: 20.0
KEEP: 
INFO: Event nb 0 current time: 09h33 
INFO: Event nb 10  0.021s  
INFO: Event nb 20  0.042s  
INFO: Event nb 30  0.062s  
INFO: Event nb 40  0.083s  
INFO: Event nb 50  0.1s  
INFO: Event nb 60  0.12s  
INFO: Event nb 70  0.14s  
INFO: Event nb 80  0.16s  
INFO: Event nb 90  0.18s  
INFO: All event done  (nb_event: 100)  0.2s  
INFO: Event /pool/condor/dir_19850/genproductions/bin/MadGraph5_aMCatNLO/WpWmToLpNujj_01j_aTGC_pTW-150toInf_mWV-150to600_4f_NLO_FXFX/WpWmToLpNujj_01j_aTGC_pTW-150toInf_mWV-150to600_4f_NLO_FXFX_gridpack/work/processtmp/Events/pilotrun/events.lhe.gz_0.lhe have now the additional weight 
launch --rwgt_name=cwww5p4_cw2p25_cb10
Do you want to edit a card (press enter to bypass editing)?
/------------------------------------------------------------\
|  [31m1[0m. param : [32mparam_card.dat[0m                                 |
|  [31m9[0m. plot  : [32mplot_card.dat[0m                                  |
\------------------------------------------------------------/
 you can also
   - enter the path to a valid card or banner.
   - use the 'set' command to modify a parameter directly.
     The set option works only for param_card and run_card.
     Type 'help set' for more information on this command.
   - call an external program (ASperGE/MadWidth/...).
     Type 'help' for the list of available command
 [[4m0[0m, done, 1, param, 9, plot, enter path]
>INFO: starts to compute weight for events with the following modification to the param_card: 
INFO: set param_card dim6 1 5.4 # orig: 3.6
KEEP:set param_card dim6 2 2.25 # orig: 4.5
KEEP:set param_card dim6 3 10.0 # orig: 20.0
KEEP: 
INFO: Event nb 0 current time: 09h33 
INFO: Event nb 10  0.021s  
INFO: Event nb 20  0.042s  
INFO: Event nb 30  0.063s  
INFO: Event nb 40  0.084s  
INFO: Event nb 50  0.1s  
INFO: Event nb 60  0.12s  
INFO: Event nb 70  0.14s  
INFO: Event nb 80  0.16s  
INFO: Event nb 90  0.18s  
INFO: All event done  (nb_event: 100)  0.2s  
INFO: Event /pool/condor/dir_19850/genproductions/bin/MadGraph5_aMCatNLO/WpWmToLpNujj_01j_aTGC_pTW-150toInf_mWV-150to600_4f_NLO_FXFX/WpWmToLpNujj_01j_aTGC_pTW-150toInf_mWV-150to600_4f_NLO_FXFX_gridpack/work/processtmp/Events/pilotrun/events.lhe.gz_0.lhe have now the additional weight 
launch --rwgt_name=cwww5p4_cw2p25_cb20
Do you want to edit a card (press enter to bypass editing)?
/------------------------------------------------------------\
|  [31m1[0m. param : [32mparam_card.dat[0m                                 |
|  [31m9[0m. plot  : [32mplot_card.dat[0m                                  |
\------------------------------------------------------------/
 you can also
   - enter the path to a valid card or banner.
   - use the 'set' command to modify a parameter directly.
     The set option works only for param_card and run_card.
     Type 'help set' for more information on this command.
   - call an external program (ASperGE/MadWidth/...).
     Type 'help' for the list of available command
 [[4m0[0m, done, 1, param, 9, plot, enter path]
>INFO: starts to compute weight for events with the following modification to the param_card: 
INFO: set param_card dim6 1 5.4 # orig: 3.6
KEEP:set param_card dim6 2 2.25 # orig: 4.5
KEEP: 
INFO: Event nb 0 current time: 09h33 
INFO: Event nb 10  0.022s  
INFO: Event nb 20  0.042s  
INFO: Event nb 30  0.063s  
INFO: Event nb 40  0.084s  
INFO: Event nb 50  0.1s  
INFO: Event nb 60  0.12s  
INFO: Event nb 70  0.14s  
INFO: Event nb 80  0.16s  
INFO: Event nb 90  0.18s  
INFO: All event done  (nb_event: 100)  0.2s  
INFO: Event /pool/condor/dir_19850/genproductions/bin/MadGraph5_aMCatNLO/WpWmToLpNujj_01j_aTGC_pTW-150toInf_mWV-150to600_4f_NLO_FXFX/WpWmToLpNujj_01j_aTGC_pTW-150toInf_mWV-150to600_4f_NLO_FXFX_gridpack/work/processtmp/Events/pilotrun/events.lhe.gz_0.lhe have now the additional weight 
launch --rwgt_name=cwww5p4_cw4p50_cbm20
Do you want to edit a card (press enter to bypass editing)?
/------------------------------------------------------------\
|  [31m1[0m. param : [32mparam_card.dat[0m                                 |
|  [31m9[0m. plot  : [32mplot_card.dat[0m                                  |
\------------------------------------------------------------/
 you can also
   - enter the path to a valid card or banner.
   - use the 'set' command to modify a parameter directly.
     The set option works only for param_card and run_card.
     Type 'help set' for more information on this command.
   - call an external program (ASperGE/MadWidth/...).
     Type 'help' for the list of available command
 [[4m0[0m, done, 1, param, 9, plot, enter path]
>INFO: starts to compute weight for events with the following modification to the param_card: 
INFO: set param_card dim6 1 5.4 # orig: 3.6
KEEP:set param_card dim6 3 -20.0 # orig: 20.0
KEEP: 
INFO: Event nb 0 current time: 09h33 
INFO: Event nb 10  0.022s  
INFO: Event nb 20  0.042s  
INFO: Event nb 30  0.063s  
INFO: Event nb 40  0.084s  
INFO: Event nb 50  0.1s  
INFO: Event nb 60  0.12s  
INFO: Event nb 70  0.14s  
INFO: Event nb 80  0.16s  
INFO: Event nb 90  0.18s  
INFO: All event done  (nb_event: 100)  0.2s  
INFO: Event /pool/condor/dir_19850/genproductions/bin/MadGraph5_aMCatNLO/WpWmToLpNujj_01j_aTGC_pTW-150toInf_mWV-150to600_4f_NLO_FXFX/WpWmToLpNujj_01j_aTGC_pTW-150toInf_mWV-150to600_4f_NLO_FXFX_gridpack/work/processtmp/Events/pilotrun/events.lhe.gz_0.lhe have now the additional weight 
launch --rwgt_name=cwww5p4_cw4p50_cbm10
Do you want to edit a card (press enter to bypass editing)?
/------------------------------------------------------------\
|  [31m1[0m. param : [32mparam_card.dat[0m                                 |
|  [31m9[0m. plot  : [32mplot_card.dat[0m                                  |
\------------------------------------------------------------/
 you can also
   - enter the path to a valid card or banner.
   - use the 'set' command to modify a parameter directly.
     The set option works only for param_card and run_card.
     Type 'help set' for more information on this command.
   - call an external program (ASperGE/MadWidth/...).
     Type 'help' for the list of available command
 [[4m0[0m, done, 1, param, 9, plot, enter path]
>INFO: starts to compute weight for events with the following modification to the param_card: 
INFO: set param_card dim6 1 5.4 # orig: 3.6
KEEP:set param_card dim6 3 -10.0 # orig: 20.0
KEEP: 
INFO: Event nb 0 current time: 09h33 
INFO: Event nb 10  0.022s  
INFO: Event nb 20  0.042s  
INFO: Event nb 30  0.064s  
INFO: Event nb 40  0.085s  
INFO: Event nb 50  0.11s  
INFO: Event nb 60  0.13s  
INFO: Event nb 70  0.14s  
INFO: Event nb 80  0.17s  
INFO: Event nb 90  0.19s  
INFO: All event done  (nb_event: 100)  0.2s  
INFO: Event /pool/condor/dir_19850/genproductions/bin/MadGraph5_aMCatNLO/WpWmToLpNujj_01j_aTGC_pTW-150toInf_mWV-150to600_4f_NLO_FXFX/WpWmToLpNujj_01j_aTGC_pTW-150toInf_mWV-150to600_4f_NLO_FXFX_gridpack/work/processtmp/Events/pilotrun/events.lhe.gz_0.lhe have now the additional weight 
launch --rwgt_name=cwww5p4_cw4p50_cb0
Do you want to edit a card (press enter to bypass editing)?
/------------------------------------------------------------\
|  [31m1[0m. param : [32mparam_card.dat[0m                                 |
|  [31m9[0m. plot  : [32mplot_card.dat[0m                                  |
\------------------------------------------------------------/
 you can also
   - enter the path to a valid card or banner.
   - use the 'set' command to modify a parameter directly.
     The set option works only for param_card and run_card.
     Type 'help set' for more information on this command.
   - call an external program (ASperGE/MadWidth/...).
     Type 'help' for the list of available command
 [[4m0[0m, done, 1, param, 9, plot, enter path]
>INFO: starts to compute weight for events with the following modification to the param_card: 
INFO: set param_card dim6 1 5.4 # orig: 3.6
KEEP:set param_card dim6 3 0.0 # orig: 20.0
KEEP: 
INFO: Event nb 0 current time: 09h33 
INFO: Event nb 10  0.022s  
INFO: Event nb 20  0.042s  
INFO: Event nb 30  0.064s  
INFO: Event nb 40  0.085s  
INFO: Event nb 50  0.11s  
INFO: Event nb 60  0.13s  
INFO: Event nb 70  0.15s  
INFO: Event nb 80  0.17s  
INFO: Event nb 90  0.19s  
INFO: All event done  (nb_event: 100)  0.21s  
INFO: Event /pool/condor/dir_19850/genproductions/bin/MadGraph5_aMCatNLO/WpWmToLpNujj_01j_aTGC_pTW-150toInf_mWV-150to600_4f_NLO_FXFX/WpWmToLpNujj_01j_aTGC_pTW-150toInf_mWV-150to600_4f_NLO_FXFX_gridpack/work/processtmp/Events/pilotrun/events.lhe.gz_0.lhe have now the additional weight 
launch --rwgt_name=cwww5p4_cw4p50_cb10
Do you want to edit a card (press enter to bypass editing)?
/------------------------------------------------------------\
|  [31m1[0m. param : [32mparam_card.dat[0m                                 |
|  [31m9[0m. plot  : [32mplot_card.dat[0m                                  |
\------------------------------------------------------------/
 you can also
   - enter the path to a valid card or banner.
   - use the 'set' command to modify a parameter directly.
     The set option works only for param_card and run_card.
     Type 'help set' for more information on this command.
   - call an external program (ASperGE/MadWidth/...).
     Type 'help' for the list of available command
 [[4m0[0m, done, 1, param, 9, plot, enter path]
>INFO: starts to compute weight for events with the following modification to the param_card: 
INFO: set param_card dim6 1 5.4 # orig: 3.6
KEEP:set param_card dim6 3 10.0 # orig: 20.0
KEEP: 
INFO: Event nb 0 current time: 09h33 
INFO: Event nb 10  0.022s  
INFO: Event nb 20  0.042s  
INFO: Event nb 30  0.064s  
INFO: Event nb 40  0.084s  
INFO: Event nb 50  0.11s  
INFO: Event nb 60  0.13s  
INFO: Event nb 70  0.14s  
INFO: Event nb 80  0.17s  
INFO: Event nb 90  0.19s  
INFO: All event done  (nb_event: 100)  0.2s  
INFO: Event /pool/condor/dir_19850/genproductions/bin/MadGraph5_aMCatNLO/WpWmToLpNujj_01j_aTGC_pTW-150toInf_mWV-150to600_4f_NLO_FXFX/WpWmToLpNujj_01j_aTGC_pTW-150toInf_mWV-150to600_4f_NLO_FXFX_gridpack/work/processtmp/Events/pilotrun/events.lhe.gz_0.lhe have now the additional weight 
launch --rwgt_name=cwww5p4_cw4p50_cb20
Do you want to edit a card (press enter to bypass editing)?
/------------------------------------------------------------\
|  [31m1[0m. param : [32mparam_card.dat[0m                                 |
|  [31m9[0m. plot  : [32mplot_card.dat[0m                                  |
\------------------------------------------------------------/
 you can also
   - enter the path to a valid card or banner.
   - use the 'set' command to modify a parameter directly.
     The set option works only for param_card and run_card.
     Type 'help set' for more information on this command.
   - call an external program (ASperGE/MadWidth/...).
     Type 'help' for the list of available command
 [[4m0[0m, done, 1, param, 9, plot, enter path]
>INFO: starts to compute weight for events with the following modification to the param_card: 
INFO: set param_card dim6 1 5.4 # orig: 3.6
KEEP: 
INFO: Event nb 0 current time: 09h33 
INFO: Event nb 10  0.022s  
INFO: Event nb 20  0.042s  
INFO: Event nb 30  0.064s  
INFO: Event nb 40  0.085s  
INFO: Event nb 50  0.11s  
INFO: Event nb 60  0.13s  
INFO: Event nb 70  0.15s  
INFO: Event nb 80  0.17s  
INFO: Event nb 90  0.19s  
INFO: All event done  (nb_event: 100)  0.21s  
INFO: Event /pool/condor/dir_19850/genproductions/bin/MadGraph5_aMCatNLO/WpWmToLpNujj_01j_aTGC_pTW-150toInf_mWV-150to600_4f_NLO_FXFX/WpWmToLpNujj_01j_aTGC_pTW-150toInf_mWV-150to600_4f_NLO_FXFX_gridpack/work/processtmp/Events/pilotrun/events.lhe.gz_0.lhe have now the additional weight 
INFO: quit rwgt 
quit
INFO:  
INFO:  Idle: 0,  Running: 9,  Completed: 1 [  4m 30s  ] 
INFO:  Idle: 0,  Running: 0,  Completed: 10 [  46h 25m  ] 
INFO: Collect and combine the various output file. 
INFO: cwww0p0_cw0p00_cb0 : 0.16293947962 pb 
INFO: cwww1p8_cwm4p50_cb10 : 0.162547213686 pb 
INFO: cwww3p6_cw0p00_cb20 : 0.165554107992 pb 
INFO: cwww5p4_cwm2p25_cb20 : 0.165628225874 pb 
INFO: cwww5p4_cw4p50_cbm10 : 0.16773620959 pb 
INFO: cwwwm3p6_cw2p25_cb20 : 0.165418674226 pb 
INFO: cwwwm3p6_cwm2p25_cbm10 : 0.162103803796 pb 
INFO: cwww5p4_cwm4p50_cb20 : 0.164870316583 pb 
INFO: cwww0p0_cwm4p50_cbm20 : 0.160910213986 pb 
INFO: cwww1p8_cw4p50_cbm20 : 0.16532134006 pb 
INFO: cwww5p4_cw2p25_cb10 : 0.167108467632 pb 
INFO: cwww1p8_cw2p25_cb10 : 0.165073097702 pb 
INFO: cwww0p0_cwm4p50_cb10 : 0.162335551748 pb 
INFO: cwww0p0_cw0p00_cbm20 : 0.162299152647 pb 
INFO: cwww3p6_cw4p50_cb0 : 0.166796846354 pb 
INFO: cwwwm1p8_cw4p50_cbm20 : 0.164423025874 pb 
INFO: central : 1.9665213021 pb 
INFO: cwww0p0_cwm2p25_cb20 : 0.163692773626 pb 
INFO: cwww1p8_cw2p25_cb0 : 0.1644729 pb 
INFO: cwwwm3p6_cw0p00_cbm20 : 0.162475535764 pb 
INFO: cwww0p0_cw2p25_cb0 : 0.163962789211 pb 
INFO: cwww3p6_cwm4p50_cb10 : 0.163101634865 pb 
INFO: cwww0p0_cwm2p25_cb10 : 0.16282704006 pb 
INFO: cwwwm3p6_cwm4p50_cb0 : 0.162244219381 pb 
INFO: cwww3p6_cwm2p25_cb20 : 0.164640315684 pb 
INFO: cwwwm1p8_cw0p00_cb20 : 0.16435505045 pb 
INFO: cwww5p4_cw0p00_cb20 : 0.166639312587 pb 
INFO: cwww0p0_cw4p50_cbm10 : 0.164866017982 pb 
INFO: cwwwm3p6_cw2p25_cbm20 : 0.163355182817 pb 
INFO: cwww3p6_cw4p50_cb20 : 0.168141226573 pb 
INFO: cwwwm1p8_cw0p00_cb0 : 0.162869422378 pb 
INFO: cwww0p0_cw2p25_cb10 : 0.164569552348 pb 
INFO: cwww5p4_cw4p50_cb20 : 0.169421020879 pb 
INFO: cwww1p8_cwm4p50_cb0 : 0.161870623576 pb 
INFO: cwww3p6_cw2p25_cbm10 : 0.16494018022 pb 
INFO: cwww3p6_cwm4p50_cbm20 : 0.161715689111 pb 
INFO: cwwwm1p8_cw4p50_cb0 : 0.164974629271 pb 
INFO: cwww5p4_cw2p25_cb20 : 0.167903577223 pb 
INFO: cwwwm1p8_cwm2p25_cb20 : 0.163733141359 pb 
INFO: cwwwm3p6_cw4p50_cbm10 : 0.164666354346 pb 
INFO: cwwwm1p8_cw4p50_cbm10 : 0.164594806194 pb 
INFO: cwwwm1p8_cw2p25_cb10 : 0.164408766034 pb 
INFO: cwww0p0_cwm2p25_cbm10 : 0.161719700599 pb 
INFO: cwwwm1p8_cw0p00_cbm20 : 0.162215964835 pb 
INFO: cwww3p6_cwm4p50_cb20 : 0.163979700899 pb 
INFO: cwwwm3p6_cwm2p25_cb10 : 0.163237405095 pb 
INFO: cwwwm1p8_cwm4p50_cbm20 : 0.161021614885 pb 
INFO: cwww1p8_cw0p00_cbm10 : 0.162934677223 pb 
INFO: cwww1p8_cwm2p25_cbm10 : 0.162041787812 pb 
INFO: cwww0p0_cw0p00_cb20 : 0.164411976923 pb 
INFO: cwww3p6_cwm4p50_cbm10 : 0.161969629271 pb 
INFO: cwwwm3p6_cwm2p25_cbm20 : 0.161849066733 pb 
INFO: cwww3p6_cw0p00_cb0 : 0.164107872128 pb 
INFO: cwww5p4_cwm2p25_cb0 : 0.164144192907 pb 
INFO: cwww1p8_cwm2p25_cb10 : 0.163135996603 pb 
INFO: cwww1p8_cw0p00_cb10 : 0.163977958342 pb 
INFO: cwww5p4_cwm2p25_cbm20 : 0.16349233037 pb 
INFO: cwww3p6_cw0p00_cbm20 : 0.163493806294 pb 
INFO: cwwwm1p8_cw2p25_cbm10 : 0.16339014995 pb 
INFO: cwww3p6_cwm4p50_cb0 : 0.162431610789 pb 
INFO: cwwwm1p8_cwm4p50_cb20 : 0.163364410889 pb 
INFO: cwww5p4_cwm2p25_cb10 : 0.164782187612 pb 
INFO: cwwwm3p6_cw4p50_cbm20 : 0.164488008392 pb 
INFO: cwww3p6_cw2p25_cb10 : 0.165919403097 pb 
INFO: cwww3p6_cw2p25_cb20 : 0.166721078422 pb 
INFO: cwww0p0_cwm2p25_cb0 : 0.162169348951 pb 
INFO: cwww3p6_cw0p00_cb10 : 0.164726968931 pb 
INFO: cwwwm3p6_cwm4p50_cbm20 : 0.161475775325 pb 
INFO: cwww5p4_cwm4p50_cbm10 : 0.16287993996 pb 
INFO: cwww0p0_cwm4p50_cb20 : 0.163226748551 pb 
INFO: cwww1p8_cw0p00_cb0 : 0.163352296603 pb 
INFO: cwww1p8_cwm4p50_cb20 : 0.163431845355 pb 
INFO: cwww1p8_cw4p50_cb0 : 0.165846681419 pb 
INFO: cwwwm3p6_cw2p25_cb0 : 0.163970844855 pb 
INFO: cwwwm3p6_cw0p00_cbm10 : 0.162704809191 pb 
INFO: cwww0p0_cw4p50_cb20 : 0.166609917582 pb 
INFO: cwww5p4_cw2p25_cbm20 : 0.165971392308 pb 
INFO: cwww3p6_cwm2p25_cb10 : 0.163787713287 pb 
INFO: cwww1p8_cw4p50_cb10 : 0.166421415684 pb 
INFO: cwww5p4_cw2p25_cb0 : 0.1665213997 pb 
INFO: cwwwm3p6_cwm4p50_cb20 : 0.163844832867 pb 
INFO: cwww0p0_cw2p25_cbm20 : 0.163373389211 pb 
INFO: cwwwm1p8_cwm4p50_cb10 : 0.162466648651 pb 
INFO: cwwwm3p6_cw2p25_cb10 : 0.164590738561 pb 
INFO: cwww5p4_cw0p00_cbm10 : 0.164801718881 pb 
INFO: cwww3p6_cwm2p25_cbm10 : 0.162706635065 pb 
INFO: cwwwm1p8_cwm4p50_cb0 : 0.161776928072 pb 
INFO: cwww1p8_cw2p25_cbm20 : 0.16389663017 pb 
INFO: cwww5p4_cw0p00_cb0 : 0.165206207892 pb 
INFO: cwww3p6_cwm2p25_cb0 : 0.163143152248 pb 
INFO: cwwwm3p6_cwm2p25_cb20 : 0.164116268931 pb 
INFO: cwww1p8_cwm4p50_cbm20 : 0.161141572228 pb 
INFO: cwww5p4_cw4p50_cb0 : 0.168089770829 pb 
INFO: cwwwm1p8_cw2p25_cbm20 : 0.163192906494 pb 
INFO: cwww1p8_cwm4p50_cbm10 : 0.161402076823 pb 
INFO: cwww0p0_cwm4p50_cb0 : 0.161652396204 pb 
INFO: cwwwm1p8_cwm2p25_cbm10 : 0.161740372428 pb 
INFO: cwww1p8_cw2p25_cbm10 : 0.164080743856 pb 
INFO: cwwwm3p6_cwm4p50_cb10 : 0.162940504995 pb 
INFO: cwwwm1p8_cw0p00_cbm10 : 0.162438672727 pb 
INFO: cwww0p0_cw2p25_cb20 : 0.165384357143 pb 
INFO: cwww3p6_cw4p50_cbm10 : 0.16643671968 pb 
INFO: cwwwm1p8_cw2p25_cb0 : 0.163795436663 pb 
INFO: cwww5p4_cw4p50_cb10 : 0.168651374326 pb 
INFO: cwww3p6_cw2p25_cbm20 : 0.164762631169 pb 
INFO: cwwwm3p6_cw0p00_cb0 : 0.163142124476 pb 
INFO: cwwwm1p8_cwm2p25_cb0 : 0.162196587013 pb 
INFO: cwww1p8_cwm2p25_cbm20 : 0.161806747053 pb 
INFO: cwww1p8_cw0p00_cb20 : 0.164811662138 pb 
INFO: cwwwm3p6_cw4p50_cb0 : 0.165052742058 pb 
INFO: cwww0p0_cw4p50_cb0 : 0.165239275724 pb 
INFO: cwwwm3p6_cwm2p25_cb0 : 0.162566583217 pb 
INFO: cwwwm1p8_cwm2p25_cbm20 : 0.1614922005 pb 
INFO: cwwwm1p8_cw4p50_cb10 : 0.165562494306 pb 
INFO: cwww3p6_cw2p25_cb0 : 0.16532577033 pb 
INFO: cwww3p6_cw4p50_cbm20 : 0.166284635365 pb 
INFO: cwwwm3p6_cw4p50_cb10 : 0.165647172128 pb 
INFO: cwwwm3p6_cw2p25_cbm10 : 0.163558992408 pb 
INFO: cwww3p6_cw4p50_cb10 : 0.167365015485 pb 
INFO: cwww1p8_cw4p50_cbm10 : 0.165479989411 pb 
INFO: cwww5p4_cw0p00_cb10 : 0.165818738861 pb 
INFO: cwww0p0_cw0p00_cb10 : 0.163571706893 pb 
INFO: cwww1p8_cw0p00_cbm20 : 0.162725099401 pb 
INFO: cwww0p0_cw2p25_cbm10 : 0.163564067532 pb 
INFO: cwwwm1p8_cwm2p25_cb10 : 0.162860843257 pb 
INFO: cwww0p0_cw4p50_cbm20 : 0.164700803297 pb 
INFO: cwwwm3p6_cwm4p50_cbm10 : 0.161755976424 pb 
INFO: cwwwm3p6_cw0p00_cb20 : 0.164640882917 pb 
INFO: cwww0p0_cwm2p25_cbm20 : 0.161478094106 pb 
INFO: cwwwm3p6_cw0p00_cb10 : 0.163787482617 pb 
INFO: cwwwm1p8_cw4p50_cb20 : 0.166358400999 pb 
INFO: cwww5p4_cwm4p50_cbm20 : 0.162632565634 pb 
INFO: cwww0p0_cwm4p50_cbm10 : 0.161177284116 pb 
INFO: cwwwm1p8_cwm4p50_cbm10 : 0.161295250749 pb 
INFO: cwww0p0_cw4p50_cb10 : 0.165820575524 pb 
INFO: cwww5p4_cw2p25_cbm10 : 0.166142375325 pb 
INFO: cwww1p8_cw4p50_cb20 : 0.167204191908 pb 
INFO: cwwwm3p6_cw4p50_cb20 : 0.166449644755 pb 
INFO: cwww5p4_cwm4p50_cb10 : 0.163998815285 pb 
INFO: cwww0p0_cw0p00_cbm10 : 0.162515295005 pb 
INFO: cwww1p8_cw2p25_cb20 : 0.165881338462 pb 
INFO: cwww1p8_cwm2p25_cb0 : 0.162484870829 pb 
INFO: cwww3p6_cw0p00_cbm10 : 0.163696817982 pb 
INFO: cwww5p4_cwm2p25_cbm10 : 0.163714240559 pb 
INFO: cwww3p6_cwm2p25_cbm20 : 0.162478158641 pb 
INFO: cwww5p4_cw0p00_cbm20 : 0.164605272128 pb 
INFO: cwww5p4_cw4p50_cbm20 : 0.16759069041 pb 
INFO: cwwwm1p8_cw0p00_cb10 : 0.163508215285 pb 
INFO: cwww5p4_cwm4p50_cb0 : 0.163335357043 pb 
INFO: cwwwm1p8_cw2p25_cb20 : 0.165230136863 pb 
INFO: cwww1p8_cwm2p25_cb20 : 0.163995164436 pb 
quit
INFO:  
Compiling subprocess P0_ddx_epvewm
Library MENUM=2 compiled with status 0
Library MENUM=3 compiled with status 0
/pool/condor/dir_19850/genproductions/bin/MadGraph5_aMCatNLO/WpWmToLpNujj_01j_aTGC_pTW-150toInf_mWV-150to600_4f_NLO_FXFX/WpWmToLpNujj_01j_aTGC_pTW-150toInf_mWV-150to600_4f_NLO_FXFX_gridpack/work/processtmp
Compiling subprocess P0_ddx_epvewmg
Library MENUM=2 compiled with status 0
Library MENUM=3 compiled with status 0
/pool/condor/dir_19850/genproductions/bin/MadGraph5_aMCatNLO/WpWmToLpNujj_01j_aTGC_pTW-150toInf_mWV-150to600_4f_NLO_FXFX/WpWmToLpNujj_01j_aTGC_pTW-150toInf_mWV-150to600_4f_NLO_FXFX_gridpack/work/processtmp
Compiling subprocess P0_gd_epvewmd
Library MENUM=2 compiled with status 0
Library MENUM=3 compiled with status 0
/pool/condor/dir_19850/genproductions/bin/MadGraph5_aMCatNLO/WpWmToLpNujj_01j_aTGC_pTW-150toInf_mWV-150to600_4f_NLO_FXFX/WpWmToLpNujj_01j_aTGC_pTW-150toInf_mWV-150to600_4f_NLO_FXFX_gridpack/work/processtmp
Compiling subprocess P0_gdx_epvewmdx
Library MENUM=2 compiled with status 0
Library MENUM=3 compiled with status 0
/pool/condor/dir_19850/genproductions/bin/MadGraph5_aMCatNLO/WpWmToLpNujj_01j_aTGC_pTW-150toInf_mWV-150to600_4f_NLO_FXFX/WpWmToLpNujj_01j_aTGC_pTW-150toInf_mWV-150to600_4f_NLO_FXFX_gridpack/work/processtmp
Compiling subprocess P0_gu_epvewmu
Library MENUM=2 compiled with status 0
Library MENUM=3 compiled with status 0
/pool/condor/dir_19850/genproductions/bin/MadGraph5_aMCatNLO/WpWmToLpNujj_01j_aTGC_pTW-150toInf_mWV-150to600_4f_NLO_FXFX/WpWmToLpNujj_01j_aTGC_pTW-150toInf_mWV-150to600_4f_NLO_FXFX_gridpack/work/processtmp
Compiling subprocess P0_gux_epvewmux
Library MENUM=2 compiled with status 0
Library MENUM=3 compiled with status 0
/pool/condor/dir_19850/genproductions/bin/MadGraph5_aMCatNLO/WpWmToLpNujj_01j_aTGC_pTW-150toInf_mWV-150to600_4f_NLO_FXFX/WpWmToLpNujj_01j_aTGC_pTW-150toInf_mWV-150to600_4f_NLO_FXFX_gridpack/work/processtmp
Compiling subprocess P0_uux_epvewm
Library MENUM=2 compiled with status 0
Library MENUM=3 compiled with status 0
/pool/condor/dir_19850/genproductions/bin/MadGraph5_aMCatNLO/WpWmToLpNujj_01j_aTGC_pTW-150toInf_mWV-150to600_4f_NLO_FXFX/WpWmToLpNujj_01j_aTGC_pTW-150toInf_mWV-150to600_4f_NLO_FXFX_gridpack/work/processtmp
Compiling subprocess P0_uux_epvewmg
Library MENUM=2 compiled with status 0
Library MENUM=3 compiled with status 0
/pool/condor/dir_19850/genproductions/bin/MadGraph5_aMCatNLO/WpWmToLpNujj_01j_aTGC_pTW-150toInf_mWV-150to600_4f_NLO_FXFX/WpWmToLpNujj_01j_aTGC_pTW-150toInf_mWV-150to600_4f_NLO_FXFX_gridpack/work/processtmp
Compiling subprocess P1_dcx_epvewmdcx
Library MENUM=2 compiled with status 0
Library MENUM=3 compiled with status 0
/pool/condor/dir_19850/genproductions/bin/MadGraph5_aMCatNLO/WpWmToLpNujj_01j_aTGC_pTW-150toInf_mWV-150to600_4f_NLO_FXFX/WpWmToLpNujj_01j_aTGC_pTW-150toInf_mWV-150to600_4f_NLO_FXFX_gridpack/work/processtmp
Compiling subprocess P1_dd_epvewmdd
Library MENUM=2 compiled with status 0
Library MENUM=3 compiled with status 0
/pool/condor/dir_19850/genproductions/bin/MadGraph5_aMCatNLO/WpWmToLpNujj_01j_aTGC_pTW-150toInf_mWV-150to600_4f_NLO_FXFX/WpWmToLpNujj_01j_aTGC_pTW-150toInf_mWV-150to600_4f_NLO_FXFX_gridpack/work/processtmp
Compiling subprocess P1_ddx_epvewmccx
Library MENUM=2 compiled with status 0
Library MENUM=3 compiled with status 0
/pool/condor/dir_19850/genproductions/bin/MadGraph5_aMCatNLO/WpWmToLpNujj_01j_aTGC_pTW-150toInf_mWV-150to600_4f_NLO_FXFX/WpWmToLpNujj_01j_aTGC_pTW-150toInf_mWV-150to600_4f_NLO_FXFX_gridpack/work/processtmp
Compiling subprocess P1_ddx_epvewmddx
Library MENUM=2 compiled with status 0
Library MENUM=3 compiled with status 0
/pool/condor/dir_19850/genproductions/bin/MadGraph5_aMCatNLO/WpWmToLpNujj_01j_aTGC_pTW-150toInf_mWV-150to600_4f_NLO_FXFX/WpWmToLpNujj_01j_aTGC_pTW-150toInf_mWV-150to600_4f_NLO_FXFX_gridpack/work/processtmp
Compiling subprocess P1_ddx_epvewmgg
Library MENUM=2 compiled with status 0
Library MENUM=3 compiled with status 0
/pool/condor/dir_19850/genproductions/bin/MadGraph5_aMCatNLO/WpWmToLpNujj_01j_aTGC_pTW-150toInf_mWV-150to600_4f_NLO_FXFX/WpWmToLpNujj_01j_aTGC_pTW-150toInf_mWV-150to600_4f_NLO_FXFX_gridpack/work/processtmp
Compiling subprocess P1_ddx_epvewmssx
Library MENUM=2 compiled with status 0
Library MENUM=3 compiled with status 0
/pool/condor/dir_19850/genproductions/bin/MadGraph5_aMCatNLO/WpWmToLpNujj_01j_aTGC_pTW-150toInf_mWV-150to600_4f_NLO_FXFX/WpWmToLpNujj_01j_aTGC_pTW-150toInf_mWV-150to600_4f_NLO_FXFX_gridpack/work/processtmp
Compiling subprocess P1_ddx_epvewmuux
Library MENUM=2 compiled with status 0
Library MENUM=3 compiled with status 0
/pool/condor/dir_19850/genproductions/bin/MadGraph5_aMCatNLO/WpWmToLpNujj_01j_aTGC_pTW-150toInf_mWV-150to600_4f_NLO_FXFX/WpWmToLpNujj_01j_aTGC_pTW-150toInf_mWV-150to600_4f_NLO_FXFX_gridpack/work/processtmp
Compiling subprocess P1_ds_epvewmds
Library MENUM=2 compiled with status 0
Library MENUM=3 compiled with status 0
/pool/condor/dir_19850/genproductions/bin/MadGraph5_aMCatNLO/WpWmToLpNujj_01j_aTGC_pTW-150toInf_mWV-150to600_4f_NLO_FXFX/WpWmToLpNujj_01j_aTGC_pTW-150toInf_mWV-150to600_4f_NLO_FXFX_gridpack/work/processtmp
Compiling subprocess P1_dsx_epvewmdsx
Library MENUM=2 compiled with status 0
Library MENUM=3 compiled with status 0
/pool/condor/dir_19850/genproductions/bin/MadGraph5_aMCatNLO/WpWmToLpNujj_01j_aTGC_pTW-150toInf_mWV-150to600_4f_NLO_FXFX/WpWmToLpNujj_01j_aTGC_pTW-150toInf_mWV-150to600_4f_NLO_FXFX_gridpack/work/processtmp
Compiling subprocess P1_dsx_epvewmucx
Library MENUM=2 compiled with status 0
Library MENUM=3 compiled with status 0
/pool/condor/dir_19850/genproductions/bin/MadGraph5_aMCatNLO/WpWmToLpNujj_01j_aTGC_pTW-150toInf_mWV-150to600_4f_NLO_FXFX/WpWmToLpNujj_01j_aTGC_pTW-150toInf_mWV-150to600_4f_NLO_FXFX_gridpack/work/processtmp
Compiling subprocess P1_dux_epvewmdux
Library MENUM=2 compiled with status 0
Library MENUM=3 compiled with status 0
/pool/condor/dir_19850/genproductions/bin/MadGraph5_aMCatNLO/WpWmToLpNujj_01j_aTGC_pTW-150toInf_mWV-150to600_4f_NLO_FXFX/WpWmToLpNujj_01j_aTGC_pTW-150toInf_mWV-150to600_4f_NLO_FXFX_gridpack/work/processtmp
Compiling subprocess P1_dux_epvewmscx
Library MENUM=2 compiled with status 0
Library MENUM=3 compiled with status 0
/pool/condor/dir_19850/genproductions/bin/MadGraph5_aMCatNLO/WpWmToLpNujj_01j_aTGC_pTW-150toInf_mWV-150to600_4f_NLO_FXFX/WpWmToLpNujj_01j_aTGC_pTW-150toInf_mWV-150to600_4f_NLO_FXFX_gridpack/work/processtmp
Compiling subprocess P1_dxdx_epvewmdxdx
Library MENUM=2 compiled with status 0
Library MENUM=3 compiled with status 0
/pool/condor/dir_19850/genproductions/bin/MadGraph5_aMCatNLO/WpWmToLpNujj_01j_aTGC_pTW-150toInf_mWV-150to600_4f_NLO_FXFX/WpWmToLpNujj_01j_aTGC_pTW-150toInf_mWV-150to600_4f_NLO_FXFX_gridpack/work/processtmp
Compiling subprocess P1_dxsx_epvewmdxsx
Library MENUM=2 compiled with status 0
Library MENUM=3 compiled with status 0
/pool/condor/dir_19850/genproductions/bin/MadGraph5_aMCatNLO/WpWmToLpNujj_01j_aTGC_pTW-150toInf_mWV-150to600_4f_NLO_FXFX/WpWmToLpNujj_01j_aTGC_pTW-150toInf_mWV-150to600_4f_NLO_FXFX_gridpack/work/processtmp
Compiling subprocess P1_gd_epvewmgd
Library MENUM=2 compiled with status 0
Library MENUM=3 compiled with status 0
/pool/condor/dir_19850/genproductions/bin/MadGraph5_aMCatNLO/WpWmToLpNujj_01j_aTGC_pTW-150toInf_mWV-150to600_4f_NLO_FXFX/WpWmToLpNujj_01j_aTGC_pTW-150toInf_mWV-150to600_4f_NLO_FXFX_gridpack/work/processtmp
Compiling subprocess P1_gdx_epvewmgdx
Library MENUM=2 compiled with status 0
Library MENUM=3 compiled with status 0
/pool/condor/dir_19850/genproductions/bin/MadGraph5_aMCatNLO/WpWmToLpNujj_01j_aTGC_pTW-150toInf_mWV-150to600_4f_NLO_FXFX/WpWmToLpNujj_01j_aTGC_pTW-150toInf_mWV-150to600_4f_NLO_FXFX_gridpack/work/processtmp
Compiling subprocess P1_gg_epvewmddx
Library MENUM=2 compiled with status 0
Library MENUM=3 compiled with status 0
/pool/condor/dir_19850/genproductions/bin/MadGraph5_aMCatNLO/WpWmToLpNujj_01j_aTGC_pTW-150toInf_mWV-150to600_4f_NLO_FXFX/WpWmToLpNujj_01j_aTGC_pTW-150toInf_mWV-150to600_4f_NLO_FXFX_gridpack/work/processtmp
Compiling subprocess P1_gg_epvewmuux
Library MENUM=2 compiled with status 0
Library MENUM=3 compiled with status 0
/pool/condor/dir_19850/genproductions/bin/MadGraph5_aMCatNLO/WpWmToLpNujj_01j_aTGC_pTW-150toInf_mWV-150to600_4f_NLO_FXFX/WpWmToLpNujj_01j_aTGC_pTW-150toInf_mWV-150to600_4f_NLO_FXFX_gridpack/work/processtmp
Compiling subprocess P1_gu_epvewmgu
Library MENUM=2 compiled with status 0
Library MENUM=3 compiled with status 0
/pool/condor/dir_19850/genproductions/bin/MadGraph5_aMCatNLO/WpWmToLpNujj_01j_aTGC_pTW-150toInf_mWV-150to600_4f_NLO_FXFX/WpWmToLpNujj_01j_aTGC_pTW-150toInf_mWV-150to600_4f_NLO_FXFX_gridpack/work/processtmp
Compiling subprocess P1_gux_epvewmgux
Library MENUM=2 compiled with status 0
Library MENUM=3 compiled with status 0
/pool/condor/dir_19850/genproductions/bin/MadGraph5_aMCatNLO/WpWmToLpNujj_01j_aTGC_pTW-150toInf_mWV-150to600_4f_NLO_FXFX/WpWmToLpNujj_01j_aTGC_pTW-150toInf_mWV-150to600_4f_NLO_FXFX_gridpack/work/processtmp
Compiling subprocess P1_uc_epvewmuc
Library MENUM=2 compiled with status 0
Library MENUM=3 compiled with status 0
/pool/condor/dir_19850/genproductions/bin/MadGraph5_aMCatNLO/WpWmToLpNujj_01j_aTGC_pTW-150toInf_mWV-150to600_4f_NLO_FXFX/WpWmToLpNujj_01j_aTGC_pTW-150toInf_mWV-150to600_4f_NLO_FXFX_gridpack/work/processtmp
Compiling subprocess P1_ucx_epvewmdsx
Library MENUM=2 compiled with status 0
Library MENUM=3 compiled with status 0
/pool/condor/dir_19850/genproductions/bin/MadGraph5_aMCatNLO/WpWmToLpNujj_01j_aTGC_pTW-150toInf_mWV-150to600_4f_NLO_FXFX/WpWmToLpNujj_01j_aTGC_pTW-150toInf_mWV-150to600_4f_NLO_FXFX_gridpack/work/processtmp
Compiling subprocess P1_ucx_epvewmucx
Library MENUM=2 compiled with status 0
Library MENUM=3 compiled with status 0
/pool/condor/dir_19850/genproductions/bin/MadGraph5_aMCatNLO/WpWmToLpNujj_01j_aTGC_pTW-150toInf_mWV-150to600_4f_NLO_FXFX/WpWmToLpNujj_01j_aTGC_pTW-150toInf_mWV-150to600_4f_NLO_FXFX_gridpack/work/processtmp
Compiling subprocess P1_ud_epvewmud
Library MENUM=2 compiled with status 0
Library MENUM=3 compiled with status 0
/pool/condor/dir_19850/genproductions/bin/MadGraph5_aMCatNLO/WpWmToLpNujj_01j_aTGC_pTW-150toInf_mWV-150to600_4f_NLO_FXFX/WpWmToLpNujj_01j_aTGC_pTW-150toInf_mWV-150to600_4f_NLO_FXFX_gridpack/work/processtmp
Compiling subprocess P1_udx_epvewmcsx
Library MENUM=2 compiled with status 0
Library MENUM=3 compiled with status 0
/pool/condor/dir_19850/genproductions/bin/MadGraph5_aMCatNLO/WpWmToLpNujj_01j_aTGC_pTW-150toInf_mWV-150to600_4f_NLO_FXFX/WpWmToLpNujj_01j_aTGC_pTW-150toInf_mWV-150to600_4f_NLO_FXFX_gridpack/work/processtmp
Compiling subprocess P1_udx_epvewmudx
Library MENUM=2 compiled with status 0
Library MENUM=3 compiled with status 0
/pool/condor/dir_19850/genproductions/bin/MadGraph5_aMCatNLO/WpWmToLpNujj_01j_aTGC_pTW-150toInf_mWV-150to600_4f_NLO_FXFX/WpWmToLpNujj_01j_aTGC_pTW-150toInf_mWV-150to600_4f_NLO_FXFX_gridpack/work/processtmp
Compiling subprocess P1_us_epvewmcd
Library MENUM=2 compiled with status 0
Library MENUM=3 compiled with status 0
/pool/condor/dir_19850/genproductions/bin/MadGraph5_aMCatNLO/WpWmToLpNujj_01j_aTGC_pTW-150toInf_mWV-150to600_4f_NLO_FXFX/WpWmToLpNujj_01j_aTGC_pTW-150toInf_mWV-150to600_4f_NLO_FXFX_gridpack/work/processtmp
Compiling subprocess P1_us_epvewmus
Library MENUM=2 compiled with status 0
Library MENUM=3 compiled with status 0
/pool/condor/dir_19850/genproductions/bin/MadGraph5_aMCatNLO/WpWmToLpNujj_01j_aTGC_pTW-150toInf_mWV-150to600_4f_NLO_FXFX/WpWmToLpNujj_01j_aTGC_pTW-150toInf_mWV-150to600_4f_NLO_FXFX_gridpack/work/processtmp
Compiling subprocess P1_usx_epvewmusx
Library MENUM=2 compiled with status 0
Library MENUM=3 compiled with status 0
/pool/condor/dir_19850/genproductions/bin/MadGraph5_aMCatNLO/WpWmToLpNujj_01j_aTGC_pTW-150toInf_mWV-150to600_4f_NLO_FXFX/WpWmToLpNujj_01j_aTGC_pTW-150toInf_mWV-150to600_4f_NLO_FXFX_gridpack/work/processtmp
Compiling subprocess P1_uu_epvewmuu
Library MENUM=2 compiled with status 0
Library MENUM=3 compiled with status 0
/pool/condor/dir_19850/genproductions/bin/MadGraph5_aMCatNLO/WpWmToLpNujj_01j_aTGC_pTW-150toInf_mWV-150to600_4f_NLO_FXFX/WpWmToLpNujj_01j_aTGC_pTW-150toInf_mWV-150to600_4f_NLO_FXFX_gridpack/work/processtmp
Compiling subprocess P1_uux_epvewmccx
Library MENUM=2 compiled with status 0
Library MENUM=3 compiled with status 0
/pool/condor/dir_19850/genproductions/bin/MadGraph5_aMCatNLO/WpWmToLpNujj_01j_aTGC_pTW-150toInf_mWV-150to600_4f_NLO_FXFX/WpWmToLpNujj_01j_aTGC_pTW-150toInf_mWV-150to600_4f_NLO_FXFX_gridpack/work/processtmp
Compiling subprocess P1_uux_epvewmddx
Library MENUM=2 compiled with status 0
Library MENUM=3 compiled with status 0
/pool/condor/dir_19850/genproductions/bin/MadGraph5_aMCatNLO/WpWmToLpNujj_01j_aTGC_pTW-150toInf_mWV-150to600_4f_NLO_FXFX/WpWmToLpNujj_01j_aTGC_pTW-150toInf_mWV-150to600_4f_NLO_FXFX_gridpack/work/processtmp
Compiling subprocess P1_uux_epvewmgg
Library MENUM=2 compiled with status 0
Library MENUM=3 compiled with status 0
/pool/condor/dir_19850/genproductions/bin/MadGraph5_aMCatNLO/WpWmToLpNujj_01j_aTGC_pTW-150toInf_mWV-150to600_4f_NLO_FXFX/WpWmToLpNujj_01j_aTGC_pTW-150toInf_mWV-150to600_4f_NLO_FXFX_gridpack/work/processtmp
Compiling subprocess P1_uux_epvewmssx
Library MENUM=2 compiled with status 0
Library MENUM=3 compiled with status 0
/pool/condor/dir_19850/genproductions/bin/MadGraph5_aMCatNLO/WpWmToLpNujj_01j_aTGC_pTW-150toInf_mWV-150to600_4f_NLO_FXFX/WpWmToLpNujj_01j_aTGC_pTW-150toInf_mWV-150to600_4f_NLO_FXFX_gridpack/work/processtmp
Compiling subprocess P1_uux_epvewmuux
Library MENUM=2 compiled with status 0
Library MENUM=3 compiled with status 0
/pool/condor/dir_19850/genproductions/bin/MadGraph5_aMCatNLO/WpWmToLpNujj_01j_aTGC_pTW-150toInf_mWV-150to600_4f_NLO_FXFX/WpWmToLpNujj_01j_aTGC_pTW-150toInf_mWV-150to600_4f_NLO_FXFX_gridpack/work/processtmp
Compiling subprocess P1_uxcx_epvewmuxcx
Library MENUM=2 compiled with status 0
Library MENUM=3 compiled with status 0
/pool/condor/dir_19850/genproductions/bin/MadGraph5_aMCatNLO/WpWmToLpNujj_01j_aTGC_pTW-150toInf_mWV-150to600_4f_NLO_FXFX/WpWmToLpNujj_01j_aTGC_pTW-150toInf_mWV-150to600_4f_NLO_FXFX_gridpack/work/processtmp
Compiling subprocess P1_uxdx_epvewmuxdx
Library MENUM=2 compiled with status 0
Library MENUM=3 compiled with status 0
/pool/condor/dir_19850/genproductions/bin/MadGraph5_aMCatNLO/WpWmToLpNujj_01j_aTGC_pTW-150toInf_mWV-150to600_4f_NLO_FXFX/WpWmToLpNujj_01j_aTGC_pTW-150toInf_mWV-150to600_4f_NLO_FXFX_gridpack/work/processtmp
Compiling subprocess P1_uxsx_epvewmcxdx
Library MENUM=2 compiled with status 0
Library MENUM=3 compiled with status 0
/pool/condor/dir_19850/genproductions/bin/MadGraph5_aMCatNLO/WpWmToLpNujj_01j_aTGC_pTW-150toInf_mWV-150to600_4f_NLO_FXFX/WpWmToLpNujj_01j_aTGC_pTW-150toInf_mWV-150to600_4f_NLO_FXFX_gridpack/work/processtmp
Compiling subprocess P1_uxsx_epvewmuxsx
Library MENUM=2 compiled with status 0
Library MENUM=3 compiled with status 0
/pool/condor/dir_19850/genproductions/bin/MadGraph5_aMCatNLO/WpWmToLpNujj_01j_aTGC_pTW-150toInf_mWV-150to600_4f_NLO_FXFX/WpWmToLpNujj_01j_aTGC_pTW-150toInf_mWV-150to600_4f_NLO_FXFX_gridpack/work/processtmp
Compiling subprocess P1_uxux_epvewmuxux
Library MENUM=2 compiled with status 0
Library MENUM=3 compiled with status 0
/pool/condor/dir_19850/genproductions/bin/MadGraph5_aMCatNLO/WpWmToLpNujj_01j_aTGC_pTW-150toInf_mWV-150to600_4f_NLO_FXFX/WpWmToLpNujj_01j_aTGC_pTW-150toInf_mWV-150to600_4f_NLO_FXFX_gridpack/work/processtmp
finished pilot run
cleaning unneeded files from gridpack
Saving log file(s)
Creating tarball
Gridpack created successfully at /pool/condor/dir_19850/genproductions/bin/MadGraph5_aMCatNLO/WpWmToLpNujj_01j_aTGC_pTW-150toInf_mWV-150to600_4f_NLO_FXFX_slc7_amd64_gcc700_CMSSW_10_6_19_tarball.tar.xz
End of job
